Date,4 WEEKS BANK DISCOUNT,4 WEEKS COUPON EQUIVALENT,8 WEEKS BANK DISCOUNT,8 WEEKS COUPON EQUIVALENT,13 WEEKS BANK DISCOUNT,13 WEEKS COUPON EQUIVALENT,26 WEEKS BANK DISCOUNT,26 WEEKS COUPON EQUIVALENT,52 WEEKS BANK DISCOUNT,52 WEEKS COUPON EQUIVALENT,,
12/31/2024,4.22,4.29,4.2,4.29,4.23,4.34,4.19,4.31,4.13,4.28,3.98,4.16
12/30/2024,4.25,4.32,4.24,4.33,4.23,4.34,4.19,4.31,4.14,4.29,3.99,4.17
12/27/2024,4.25,4.32,4.25,4.34,4.19,4.29,4.21,4.33,4.16,4.31,4.02,4.2
12/26/2024,4.26,4.33,4.27,4.36,4.24,4.34,4.23,4.35,4.18,4.33,4.05,4.24
12/24/2024,4.25,4.32,4.26,4.35,4.28,4.39,4.24,4.36,4.17,4.32,4.05,4.24
12/23/2024,4.25,4.32,4.27,4.36,4.24,4.35,4.23,4.35,4.16,4.31,4.07,4.26
12/20/2024,4.24,4.31,4.24,4.33,4.23,4.33,4.21,4.33,4.15,4.3,4.08,4.26
12/19/2024,4.23,4.3,4.23,4.32,4.23,4.33,4.21,4.33,4.15,4.3,4.09,4.27
12/18/2024,4.25,4.32,4.26,4.35,4.25,4.36,4.22,4.34,4.17,4.32,4.11,4.29
12/17/2024,4.27,4.34,4.27,4.36,4.26,4.37,4.22,4.34,4.17,4.32,4.07,4.25
12/16/2024,4.24,4.31,4.26,4.35,4.25,4.36,4.22,4.34,4.16,4.31,4.06,4.24
12/13/2024,4.24,4.31,4.25,4.34,4.23,4.33,4.22,4.34,4.18,4.33,4.06,4.24
12/12/2024,4.24,4.31,4.25,4.34,4.23,4.33,4.22,4.34,4.17,4.32,4.04,4.22
12/11/2024,4.3,4.37,4.28,4.37,4.26,4.37,4.24,4.36,4.18,4.33,4.03,4.21
12/10/2024,4.34,4.41,4.3,4.39,4.29,4.4,4.28,4.4,4.21,4.36,4.04,4.22
12/09/2024,4.37,4.45,4.32,4.41,4.3,4.41,4.28,4.4,4.2,4.35,4.02,4.2
12/06/2024,4.37,4.45,4.32,4.41,4.31,4.42,4.28,4.4,4.2,4.35,4.01,4.19
12/05/2024,4.39,4.47,4.34,4.43,4.34,4.45,4.31,4.43,4.24,4.39,4.05,4.23
12/04/2024,4.46,4.54,4.36,4.45,4.35,4.46,4.31,4.43,4.24,4.39,4.04,4.22
12/03/2024,4.47,4.55,4.38,4.47,4.36,4.47,4.33,4.45,4.26,4.41,4.08,4.27
12/02/2024,4.55,4.63,4.45,4.54,4.38,4.49,4.36,4.49,4.29,4.45,4.11,4.3
11/29/2024,4.55,4.63,4.48,4.57,4.39,4.5,4.37,4.5,4.3,4.45,4.11,4.3
11/27/2024,4.55,4.63,4.49,4.58,4.4,4.51,4.39,4.52,4.31,4.47,4.14,4.33
11/26/2024,4.56,4.64,4.47,4.56,4.4,4.51,4.4,4.53,4.32,4.48,4.17,4.37
11/25/2024,4.56,4.64,4.47,4.56,4.42,4.53,4.4,4.53,4.34,4.5,4.2,4.39
11/22/2024,4.53,4.61,4.47,4.56,4.43,4.54,4.4,4.53,4.34,4.5,4.22,4.41
11/21/2024,4.54,4.62,4.47,4.56,4.43,4.54,4.39,4.52,4.33,4.49,4.2,4.39
11/20/2024,4.5,4.58,4.43,4.52,4.42,4.53,4.38,4.51,4.32,4.48,4.18,4.37
11/19/2024,4.49,4.57,4.43,4.52,4.41,4.52,4.39,4.52,4.32,4.48,4.16,4.35
11/18/2024,4.52,4.6,4.45,4.54,4.42,4.53,4.4,4.53,4.31,4.47,4.15,4.34
11/15/2024,4.52,4.6,4.47,4.56,4.41,4.52,4.39,4.52,4.32,4.48,4.15,4.34
11/14/2024,4.52,4.6,4.48,4.57,4.41,4.52,4.4,4.53,4.31,4.47,4.17,4.36
11/13/2024,4.51,4.59,4.48,4.57,4.4,4.51,4.37,4.5,4.28,4.44,4.12,4.31
11/12/2024,4.52,4.6,4.5,4.59,4.43,4.54,4.42,4.55,4.32,4.48,4.19,4.38
11/08/2024,4.51,4.59,4.49,4.58,4.43,4.54,4.4,4.53,4.3,4.45,4.13,4.32
11/07/2024,4.51,4.59,4.49,4.58,4.43,4.54,4.39,4.52,4.28,4.43,4.1,4.29
11/06/2024,4.5,4.58,4.51,4.6,4.44,4.55,4.4,4.53,4.29,4.45,4.12,4.31
11/05/2024,4.54,4.62,4.52,4.61,4.43,4.54,4.38,4.51,4.27,4.42,4.08,4.27
11/04/2024,4.56,4.64,4.54,4.64,4.44,4.55,4.39,4.52,4.27,4.42,4.06,4.25
11/01/2024,4.57,4.65,4.54,4.64,4.41,4.52,4.4,4.53,4.3,4.45,4.09,4.28
10/31/2024,4.58,4.66,4.55,4.65,4.44,4.55,4.42,4.55,4.31,4.47,4.08,4.27
10/30/2024,4.67,4.75,4.6,4.7,4.47,4.58,4.43,4.56,4.32,4.48,4.09,4.28
10/29/2024,4.67,4.75,4.6,4.7,4.49,4.6,4.46,4.59,4.33,4.49,4.1,4.29
10/28/2024,4.66,4.74,4.6,4.7,4.49,4.6,4.47,4.6,4.33,4.49,4.12,4.3
10/25/2024,4.67,4.75,4.6,4.7,4.52,4.63,4.47,4.6,4.37,4.53,4.12,4.3
10/24/2024,4.66,4.74,4.6,4.7,4.5,4.61,4.45,4.58,4.34,4.5,4.09,4.27
10/23/2024,4.67,4.75,4.63,4.73,4.52,4.64,4.45,4.58,4.34,4.5,4.1,4.28
10/22/2024,4.68,4.76,4.63,4.73,4.51,4.63,4.47,4.6,4.32,4.48,4.07,4.25
10/21/2024,4.7,4.78,4.64,4.74,4.51,4.63,4.47,4.6,4.32,4.48,4.07,4.25
10/18/2024,4.7,4.78,4.63,4.73,4.53,4.64,4.44,4.57,4.31,4.47,4.02,4.2
10/17/2024,4.71,4.79,4.64,4.74,4.54,4.66,4.44,4.57,4.3,4.46,4.04,4.22
10/16/2024,4.71,4.79,4.63,4.73,4.51,4.63,4.43,4.56,4.28,4.44,4.01,4.19
10/15/2024,4.72,4.8,4.64,4.74,4.52,4.64,4.46,4.59,4.28,4.44,4.01,4.19
10/11/2024,4.75,4.83,4.64,4.74,4.53,4.64,4.45,4.58,4.3,4.45,4.01,4.19
10/10/2024,4.76,4.84,4.65,4.75,4.54,4.66,4.44,4.57,4.31,4.47,4.04,4.22
10/09/2024,4.72,4.8,4.67,4.77,4.54,4.66,4.44,4.57,4.31,4.47,4.06,4.25
10/08/2024,4.75,4.83,4.67,4.77,4.53,4.65,4.46,4.59,4.29,4.45,4.03,4.21
10/07/2024,4.78,4.86,4.69,4.79,4.55,4.67,4.48,4.61,4.3,4.46,4.06,4.25
10/04/2024,4.78,4.86,4.69,4.79,4.53,4.64,4.48,4.61,4.31,4.47,4.01,4.19
10/03/2024,4.76,4.84,4.66,4.76,4.48,4.59,4.41,4.54,4.23,4.38,3.84,4.01
10/02/2024,4.73,4.81,4.66,4.76,4.48,4.59,4.41,4.54,4.22,4.37,3.8,3.97
10/01/2024,4.76,4.84,4.69,4.79,4.5,4.61,4.44,4.57,4.22,4.37,3.79,3.96
09/30/2024,4.74,4.82,4.68,4.78,4.52,4.64,4.46,4.59,4.23,4.38,3.85,4.01
09/27/2024,4.71,4.79,4.65,4.75,4.5,4.61,4.43,4.56,4.24,4.39,3.78,3.94
09/26/2024,4.7,4.78,4.66,4.76,4.5,4.61,4.44,4.57,4.26,4.41,3.82,3.98
09/25/2024,4.6,4.68,4.59,4.69,4.51,4.63,4.43,4.56,4.24,4.39,3.76,3.92
09/24/2024,4.59,4.67,4.59,4.69,4.5,4.61,4.44,4.57,4.23,4.38,3.75,3.91
09/23/2024,4.66,4.74,4.65,4.75,4.53,4.65,4.46,4.59,4.26,4.41,3.78,3.94
09/20/2024,4.68,4.76,4.67,4.77,4.56,4.67,4.49,4.62,4.31,4.47,3.78,3.94
09/19/2024,4.69,4.77,4.69,4.79,4.61,4.73,4.52,4.65,4.34,4.5,3.79,3.95
09/18/2024,4.71,4.79,4.7,4.8,4.65,4.77,4.54,4.67,4.37,4.53,3.81,3.97
09/17/2024,4.84,4.93,4.83,4.93,4.75,4.87,4.66,4.8,4.41,4.57,3.84,4.01
09/16/2024,4.9,4.99,4.88,4.99,4.75,4.87,4.67,4.81,4.41,4.57,3.81,3.97
09/13/2024,4.94,5.03,4.94,5.05,4.78,4.9,4.69,4.83,4.48,4.65,3.85,4.02
09/12/2024,4.97,5.06,4.98,5.09,4.85,4.98,4.74,4.88,4.54,4.71,3.93,4.1
09/11/2024,5,5.09,4.96,5.07,4.89,5.02,4.76,4.9,4.58,4.75,3.95,4.13
09/10/2024,4.97,5.06,4.95,5.06,4.85,4.98,4.71,4.85,4.51,4.68,3.9,4.07
09/09/2024,5.03,5.12,5.02,5.13,4.89,5.02,4.78,4.92,4.53,4.7,3.95,4.13
09/06/2024,5.06,5.15,5.04,5.15,4.93,5.06,4.79,4.93,4.56,4.73,3.93,4.11
09/05/2024,5.08,5.17,5.04,5.15,4.94,5.07,4.8,4.95,4.59,4.76,4.02,4.2
09/04/2024,5.11,5.2,5.08,5.19,4.96,5.09,4.81,4.96,4.6,4.77,4.04,4.23
09/03/2024,5.16,5.25,5.1,5.21,4.97,5.1,4.88,5.03,4.65,4.83,4.15,4.34
08/30/2024,5.18,5.27,5.11,5.22,4.98,5.11,4.88,5.03,4.69,4.87,4.23,4.42
08/29/2024,5.18,5.27,5.1,5.21,4.98,5.11,4.88,5.03,4.68,4.86,4.23,4.42
08/28/2024,5.23,5.32,5.13,5.24,4.96,5.09,4.88,5.03,4.66,4.84,4.21,4.4
08/27/2024,5.24,5.33,5.13,5.24,4.98,5.11,4.92,5.07,4.67,4.85,4.19,4.38
08/26/2024,5.24,5.33,5.14,5.25,4.98,5.11,4.93,5.08,4.69,4.87,4.22,4.41
08/23/2024,5.25,5.34,5.13,5.24,5.01,5.14,4.92,5.07,4.71,4.89,4.19,4.38
08/22/2024,5.24,5.33,5.13,5.24,5.04,5.18,4.93,5.08,4.74,4.92,4.26,4.46
08/21/2024,5.21,5.3,5.12,5.23,5.02,5.16,4.91,5.06,4.7,4.88,4.19,4.38
08/20/2024,5.23,5.32,5.15,5.26,5.04,5.18,4.97,5.12,4.74,4.92,4.25,4.45
08/19/2024,5.26,5.35,5.17,5.28,5.06,5.2,4.99,5.14,4.77,4.96,4.3,4.5
08/16/2024,5.27,5.37,5.17,5.28,5.08,5.21,4.99,5.14,4.8,4.98,4.3,4.5
08/15/2024,5.26,5.35,5.18,5.29,5.09,5.23,5,5.15,4.82,5.01,4.33,4.54
08/14/2024,5.24,5.33,5.17,5.28,5.07,5.21,4.98,5.13,4.77,4.96,4.23,4.43
08/13/2024,5.23,5.32,5.17,5.28,5.06,5.2,4.98,5.13,4.75,4.93,4.21,4.41
08/12/2024,5.27,5.37,5.18,5.29,5.07,5.21,4.99,5.14,4.79,4.98,4.27,4.47
08/09/2024,5.28,5.38,5.18,5.29,5.09,5.22,5,5.15,4.8,4.98,4.29,4.49
08/08/2024,5.29,5.39,5.19,5.3,5.09,5.23,4.99,5.14,4.79,4.98,4.28,4.49
08/07/2024,5.25,5.34,5.21,5.32,5.09,5.23,4.98,5.13,4.77,4.96,4.24,4.44
08/06/2024,5.24,5.33,5.21,5.32,5.09,5.23,4.98,5.13,4.77,4.96,4.25,4.45
08/05/2024,5.26,5.35,5.21,5.33,5.09,5.23,4.94,5.09,4.69,4.87,4.2,4.39
08/02/2024,5.27,5.37,5.2,5.32,5.05,5.18,4.92,5.07,4.68,4.86,4.18,4.37
08/01/2024,5.28,5.38,5.23,5.35,5.12,5.26,5.05,5.21,4.85,5.04,4.44,4.65
07/31/2024,5.28,5.37,5.26,5.38,5.15,5.29,5.09,5.25,4.91,5.1,4.55,4.77
07/30/2024,5.29,5.38,5.26,5.38,5.14,5.28,5.11,5.27,4.92,5.12,4.58,4.8
07/29/2024,5.29,5.39,5.27,5.39,5.15,5.29,5.11,5.27,4.94,5.14,4.59,4.81
07/26/2024,5.28,5.38,5.26,5.38,5.16,5.3,5.11,5.27,4.95,5.14,4.59,4.81
07/25/2024,5.29,5.39,5.26,5.38,5.17,5.31,5.11,5.27,4.95,5.15,4.62,4.85
07/24/2024,5.29,5.38,5.27,5.39,5.18,5.32,5.12,5.28,4.96,5.16,4.62,4.85
07/23/2024,5.28,5.37,5.27,5.39,5.18,5.32,5.13,5.29,4.98,5.18,4.65,4.88
07/22/2024,5.28,5.38,5.27,5.39,5.19,5.33,5.14,5.3,5,5.2,4.66,4.89
07/19/2024,5.28,5.38,5.26,5.38,5.2,5.34,5.14,5.3,5,5.2,4.65,4.88
07/18/2024,5.27,5.37,5.26,5.38,5.21,5.35,5.14,5.3,5,5.2,4.64,4.87
07/17/2024,5.25,5.34,5.26,5.38,5.2,5.34,5.14,5.3,4.99,5.19,4.62,4.85
07/16/2024,5.27,5.36,5.26,5.38,5.2,5.34,5.15,5.31,4.99,5.19,4.62,4.85
07/15/2024,5.28,5.38,5.26,5.38,5.2,5.34,5.15,5.31,4.99,5.19,4.62,4.85
07/12/2024,5.27,5.37,5.26,5.38,5.21,5.35,5.15,5.31,5,5.2,4.64,4.87
07/11/2024,5.28,5.38,5.27,5.39,5.21,5.35,5.16,5.32,5.01,5.21,4.67,4.91
07/10/2024,5.24,5.33,5.24,5.35,5.23,5.37,5.2,5.36,5.09,5.3,4.76,5.01
07/09/2024,5.24,5.33,5.25,5.37,5.23,5.37,5.2,5.36,5.09,5.3,4.77,5.02
07/08/2024,5.27,5.37,5.27,5.39,5.23,5.37,5.2,5.36,5.08,5.29,4.78,5.02
07/05/2024,5.28,5.38,5.27,5.39,5.23,5.37,5.2,5.36,5.09,5.29,4.77,5.01
07/03/2024,5.28,5.38,5.27,5.39,5.24,5.38,5.2,5.36,5.11,5.32,4.82,5.06
07/02/2024,5.28,5.37,5.27,5.39,5.24,5.38,5.21,5.37,5.11,5.32,4.85,5.1
07/01/2024,5.28,5.38,5.27,5.39,5.24,5.38,5.22,5.39,5.12,5.33,4.87,5.12
06/28/2024,5.27,5.37,5.27,5.39,5.22,5.36,5.22,5.39,5.11,5.32,4.86,5.11
06/27/2024,5.27,5.37,5.26,5.38,5.23,5.37,5.22,5.39,5.12,5.33,4.87,5.12
06/26/2024,5.24,5.33,5.25,5.37,5.24,5.38,5.22,5.39,5.14,5.35,4.89,5.14
06/25/2024,5.23,5.32,5.25,5.37,5.23,5.37,5.22,5.38,5.14,5.35,4.86,5.11
06/24/2024,5.22,5.31,5.25,5.37,5.24,5.38,5.22,5.39,5.14,5.35,4.86,5.11
06/21/2024,5.22,5.31,5.26,5.38,5.23,5.37,5.22,5.39,5.14,5.35,4.86,5.11
06/20/2024,5.22,5.31,5.26,5.38,5.24,5.38,5.22,5.39,5.15,5.36,4.86,5.11
06/18/2024,5.2,5.29,5.25,5.37,5.24,5.38,5.22,5.38,5.15,5.36,4.84,5.09
06/17/2024,5.25,5.34,5.27,5.39,5.25,5.39,5.23,5.4,5.16,5.37,4.86,5.11
06/14/2024,5.26,5.35,5.26,5.38,5.25,5.39,5.22,5.39,5.14,5.35,4.81,5.06
06/13/2024,5.27,5.37,5.27,5.39,5.25,5.39,5.22,5.39,5.14,5.35,4.82,5.07
06/12/2024,5.26,5.35,5.26,5.38,5.25,5.39,5.24,5.41,5.15,5.36,4.87,5.13
06/11/2024,5.26,5.35,5.26,5.38,5.25,5.39,5.23,5.4,5.16,5.37,4.9,5.16
06/10/2024,5.27,5.37,5.27,5.39,5.25,5.39,5.24,5.41,5.17,5.38,4.93,5.18
06/07/2024,5.27,5.37,5.27,5.39,5.26,5.4,5.24,5.41,5.17,5.38,4.94,5.19
06/06/2024,5.27,5.37,5.27,5.39,5.25,5.39,5.22,5.39,5.14,5.35,4.85,5.09
06/05/2024,5.28,5.37,5.28,5.4,5.25,5.39,5.22,5.39,5.14,5.35,4.86,5.11
06/04/2024,5.28,5.37,5.27,5.39,5.25,5.39,5.22,5.38,5.15,5.36,4.88,5.13
06/03/2024,5.28,5.38,5.28,5.4,5.26,5.4,5.23,5.4,5.16,5.37,4.9,5.15
05/31/2024,5.27,5.37,5.27,5.39,5.25,5.39,5.23,5.4,5.17,5.38,4.94,5.19
05/30/2024,5.28,5.38,5.28,5.4,5.26,5.4,5.24,5.41,5.17,5.38,4.95,5.21
05/29/2024,5.27,5.36,5.28,5.4,5.26,5.4,5.24,5.41,5.17,5.38,4.97,5.23
05/28/2024,5.27,5.36,5.28,5.4,5.26,5.4,5.25,5.42,5.18,5.39,4.96,5.22
05/24/2024,5.32,5.42,5.32,5.44,5.26,5.4,5.25,5.42,5.18,5.39,4.95,5.21
05/23/2024,5.27,5.37,5.28,5.4,5.26,5.4,5.25,5.42,5.18,5.39,4.94,5.2
05/22/2024,5.26,5.35,5.28,5.4,5.25,5.39,5.24,5.41,5.17,5.38,4.91,5.17
05/21/2024,5.27,5.36,5.27,5.39,5.25,5.39,5.24,5.41,5.16,5.37,4.88,5.14
05/20/2024,5.27,5.37,5.27,5.39,5.25,5.39,5.24,5.41,5.17,5.38,4.89,5.15
05/17/2024,5.27,5.37,5.27,5.39,5.25,5.39,5.24,5.41,5.16,5.37,4.88,5.14
05/16/2024,5.27,5.37,5.27,5.39,5.25,5.39,5.27,5.44,5.16,5.37,4.87,5.13
05/15/2024,5.26,5.35,5.26,5.38,5.25,5.39,5.24,5.41,5.15,5.36,4.84,5.1
05/14/2024,5.27,5.36,5.28,5.4,5.24,5.38,5.24,5.41,5.17,5.38,4.89,5.15
05/13/2024,5.27,5.37,5.27,5.39,5.25,5.39,5.24,5.41,5.17,5.38,4.93,5.18
05/10/2024,5.27,5.37,5.27,5.39,5.26,5.4,5.24,5.41,5.17,5.38,4.93,5.18
05/09/2024,5.27,5.37,5.28,5.4,5.25,5.39,5.24,5.41,5.15,5.36,4.9,5.15
05/08/2024,5.28,5.37,5.28,5.4,5.25,5.39,5.24,5.41,5.16,5.37,4.9,5.15
05/07/2024,5.28,5.37,5.28,5.4,5.25,5.39,5.24,5.41,5.16,5.37,4.9,5.15
05/06/2024,5.28,5.38,5.28,5.4,5.25,5.39,5.24,5.41,5.16,5.37,4.89,5.14
05/03/2024,5.28,5.38,5.28,5.4,5.25,5.39,5.24,5.41,5.16,5.37,4.88,5.13
05/02/2024,5.27,5.37,5.27,5.39,5.25,5.39,5.24,5.41,5.16,5.37,4.92,5.17
05/01/2024,5.26,5.35,5.28,5.4,5.26,5.4,5.24,5.41,5.17,5.38,4.96,5.22
04/30/2024,5.28,5.37,5.28,5.4,5.25,5.39,5.25,5.42,5.18,5.39,4.99,5.25
04/29/2024,5.28,5.38,5.28,5.4,5.25,5.39,5.25,5.42,5.17,5.38,4.95,5.21
04/26/2024,5.28,5.38,5.27,5.39,5.25,5.39,5.25,5.42,5.18,5.39,4.95,5.21
04/25/2024,5.28,5.38,5.28,5.4,5.26,5.4,5.26,5.43,5.18,5.39,4.95,5.21
04/24/2024,5.28,5.37,5.27,5.39,5.26,5.4,5.24,5.41,5.17,5.38,4.91,5.17
04/23/2024,5.29,5.38,5.28,5.4,5.25,5.39,5.24,5.41,5.16,5.37,4.89,5.15
04/22/2024,5.28,5.38,5.28,5.4,5.22,5.36,5.24,5.41,5.16,5.37,4.91,5.17
04/19/2024,5.28,5.38,5.28,5.4,5.25,5.39,5.24,5.41,5.17,5.38,4.91,5.17
04/18/2024,5.28,5.38,5.28,5.4,5.25,5.39,5.24,5.41,5.16,5.37,4.92,5.18
04/17/2024,5.29,5.38,5.27,5.39,5.25,5.39,5.24,5.41,5.15,5.36,4.9,5.16
04/16/2024,5.29,5.38,5.28,5.4,5.25,5.39,5.24,5.41,5.16,5.37,4.92,5.18
04/15/2024,5.29,5.39,5.28,5.4,5.25,5.39,5.24,5.41,5.16,5.37,4.93,5.18
04/12/2024,5.28,5.38,5.27,5.39,5.25,5.39,5.22,5.39,5.14,5.35,4.9,5.15
04/11/2024,5.28,5.38,5.27,5.39,5.25,5.39,5.23,5.4,5.16,5.37,4.93,5.18
04/10/2024,5.28,5.37,5.28,5.4,5.25,5.39,5.24,5.41,5.17,5.38,4.95,5.2
04/09/2024,5.27,5.36,5.27,5.39,5.23,5.37,5.21,5.37,5.11,5.32,4.81,5.05
04/08/2024,5.27,5.37,5.27,5.39,5.23,5.37,5.22,5.39,5.12,5.33,4.84,5.09
04/05/2024,5.27,5.37,5.27,5.39,5.23,5.37,5.21,5.37,5.12,5.33,4.82,5.06
04/04/2024,5.26,5.35,5.26,5.38,5.21,5.35,5.2,5.36,5.1,5.31,4.78,5.02
04/03/2024,5.27,5.36,5.24,5.35,5.22,5.36,5.2,5.36,5.11,5.32,4.8,5.04
04/02/2024,5.29,5.38,5.25,5.37,5.22,5.36,5.2,5.36,5.11,5.32,4.82,5.07
04/01/2024,5.29,5.39,5.27,5.39,5.23,5.37,5.21,5.37,5.13,5.34,4.83,5.08
03/28/2024,5.29,5.39,5.28,5.4,5.23,5.37,5.22,5.39,5.13,5.34,4.79,5.03
03/27/2024,5.27,5.36,5.27,5.39,5.22,5.36,5.21,5.37,5.11,5.32,4.75,4.99
03/26/2024,5.27,5.36,5.27,5.39,5.22,5.36,5.21,5.37,5.11,5.32,4.76,5
03/25/2024,5.28,5.38,5.28,5.4,5.23,5.37,5.22,5.39,5.11,5.32,4.76,5.01
03/22/2024,5.27,5.37,5.27,5.39,5.24,5.38,5.2,5.36,5.1,5.3,4.73,4.97
03/21/2024,5.27,5.37,5.28,5.4,5.25,5.39,5.2,5.36,5.11,5.32,4.76,5.01
03/20/2024,5.27,5.36,5.27,5.39,5.24,5.38,5.21,5.37,5.11,5.32,4.76,5.01
03/19/2024,5.29,5.38,5.28,5.4,5.24,5.38,5.21,5.37,5.14,5.35,4.81,5.06
03/18/2024,5.29,5.39,5.28,5.4,5.25,5.39,5.22,5.39,5.13,5.34,4.83,5.08
03/15/2024,5.29,5.39,5.27,5.39,5.25,5.39,5.21,5.37,5.13,5.34,4.82,5.07
03/14/2024,5.29,5.39,5.28,5.4,5.25,5.39,5.21,5.37,5.13,5.34,4.81,5.06
03/13/2024,5.29,5.38,5.27,5.39,5.25,5.39,5.21,5.37,5.12,5.33,4.78,5.03
03/12/2024,5.29,5.38,5.28,5.4,5.25,5.39,5.21,5.37,5.12,5.33,4.77,5.02
03/11/2024,5.27,5.37,5.27,5.39,5.24,5.38,5.21,5.37,5.1,5.31,4.72,4.97
03/08/2024,5.28,5.38,5.28,5.4,5.24,5.38,5.2,5.36,5.1,5.3,4.69,4.94
03/07/2024,5.28,5.38,5.28,5.4,5.24,5.38,5.2,5.36,5.09,5.3,4.7,4.95
03/06/2024,5.27,5.36,5.27,5.39,5.24,5.38,5.2,5.36,5.1,5.31,4.72,4.97
03/05/2024,5.27,5.36,5.27,5.39,5.23,5.37,5.21,5.37,5.1,5.31,4.71,4.96
03/04/2024,5.28,5.38,5.28,5.4,5.24,5.38,5.22,5.39,5.11,5.32,4.74,4.99
03/01/2024,5.3,5.4,5.29,5.41,5.23,5.37,5.21,5.37,5.09,5.29,4.7,4.95
02/29/2024,5.3,5.4,5.29,5.41,5.25,5.39,5.23,5.4,5.11,5.32,4.76,5.02
02/28/2024,5.29,5.4,5.29,5.42,5.24,5.38,5.22,5.39,5.11,5.32,4.75,5.01
02/27/2024,5.3,5.41,5.29,5.42,5.25,5.39,5.24,5.42,5.13,5.34,4.78,5.04
02/26/2024,5.29,5.4,5.29,5.42,5.26,5.4,5.24,5.42,5.14,5.35,4.77,5.03
02/23/2024,5.29,5.4,5.28,5.41,5.26,5.42,5.23,5.41,5.13,5.35,4.74,5
02/22/2024,5.28,5.39,5.28,5.41,5.25,5.41,5.21,5.39,5.13,5.35,4.75,5.01
02/21/2024,5.29,5.4,5.27,5.4,5.24,5.4,5.22,5.4,5.12,5.34,4.72,4.98
02/20/2024,5.29,5.4,5.26,5.39,5.24,5.4,5.22,5.4,5.12,5.34,4.71,4.97
02/16/2024,5.28,5.39,5.27,5.4,5.24,5.39,5.22,5.4,5.12,5.34,4.75,5
02/15/2024,5.28,5.39,5.27,5.4,5.23,5.39,5.21,5.39,5.11,5.33,4.71,4.96
02/14/2024,5.28,5.39,5.28,5.41,5.23,5.39,5.22,5.4,5.11,5.33,4.72,4.97
02/13/2024,5.27,5.38,5.29,5.42,5.25,5.41,5.23,5.41,5.12,5.34,4.76,5.01
02/12/2024,5.28,5.39,5.28,5.41,5.23,5.39,5.2,5.38,5.07,5.29,4.65,4.89
02/09/2024,5.28,5.39,5.27,5.4,5.24,5.4,5.2,5.38,5.07,5.29,4.63,4.87
02/08/2024,5.28,5.39,5.27,5.4,5.23,5.39,5.19,5.37,5.05,5.27,4.61,4.85
02/07/2024,5.26,5.37,5.27,5.4,5.23,5.39,5.17,5.35,5.04,5.26,4.61,4.85
02/06/2024,5.27,5.38,5.28,5.41,5.23,5.39,5.19,5.37,5.04,5.26,4.6,4.84
02/05/2024,5.28,5.39,5.27,5.4,5.22,5.38,5.19,5.37,5.05,5.27,4.64,4.88
02/02/2024,5.28,5.39,5.27,5.4,5.23,5.39,5.19,5.37,5.03,5.24,4.58,4.82
02/01/2024,5.28,5.39,5.28,5.41,5.22,5.38,5.15,5.33,4.97,5.18,4.46,4.69
01/31/2024,5.27,5.38,5.27,5.4,5.22,5.38,5.17,5.35,5,5.22,4.5,4.73
01/30/2024,5.27,5.38,5.27,5.4,5.21,5.37,5.19,5.37,5,5.22,4.56,4.8
01/29/2024,5.27,5.38,5.27,5.4,5.22,5.38,5.18,5.36,4.99,5.2,4.53,4.77
01/26/2024,5.27,5.38,5.25,5.38,5.21,5.36,5.18,5.36,5.01,5.22,4.54,4.78
01/25/2024,5.28,5.39,5.28,5.41,5.21,5.37,5.18,5.36,5,5.21,4.52,4.76
01/24/2024,5.27,5.38,5.25,5.38,5.21,5.37,5.19,5.37,5.03,5.25,4.58,4.82
01/23/2024,5.28,5.39,5.26,5.39,5.21,5.37,5.19,5.37,5.02,5.24,4.57,4.81
01/22/2024,5.27,5.38,5.27,5.4,5.22,5.38,5.19,5.37,5.02,5.24,4.63,4.87
01/19/2024,5.28,5.39,5.27,5.4,5.22,5.37,5.19,5.37,5.03,5.24,4.64,4.88
01/18/2024,5.26,5.37,5.28,5.41,5.22,5.38,5.18,5.36,5.01,5.23,4.6,4.84
01/17/2024,5.29,5.4,5.27,5.4,5.24,5.4,5.19,5.37,5.01,5.23,4.59,4.83
01/16/2024,5.29,5.4,5.28,5.41,5.22,5.38,5.18,5.36,4.99,5.2,4.51,4.74
01/12/2024,5.28,5.39,5.27,5.4,5.22,5.37,5.17,5.35,4.98,5.19,4.45,4.67
01/11/2024,5.28,5.39,5.27,5.4,5.23,5.39,5.18,5.36,5.03,5.25,4.54,4.77
01/10/2024,5.27,5.38,5.26,5.39,5.23,5.39,5.19,5.37,5.04,5.26,4.6,4.84
01/09/2024,5.28,5.39,5.26,5.39,5.24,5.4,5.19,5.37,5.04,5.26,4.6,4.84
01/08/2024,5.28,5.39,5.28,5.41,5.25,5.41,5.19,5.37,5.04,5.26,4.59,4.83
01/05/2024,5.28,5.39,5.27,5.4,5.24,5.4,5.2,5.38,5.05,5.27,4.61,4.85
01/04/2024,5.29,5.4,5.28,5.41,5.24,5.4,5.21,5.39,5.06,5.28,4.61,4.85
01/03/2024,5.27,5.38,5.28,5.41,5.24,5.4,5.21,5.39,5.06,5.28,4.58,4.82
01/02/2024,5.28,5.39,5.28,5.41,5.22,5.38,5.21,5.39,5.04,5.26,4.57,4.81
12/29/2023,5.33,5.44,5.33,5.46,5.2,5.35,5.21,5.39,5.05,5.26,4.55,4.79
12/28/2023,5.31,5.42,5.29,5.42,5.25,5.41,5.22,5.4,5.06,5.28,4.58,4.82
12/27/2023,5.28,5.39,5.29,5.42,5.24,5.4,5.21,5.39,5.05,5.27,4.54,4.78
12/26/2023,5.27,5.38,5.27,5.4,5.25,5.41,5.22,5.4,5.06,5.28,4.58,4.82
12/22/2023,5.27,5.38,5.26,5.39,5.24,5.39,5.22,5.4,5.1,5.32,4.62,4.86
12/21/2023,5.27,5.38,5.27,5.4,5.22,5.38,5.22,5.4,5.09,5.31,4.63,4.87
12/20/2023,5.24,5.35,5.24,5.37,5.24,5.4,5.22,5.4,5.11,5.33,4.67,4.91
12/19/2023,5.24,5.35,5.26,5.39,5.23,5.39,5.22,5.4,5.12,5.34,4.71,4.96
12/18/2023,5.25,5.36,5.26,5.39,5.26,5.42,5.24,5.42,5.13,5.35,4.73,4.98
12/15/2023,5.27,5.38,5.28,5.41,5.24,5.4,5.24,5.42,5.12,5.34,4.72,4.97
12/14/2023,5.28,5.39,5.28,5.41,5.23,5.39,5.22,5.4,5.09,5.31,4.67,4.92
12/13/2023,5.26,5.37,5.27,5.4,5.24,5.4,5.22,5.4,5.11,5.33,4.7,4.95
12/12/2023,5.27,5.38,5.28,5.41,5.26,5.42,5.25,5.43,5.18,5.41,4.88,5.15
12/11/2023,5.28,5.39,5.28,5.41,5.26,5.42,5.25,5.43,5.17,5.4,4.88,5.15
12/08/2023,5.28,5.39,5.27,5.4,5.24,5.4,5.25,5.43,5.17,5.39,4.87,5.14
12/07/2023,5.26,5.37,5.27,5.4,5.24,5.4,5.23,5.41,5.14,5.36,4.8,5.06
12/06/2023,5.27,5.38,5.25,5.38,5.25,5.41,5.23,5.41,5.16,5.39,4.82,5.08
12/05/2023,5.28,5.39,5.26,5.39,5.25,5.41,5.23,5.41,5.15,5.38,4.8,5.06
12/04/2023,5.29,5.4,5.27,5.4,5.26,5.42,5.24,5.42,5.18,5.41,4.84,5.11
12/01/2023,5.29,5.4,5.27,5.4,5.23,5.39,5.22,5.4,5.14,5.36,4.78,5.04
11/30/2023,5.29,5.4,5.27,5.4,5.25,5.41,5.26,5.44,5.18,5.41,4.88,5.15
11/29/2023,5.29,5.4,5.27,5.4,5.25,5.41,5.25,5.43,5.18,5.41,4.85,5.12
11/28/2023,5.3,5.41,5.28,5.41,5.27,5.43,5.25,5.43,5.21,5.44,4.93,5.21
11/27/2023,5.3,5.41,5.28,5.41,5.28,5.44,5.27,5.45,5.24,5.47,4.99,5.26
11/24/2023,5.31,5.42,5.29,5.42,5.28,5.44,5.28,5.46,5.25,5.48,5.01,5.28
11/22/2023,5.31,5.42,5.29,5.42,5.27,5.43,5.27,5.45,5.22,5.45,5.01,5.28
11/21/2023,5.28,5.39,5.27,5.4,5.26,5.42,5.25,5.43,5.22,5.45,4.98,5.25
11/20/2023,5.29,5.4,5.28,5.41,5.27,5.43,5.26,5.44,5.22,5.45,4.99,5.26
11/17/2023,5.29,5.4,5.28,5.41,5.25,5.41,5.22,5.4,5.19,5.42,4.98,5.25
11/16/2023,5.29,5.4,5.28,5.41,5.25,5.41,5.25,5.43,5.19,5.42,4.97,5.24
11/15/2023,5.28,5.39,5.28,5.41,5.26,5.42,5.26,5.44,5.21,5.44,5.01,5.29
11/14/2023,5.28,5.39,5.28,5.41,5.26,5.42,5.25,5.43,5.21,5.44,4.97,5.24
11/13/2023,5.29,5.4,5.29,5.42,5.28,5.44,5.29,5.47,5.27,5.5,5.09,5.38
11/10/2023,5.29,5.4,5.28,5.41,5.26,5.42,5.26,5.44,5.26,5.49,5.1,5.39
11/09/2023,5.29,5.4,5.29,5.42,5.27,5.43,5.29,5.47,5.26,5.49,5.1,5.39
11/08/2023,5.28,5.39,5.28,5.41,5.28,5.44,5.28,5.46,5.26,5.49,5.06,5.35
11/07/2023,5.29,5.4,5.29,5.42,5.28,5.44,5.28,5.46,5.26,5.49,5.05,5.34
11/06/2023,5.29,5.4,5.29,5.42,5.29,5.45,5.29,5.47,5.27,5.5,5.05,5.34
11/03/2023,5.29,5.4,5.29,5.42,5.27,5.43,5.29,5.47,5.25,5.48,5.01,5.29
11/02/2023,5.29,5.4,5.3,5.43,5.28,5.44,5.32,5.51,5.29,5.53,5.09,5.38
11/01/2023,5.29,5.4,5.31,5.44,5.31,5.47,5.33,5.52,5.3,5.54,5.08,5.37
10/31/2023,5.29,5.4,5.33,5.46,5.33,5.49,5.34,5.53,5.33,5.57,5.14,5.44
10/30/2023,5.29,5.4,5.33,5.46,5.33,5.49,5.34,5.53,5.32,5.56,5.15,5.43
10/27/2023,5.3,5.41,5.33,5.46,5.32,5.48,5.33,5.52,5.32,5.55,5.13,5.41
10/26/2023,5.3,5.41,5.33,5.46,5.32,5.48,5.33,5.52,5.31,5.55,5.13,5.41
10/25/2023,5.29,5.4,5.33,5.46,5.32,5.48,5.34,5.53,5.33,5.57,5.17,5.46
10/24/2023,5.3,5.41,5.33,5.46,5.31,5.47,5.33,5.52,5.33,5.57,5.16,5.45
10/23/2023,5.31,5.42,5.33,5.46,5.32,5.48,5.32,5.51,5.32,5.56,5.14,5.43
10/20/2023,5.29,5.4,5.32,5.45,5.31,5.47,5.34,5.53,5.31,5.54,5.13,5.42
10/19/2023,5.31,5.42,5.33,5.46,5.33,5.49,5.35,5.54,5.32,5.56,5.16,5.45
10/18/2023,5.3,5.41,5.31,5.44,5.34,5.5,5.35,5.54,5.34,5.58,5.18,5.47
10/17/2023,5.31,5.42,5.33,5.46,5.35,5.51,5.37,5.56,5.36,5.6,5.19,5.49
10/16/2023,5.31,5.42,5.34,5.47,5.34,5.5,5.36,5.55,5.34,5.58,5.14,5.43
10/13/2023,5.33,5.44,5.34,5.47,5.35,5.51,5.35,5.54,5.34,5.58,5.13,5.42
10/12/2023,5.34,5.45,5.35,5.48,5.35,5.51,5.36,5.55,5.35,5.59,5.15,5.44
10/11/2023,5.31,5.42,5.34,5.47,5.34,5.5,5.36,5.55,5.32,5.56,5.1,5.39
10/10/2023,5.33,5.44,5.36,5.49,5.34,5.5,5.36,5.55,5.33,5.57,5.09,5.38
10/06/2023,5.32,5.43,5.36,5.5,5.36,5.52,5.37,5.56,5.35,5.59,5.13,5.42
10/05/2023,5.3,5.41,5.35,5.48,5.34,5.5,5.35,5.54,5.32,5.56,5.1,5.39
10/04/2023,5.29,5.4,5.31,5.44,5.34,5.5,5.35,5.54,5.33,5.57,5.13,5.43
10/03/2023,5.28,5.39,5.33,5.46,5.35,5.51,5.35,5.54,5.34,5.58,5.18,5.48
10/02/2023,5.29,5.4,5.33,5.46,5.35,5.51,5.35,5.54,5.34,5.58,5.22,5.51
09/29/2023,5.29,5.4,5.33,5.46,5.32,5.48,5.34,5.53,5.32,5.55,5.19,5.48
09/28/2023,5.29,5.4,5.34,5.47,5.32,5.48,5.34,5.53,5.32,5.56,5.19,5.48
09/27/2023,5.3,5.41,5.32,5.45,5.34,5.5,5.35,5.54,5.33,5.57,5.21,5.5
09/26/2023,5.3,5.41,5.31,5.44,5.34,5.5,5.34,5.53,5.32,5.56,5.18,5.47
09/25/2023,5.3,5.41,5.31,5.44,5.35,5.51,5.34,5.53,5.31,5.55,5.17,5.46
09/22/2023,5.29,5.4,5.31,5.44,5.32,5.48,5.34,5.53,5.32,5.55,5.17,5.46
09/21/2023,5.29,5.4,5.31,5.44,5.33,5.49,5.34,5.53,5.31,5.55,5.17,5.46
09/20/2023,5.29,5.4,5.3,5.43,5.33,5.49,5.34,5.53,5.3,5.54,5.18,5.47
09/19/2023,5.29,5.4,5.3,5.43,5.31,5.47,5.33,5.52,5.3,5.54,5.16,5.45
09/18/2023,5.29,5.4,5.29,5.42,5.31,5.47,5.33,5.52,5.3,5.54,5.15,5.44
09/15/2023,5.28,5.39,5.29,5.42,5.32,5.48,5.33,5.52,5.29,5.52,5.14,5.43
09/14/2023,5.28,5.39,5.3,5.43,5.31,5.47,5.32,5.51,5.29,5.53,5.13,5.42
09/13/2023,5.28,5.39,5.3,5.43,5.31,5.47,5.33,5.52,5.31,5.55,5.13,5.42
09/12/2023,5.28,5.39,5.29,5.42,5.32,5.48,5.31,5.49,5.32,5.56,5.13,5.42
09/11/2023,5.28,5.39,5.3,5.43,5.32,5.48,5.32,5.51,5.3,5.54,5.11,5.4
09/08/2023,5.28,5.39,5.29,5.42,5.31,5.47,5.33,5.52,5.29,5.52,5.13,5.43
09/07/2023,5.28,5.39,5.29,5.42,5.3,5.46,5.32,5.51,5.29,5.53,5.11,5.4
09/06/2023,5.28,5.39,5.29,5.42,5.31,5.47,5.33,5.52,5.31,5.55,5.14,5.44
09/05/2023,5.27,5.38,5.29,5.42,5.32,5.48,5.32,5.5,5.31,5.55,5.13,5.43
09/01/2023,5.28,5.39,5.29,5.42,5.3,5.46,5.32,5.51,5.27,5.5,5.1,5.38
08/31/2023,5.28,5.39,5.28,5.41,5.32,5.48,5.34,5.53,5.28,5.51,5.11,5.39
08/30/2023,5.29,5.4,5.29,5.42,5.32,5.48,5.33,5.52,5.3,5.54,5.13,5.42
08/29/2023,5.27,5.38,5.29,5.42,5.33,5.49,5.33,5.52,5.31,5.55,5.11,5.39
08/28/2023,5.29,5.4,5.29,5.42,5.34,5.5,5.36,5.55,5.35,5.59,5.17,5.46
08/25/2023,5.29,5.4,5.29,5.42,5.34,5.5,5.35,5.54,5.34,5.58,5.16,5.45
08/24/2023,5.28,5.39,5.29,5.42,5.31,5.47,5.34,5.53,5.33,5.57,5.12,5.41
08/23/2023,5.28,5.39,5.28,5.41,5.3,5.46,5.32,5.51,5.28,5.52,5.08,5.36
08/22/2023,5.27,5.38,5.29,5.42,5.3,5.46,5.31,5.49,5.3,5.54,5.11,5.4
08/21/2023,5.28,5.39,5.29,5.42,5.3,5.46,5.31,5.49,5.31,5.55,5.09,5.38
08/18/2023,5.27,5.38,5.28,5.41,5.28,5.44,5.3,5.48,5.26,5.49,5.07,5.36
08/17/2023,5.28,5.39,5.28,5.41,5.29,5.45,5.31,5.49,5.27,5.5,5.08,5.37
08/16/2023,5.26,5.37,5.28,5.41,5.29,5.45,5.3,5.48,5.28,5.52,5.09,5.38
08/15/2023,5.27,5.38,5.28,5.41,5.29,5.45,5.28,5.46,5.28,5.52,5.08,5.37
08/14/2023,5.28,5.39,5.29,5.42,5.29,5.45,5.3,5.48,5.29,5.53,5.08,5.37
08/11/2023,5.28,5.39,5.28,5.41,5.28,5.44,5.3,5.48,5.26,5.49,5.07,5.36
08/10/2023,5.28,5.39,5.28,5.41,5.28,5.44,5.3,5.48,5.26,5.49,5.05,5.34
08/09/2023,5.25,5.36,5.28,5.41,5.28,5.44,5.11,5.28,5.27,5.5,5.06,5.35
08/08/2023,5.28,5.39,5.29,5.42,5.3,5.46,5.29,5.47,5.27,5.5,5.06,5.35
08/07/2023,5.27,5.38,5.28,5.41,5.29,5.45,5.29,5.47,5.27,5.5,5.06,5.34
08/04/2023,5.27,5.38,5.28,5.41,5.28,5.44,5.29,5.47,5.24,5.47,5.08,5.36
08/03/2023,5.28,5.39,5.28,5.41,5.27,5.43,5.3,5.48,5.26,5.49,5.11,5.39
08/02/2023,5.27,5.38,5.26,5.39,5.27,5.43,5.3,5.48,5.26,5.49,5.1,5.38
08/01/2023,5.28,5.39,5.27,5.4,5.27,5.43,5.3,5.48,5.27,5.5,5.11,5.39
07/31/2023,5.27,5.38,5.27,5.4,5.28,5.44,5.3,5.48,5.27,5.5,5.11,5.39
07/28/2023,5.26,5.37,5.27,5.4,5.28,5.44,5.3,5.48,5.28,5.51,5.1,5.38
07/27/2023,5.27,5.38,5.28,5.41,5.28,5.44,5.31,5.49,5.29,5.53,5.13,5.42
07/26/2023,5.27,5.38,5.27,5.4,5.28,5.44,5.31,5.49,5.28,5.52,5.1,5.39
07/25/2023,5.28,5.39,5.27,5.4,5.28,5.44,5.28,5.46,5.3,5.54,5.11,5.4
07/24/2023,5.26,5.37,5.27,5.4,5.28,5.44,5.28,5.46,5.28,5.52,5.11,5.4
07/21/2023,5.26,5.37,5.27,5.4,5.27,5.43,5.27,5.45,5.27,5.5,5.07,5.36
07/20/2023,5.27,5.38,5.27,5.4,5.26,5.42,5.28,5.46,5.26,5.49,5.07,5.36
07/19/2023,5.17,5.28,5.25,5.38,5.26,5.42,5.27,5.45,5.25,5.48,5.04,5.32
07/18/2023,5.18,5.29,5.24,5.37,5.25,5.41,5.26,5.44,5.25,5.48,5.04,5.33
07/17/2023,5.19,5.3,5.24,5.37,5.26,5.42,5.27,5.45,5.26,5.49,5.05,5.34
07/14/2023,5.2,5.31,5.23,5.36,5.25,5.41,5.26,5.44,5.25,5.48,5.06,5.35
07/13/2023,5.21,5.32,5.24,5.37,5.24,5.4,5.25,5.43,5.23,5.46,4.99,5.27
07/12/2023,5.16,5.27,5.23,5.36,5.24,5.4,5.26,5.44,5.27,5.5,5.06,5.35
07/11/2023,5.16,5.27,5.21,5.34,5.25,5.41,5.26,5.44,5.28,5.52,5.14,5.44
07/10/2023,5.16,5.27,5.2,5.33,5.25,5.41,5.26,5.44,5.28,5.52,5.13,5.41
07/07/2023,5.16,5.27,5.2,5.33,5.22,5.37,5.26,5.44,5.26,5.49,5.15,5.43
07/06/2023,5.15,5.26,5.21,5.34,5.23,5.39,5.26,5.44,5.28,5.51,5.17,5.46
07/05/2023,5.1,5.2,5.16,5.29,5.21,5.37,5.25,5.43,5.25,5.48,5.14,5.43
07/03/2023,5.1,5.2,5.19,5.32,5.21,5.37,5.25,5.43,5.27,5.5,5.16,5.45
06/30/2023,5.08,5.18,5.19,5.32,5.17,5.32,5.24,5.42,5.24,5.47,5.13,5.42
06/29/2023,5.09,5.19,5.2,5.33,5.2,5.36,5.25,5.43,5.27,5.5,5.14,5.43
06/28/2023,5,5.1,5.11,5.24,5.18,5.34,5.23,5.41,5.23,5.46,5.06,5.34
06/27/2023,5,5.1,5.12,5.25,5.19,5.35,5.21,5.39,5.23,5.46,5.06,5.34
06/26/2023,5.01,5.11,5.12,5.25,5.24,5.4,5.21,5.39,5.22,5.45,5.01,5.29
06/23/2023,5.01,5.11,5.13,5.26,5.15,5.3,5.21,5.39,5.19,5.42,4.98,5.26
06/22/2023,5.02,5.12,5.14,5.27,5.15,5.3,5.21,5.39,5.18,5.41,5.01,5.29
06/21/2023,5,5.1,5.07,5.19,5.15,5.3,5.21,5.39,5.18,5.41,4.98,5.26
06/20/2023,5.01,5.11,5.07,5.19,5.14,5.29,5.17,5.35,5.18,5.41,4.97,5.25
06/16/2023,5.02,5.12,5.1,5.23,5.09,5.24,5.15,5.33,5.12,5.34,4.96,5.24
06/15/2023,5.02,5.12,5.09,5.22,5.07,5.22,5.14,5.32,5.11,5.33,4.93,5.21
06/14/2023,5.01,5.11,5.06,5.18,5.1,5.25,5.15,5.33,5.14,5.37,4.99,5.27
06/13/2023,5.03,5.13,5.06,5.18,5.11,5.26,5.15,5.33,5.14,5.37,4.98,5.26
06/12/2023,5.08,5.19,5.13,5.26,5.14,5.29,5.2,5.38,5.15,5.38,4.95,5.22
06/09/2023,5.09,5.2,5.15,5.28,5.11,5.26,5.22,5.4,5.16,5.38,4.94,5.21
06/08/2023,5.09,5.2,5.13,5.26,5.12,5.27,5.19,5.37,5.17,5.4,4.89,5.15
06/07/2023,4.91,5.01,5.06,5.18,5.16,5.32,5.19,5.37,5.2,5.43,4.93,5.2
06/06/2023,4.99,5.09,5.07,5.19,5.18,5.34,5.21,5.39,5.21,5.44,4.96,5.23
06/05/2023,5.09,5.2,5.16,5.29,5.2,5.36,5.23,5.41,5.23,5.46,4.94,5.21
06/02/2023,5.12,5.23,5.21,5.34,5.23,5.39,5.28,5.46,5.27,5.5,4.98,5.25
06/01/2023,5.14,5.25,5.22,5.35,5.24,5.4,5.26,5.44,5.21,5.44,4.87,5.13
05/31/2023,5.08,5.18,5.17,5.3,5.26,5.42,5.3,5.48,5.23,5.46,4.94,5.21
05/30/2023,5.12,5.23,5.11,5.24,5.28,5.44,5.28,5.46,5.29,5.53,4.97,5.24
05/26/2023,5.78,5.9,5.3,5.43,5.16,5.31,5.28,5.46,5.18,5.4,4.98,5.26
05/25/2023,5.71,5.83,5.27,5.4,5.21,5.37,5.29,5.47,5.2,5.43,4.97,5.25
05/24/2023,5.62,5.74,5.06,5.18,5.21,5.37,5.26,5.44,5.17,5.4,4.88,5.15
05/23/2023,5.51,5.63,5.1,5.23,5.18,5.34,5.16,5.34,5.14,5.37,4.82,5.08
05/22/2023,5.5,5.62,5.19,5.32,5.24,5.4,5.23,5.41,5.17,5.4,4.81,5.07
05/19/2023,5.41,5.52,5.11,5.24,5.12,5.27,5.2,5.38,5.11,5.33,4.77,5.03
05/18/2023,5.38,5.49,5.06,5.19,5.14,5.29,5.18,5.36,5.13,5.35,4.76,5.02
05/17/2023,5.39,5.5,4.87,4.99,5.1,5.25,5.11,5.28,5.05,5.27,4.66,4.91
05/16/2023,5.45,5.56,4.8,4.92,5.07,5.22,4.99,5.16,5.02,5.24,4.63,4.88
05/15/2023,5.49,5.61,4.8,4.92,5.06,5.21,5.01,5.18,4.99,5.2,4.56,4.79
05/12/2023,5.57,5.69,4.72,4.83,5.08,5.23,5.03,5.2,4.93,5.14,4.57,4.8
05/11/2023,5.59,5.71,4.68,4.79,5.04,5.19,4.99,5.16,4.9,5.11,4.52,4.75
05/10/2023,5.39,5.5,4.81,4.93,5.08,5.23,4.99,5.16,4.89,5.1,4.52,4.75
05/09/2023,5.4,5.51,4.99,5.11,5.13,5.28,5.03,5.2,4.94,5.15,4.62,4.86
05/08/2023,5.33,5.44,5.01,5.13,5.15,5.3,5.02,5.19,4.9,5.11,4.6,4.84
05/05/2023,5.38,5.49,5.07,5.2,5.1,5.25,5.01,5.18,4.9,5.11,4.54,4.77
05/04/2023,5.54,5.66,5.08,5.21,5.1,5.25,4.99,5.16,4.82,5.02,4.42,4.64
05/03/2023,4.44,4.53,5.15,5.28,5.09,5.24,5,5.17,4.85,5.05,4.5,4.73
05/02/2023,4.33,4.42,5.13,5.26,5.08,5.23,5.01,5.18,4.83,5.03,4.53,4.76
05/01/2023,4.32,4.41,4.95,5.07,5.1,5.25,5.03,5.2,4.91,5.12,4.63,4.87
04/28/2023,4.23,4.31,4.95,5.07,4.95,5.09,5.01,5.18,4.86,5.06,4.57,4.81
04/27/2023,4.16,4.24,4.95,5.07,5.03,5.18,5.03,5.2,4.85,5.05,4.56,4.8
04/26/2023,3.63,3.7,4.82,4.94,5,5.15,4.99,5.16,4.8,5,4.44,4.67
04/25/2023,3.92,4,4.83,4.95,4.97,5.12,4.96,5.13,4.78,4.98,4.39,4.61
04/24/2023,3.4,3.47,4.85,4.97,5.04,5.19,5,5.17,4.85,5.05,4.53,4.77
04/21/2023,3.29,3.35,4.79,4.91,4.98,5.12,5.03,5.2,4.87,5.07,4.54,4.78
04/20/2023,3.32,3.38,4.87,4.99,4.97,5.12,5.02,5.19,4.85,5.05,4.53,4.77
04/19/2023,3.68,3.75,4.79,4.91,5.01,5.16,5.06,5.23,4.89,5.1,4.59,4.84
04/18/2023,3.69,3.76,4.79,4.91,5.04,5.19,5.04,5.21,4.88,5.09,4.57,4.81
04/17/2023,3.95,4.03,4.81,4.93,5.06,5.21,5.08,5.25,4.86,5.07,4.61,4.85
04/14/2023,4.18,4.26,4.79,4.91,4.98,5.12,5.01,5.18,4.83,5.03,4.59,4.82
04/13/2023,3.98,4.06,4.79,4.91,4.95,5.1,4.94,5.11,4.75,4.95,4.48,4.71
04/12/2023,4.04,4.12,4.68,4.79,4.87,5.01,4.95,5.12,4.78,4.98,4.46,4.68
04/11/2023,4.09,4.17,4.68,4.79,4.89,5.03,4.91,5.07,4.79,4.99,4.48,4.71
04/10/2023,4.39,4.48,4.69,4.8,4.94,5.09,4.93,5.1,4.78,4.98,4.46,4.69
04/07/2023,4.43,4.52,4.73,4.84,4.81,4.95,4.92,5.08,4.75,4.95,4.42,4.64
04/06/2023,4.44,4.53,4.69,4.8,4.77,4.91,4.83,4.99,4.74,4.94,4.35,4.57
04/05/2023,4.48,4.57,4.61,4.72,4.72,4.86,4.76,4.92,4.63,4.82,4.25,4.46
04/04/2023,4.52,4.61,4.65,4.76,4.74,4.88,4.76,4.92,4.61,4.8,4.31,4.53
04/03/2023,4.56,4.65,4.64,4.75,4.77,4.91,4.83,4.99,4.69,4.88,4.39,4.61
03/31/2023,4.6,4.69,4.65,4.76,4.68,4.81,4.83,4.99,4.72,4.91,4.43,4.66
03/30/2023,4.6,4.69,4.64,4.75,4.8,4.94,4.8,4.96,4.7,4.89,4.41,4.64
03/29/2023,4.2,4.28,4.29,4.39,4.64,4.77,4.78,4.94,4.7,4.89,4.38,4.6
03/28/2023,4.1,4.18,4.2,4.3,4.64,4.77,4.72,4.87,4.68,4.87,4.34,4.56
03/27/2023,4.07,4.15,4.29,4.39,4.75,4.89,4.76,4.92,4.65,4.84,4.3,4.52
03/24/2023,4.15,4.23,4.35,4.45,4.57,4.7,4.65,4.8,4.56,4.74,4.12,4.32
03/23/2023,4.13,4.21,4.36,4.46,4.57,4.7,4.7,4.85,4.59,4.78,4.18,4.39
03/22/2023,3.98,4.06,4.36,4.46,4.63,4.76,4.77,4.93,4.73,4.93,4.34,4.56
03/21/2023,3.91,3.99,4.31,4.41,4.62,4.75,4.74,4.9,4.74,4.94,4.44,4.67
03/20/2023,4.19,4.27,4.4,4.5,4.65,4.78,4.7,4.85,4.58,4.77,4.2,4.39
03/17/2023,4.18,4.26,4.39,4.49,4.36,4.48,4.66,4.81,4.51,4.69,4.12,4.3
03/16/2023,3.93,4.01,4.49,4.6,4.57,4.7,4.78,4.94,4.72,4.92,4.32,4.52
03/15/2023,4.06,4.14,4.38,4.48,4.59,4.72,4.72,4.87,4.53,4.71,4.04,4.22
03/14/2023,4.27,4.36,4.61,4.72,4.71,4.85,4.8,4.96,4.71,4.91,4.27,4.47
03/13/2023,4.45,4.54,4.66,4.77,4.7,4.84,4.73,4.89,4.59,4.78,4.13,4.32
03/10/2023,4.64,4.73,4.76,4.88,4.83,4.97,4.93,5.1,4.93,5.14,4.68,4.91
03/09/2023,4.66,4.75,4.81,4.93,4.87,5.01,5.04,5.21,5.07,5.29,4.93,5.19
03/08/2023,4.59,4.68,4.71,4.82,4.89,5.03,5.06,5.23,5.09,5.31,4.99,5.25
03/07/2023,4.63,4.72,4.71,4.82,4.87,5.01,4.96,5.13,5.07,5.29,4.96,5.22
03/06/2023,4.59,4.68,4.64,4.75,4.76,4.9,4.87,5.03,4.98,5.19,4.81,5.06
03/03/2023,4.59,4.68,4.65,4.76,4.74,4.87,4.87,5.03,4.94,5.15,4.79,5.03
03/02/2023,4.59,4.68,4.67,4.78,4.74,4.88,4.88,5.04,4.94,5.15,4.8,5.05
03/01/2023,4.52,4.6,4.63,4.73,4.73,4.87,4.89,5.05,4.96,5.17,4.81,5.06
02/28/2023,4.52,4.6,4.64,4.74,4.72,4.86,4.82,4.97,4.93,5.14,4.78,5.03
02/27/2023,4.54,4.62,4.66,4.76,4.74,4.88,4.85,5,4.94,5.15,4.79,5.04
02/24/2023,4.55,4.63,4.67,4.77,4.72,4.84,4.85,5,4.91,5.1,4.8,5.05
02/23/2023,4.53,4.61,4.67,4.77,4.71,4.83,4.84,4.99,4.9,5.09,4.78,5.03
02/22/2023,4.49,4.57,4.64,4.74,4.71,4.83,4.84,4.99,4.93,5.13,4.82,5.07
02/21/2023,4.5,4.58,4.66,4.76,4.72,4.84,4.8,4.94,4.92,5.12,4.82,5.07
02/17/2023,4.51,4.59,4.65,4.75,4.7,4.82,4.78,4.92,4.84,5.03,4.78,5.02
02/16/2023,4.53,4.61,4.65,4.75,4.7,4.82,4.79,4.93,4.83,5.02,4.77,5.01
02/15/2023,4.51,4.59,4.62,4.72,4.66,4.78,4.79,4.93,4.82,5.01,4.74,4.98
02/14/2023,4.5,4.58,4.62,4.72,4.67,4.79,4.74,4.88,4.83,5.02,4.76,5
02/13/2023,4.53,4.61,4.62,4.72,4.68,4.8,4.73,4.87,4.84,5.03,4.69,4.92
02/10/2023,4.53,4.61,4.61,4.71,4.66,4.78,4.73,4.87,4.75,4.93,4.66,4.89
02/09/2023,4.53,4.61,4.61,4.71,4.64,4.76,4.71,4.85,4.76,4.94,4.66,4.89
02/08/2023,4.51,4.59,4.53,4.62,4.59,4.71,4.7,4.84,4.74,4.92,4.64,4.87
02/07/2023,4.49,4.57,4.52,4.61,4.59,4.71,4.64,4.78,4.75,4.93,4.66,4.89
02/06/2023,4.49,4.57,4.51,4.6,4.59,4.71,4.64,4.78,4.75,4.93,4.63,4.86
02/03/2023,4.48,4.56,4.51,4.6,4.57,4.69,4.64,4.78,4.68,4.86,4.57,4.8
02/02/2023,4.49,4.57,4.5,4.59,4.53,4.65,4.59,4.73,4.62,4.8,4.43,4.64
02/01/2023,4.46,4.54,4.5,4.59,4.54,4.66,4.62,4.76,4.65,4.83,4.45,4.67
01/31/2023,4.45,4.53,4.51,4.6,4.58,4.7,4.6,4.74,4.67,4.85,4.47,4.69
01/30/2023,4.47,4.55,4.51,4.6,4.59,4.71,4.62,4.76,4.68,4.86,4.49,4.71
01/27/2023,4.48,4.56,4.51,4.6,4.57,4.69,4.62,4.76,4.67,4.85,4.46,4.68
01/26/2023,4.49,4.57,4.53,4.63,4.55,4.67,4.63,4.77,4.66,4.84,4.46,4.68
01/25/2023,4.47,4.55,4.52,4.61,4.56,4.68,4.62,4.76,4.65,4.83,4.45,4.67
01/24/2023,4.49,4.57,4.54,4.64,4.57,4.69,4.62,4.76,4.7,4.88,4.47,4.69
01/23/2023,4.49,4.57,4.52,4.62,4.58,4.7,4.62,4.76,4.68,4.86,4.51,4.72
01/20/2023,4.48,4.56,4.51,4.6,4.57,4.69,4.61,4.75,4.66,4.84,4.49,4.7
01/19/2023,4.49,4.57,4.53,4.63,4.55,4.67,4.61,4.75,4.65,4.83,4.47,4.68
01/18/2023,4.39,4.47,4.49,4.58,4.54,4.66,4.61,4.75,4.65,4.83,4.45,4.66
01/17/2023,4.4,4.48,4.5,4.59,4.56,4.68,4.61,4.75,4.68,4.86,4.47,4.68
01/13/2023,4.38,4.46,4.46,4.55,4.51,4.62,4.6,4.74,4.64,4.81,4.48,4.69
01/12/2023,4.37,4.45,4.47,4.56,4.5,4.61,4.61,4.75,4.62,4.8,4.46,4.67
01/11/2023,4.2,4.27,4.48,4.57,4.57,4.69,4.69,4.83,4.7,4.88,4.53,4.75
01/10/2023,4.2,4.27,4.47,4.56,4.57,4.69,4.64,4.78,4.71,4.89,4.53,4.75
01/09/2023,4.17,4.24,4.44,4.53,4.55,4.67,4.6,4.74,4.69,4.87,4.48,4.7
01/06/2023,4.14,4.21,4.43,4.52,4.51,4.62,4.61,4.75,4.65,4.83,4.5,4.72
01/05/2023,4.12,4.19,4.44,4.53,4.51,4.62,4.62,4.76,4.68,4.86,4.56,4.79
01/04/2023,4,4.07,4.28,4.37,4.41,4.52,4.58,4.71,4.64,4.82,4.49,4.71
01/03/2023,3.96,4.03,4.29,4.38,4.4,4.51,4.57,4.7,4.63,4.81,4.5,4.72
12/30/2022,3.95,4.02,4.3,4.39,4.3,4.4,4.57,4.7,4.6,4.77,4.51,4.73
12/29/2022,3.88,3.95,4.28,4.37,4.34,4.45,4.54,4.67,4.57,4.74,4.48,4.7
12/28/2022,3.57,3.63,4.08,4.16,4.35,4.46,4.55,4.68,4.59,4.76,4.49,4.71
12/27/2022,3.62,3.68,4.09,4.17,4.35,4.46,4.49,4.62,4.6,4.77,4.52,4.75
12/23/2022,3.65,3.71,4.01,4.09,4.23,4.33,4.45,4.58,4.52,4.69,4.46,4.67
12/22/2022,3.65,3.71,4.02,4.1,4.24,4.34,4.43,4.56,4.51,4.68,4.45,4.66
12/21/2022,3.66,3.72,4.01,4.09,4.22,4.32,4.44,4.57,4.51,4.68,4.41,4.62
12/20/2022,3.69,3.75,4.02,4.1,4.25,4.36,4.4,4.53,4.55,4.72,4.44,4.65
12/19/2022,3.77,3.83,4.03,4.11,4.28,4.39,4.41,4.54,4.55,4.72,4.44,4.65
12/16/2022,3.78,3.84,4.03,4.11,4.2,4.3,4.4,4.53,4.52,4.69,4.41,4.62
12/15/2022,3.79,3.85,4.06,4.14,4.22,4.32,4.42,4.55,4.54,4.71,4.44,4.65
12/14/2022,3.73,3.79,3.93,4.01,4.23,4.34,4.45,4.58,4.52,4.69,4.44,4.65
12/13/2022,3.71,3.77,3.95,4.03,4.26,4.37,4.42,4.55,4.54,4.71,4.44,4.65
12/12/2022,3.68,3.74,3.97,4.05,4.29,4.4,4.44,4.57,4.62,4.8,4.54,4.76
12/09/2022,3.66,3.72,3.95,4.03,4.19,4.29,4.4,4.53,4.56,4.73,4.5,4.72
12/08/2022,3.61,3.67,3.94,4.02,4.17,4.27,4.39,4.52,4.55,4.72,4.49,4.71
12/07/2022,3.6,3.66,3.88,3.96,4.2,4.3,4.4,4.53,4.56,4.73,4.46,4.68
12/06/2022,3.68,3.74,3.98,4.06,4.27,4.38,4.39,4.52,4.58,4.75,4.51,4.73
12/05/2022,3.75,3.81,4.04,4.12,4.27,4.38,4.41,4.54,4.58,4.75,4.54,4.77
12/02/2022,3.75,3.81,4.06,4.14,4.22,4.32,4.38,4.51,4.5,4.67,4.47,4.69
12/01/2022,3.87,3.94,4.06,4.14,4.22,4.32,4.38,4.51,4.49,4.66,4.44,4.66
11/30/2022,3.91,3.98,4.05,4.13,4.27,4.38,4.42,4.55,4.54,4.71,4.52,4.75
11/29/2022,3.92,3.99,4.07,4.15,4.27,4.38,4.38,4.51,4.56,4.73,4.56,4.79
11/28/2022,3.96,4.03,4.09,4.17,4.3,4.41,4.4,4.53,4.57,4.74,4.55,4.77
11/25/2022,4.01,4.08,4.15,4.23,4.22,4.32,4.41,4.54,4.54,4.71,4.55,4.77
11/23/2022,3.97,4.04,4.11,4.19,4.21,4.31,4.39,4.52,4.55,4.72,4.54,4.76
11/22/2022,3.81,3.87,4.06,4.14,4.21,4.31,4.36,4.48,4.55,4.72,4.57,4.79
11/21/2022,3.82,3.88,4.04,4.12,4.23,4.33,4.35,4.47,4.53,4.7,4.54,4.76
11/18/2022,3.79,3.85,4.05,4.13,4.15,4.25,4.35,4.47,4.48,4.65,4.53,4.75
11/17/2022,3.8,3.86,4.03,4.11,4.13,4.23,4.33,4.45,4.44,4.6,4.47,4.69
11/16/2022,3.64,3.7,3.93,4.01,4.14,4.24,4.32,4.44,4.42,4.58,4.41,4.62
11/15/2022,3.62,3.68,3.88,3.96,4.14,4.24,4.28,4.4,4.41,4.57,4.4,4.61
11/14/2022,3.58,3.64,3.84,3.92,4.16,4.26,4.26,4.38,4.43,4.59,4.42,4.63
11/10/2022,3.58,3.64,3.84,3.92,4.09,4.19,4.26,4.38,4.4,4.56,4.38,4.59
11/09/2022,3.48,3.54,3.83,3.91,4.11,4.21,4.3,4.42,4.47,4.64,4.53,4.75
11/08/2022,3.51,3.57,3.82,3.9,4.1,4.2,4.27,4.39,4.48,4.65,4.55,4.78
11/07/2022,3.64,3.7,3.83,3.91,4.12,4.22,4.27,4.39,4.5,4.67,4.57,4.8
11/04/2022,3.6,3.66,3.83,3.91,4.02,4.12,4.26,4.38,4.43,4.59,4.54,4.77
11/03/2022,3.63,3.69,3.87,3.95,4.06,4.16,4.27,4.39,4.44,4.6,4.56,4.79
11/02/2022,3.53,3.59,3.82,3.9,4.04,4.14,4.28,4.4,4.45,4.62,4.53,4.76
11/01/2022,3.56,3.62,3.81,3.89,4.06,4.16,4.23,4.35,4.46,4.63,4.52,4.75
10/31/2022,3.57,3.63,3.82,3.9,4.06,4.16,4.21,4.33,4.45,4.62,4.46,4.67
10/28/2022,3.6,3.66,3.81,3.89,3.99,4.08,4.19,4.31,4.37,4.53,4.36,4.56
10/27/2022,3.61,3.67,3.81,3.89,3.95,4.04,4.17,4.29,4.3,4.46,4.31,4.51
10/26/2022,3.36,3.41,3.66,3.73,3.94,4.03,4.18,4.3,4.32,4.48,4.34,4.54
10/25/2022,3.4,3.46,3.62,3.69,3.97,4.07,4.12,4.23,4.36,4.52,4.4,4.61
10/24/2022,3.42,3.48,3.65,3.72,4,4.1,4.14,4.26,4.38,4.54,4.4,4.61
10/21/2022,3.42,3.48,3.64,3.71,3.9,3.99,4.13,4.25,4.29,4.44,4.38,4.59
10/20/2022,3.44,3.5,3.7,3.77,3.91,4,4.15,4.27,4.34,4.5,4.44,4.65
10/19/2022,3.13,3.18,3.52,3.59,3.91,4,4.15,4.27,4.31,4.47,4.39,4.6
10/18/2022,3.08,3.13,3.5,3.57,3.89,3.98,,,4.25,4.4,4.3,4.5
10/17/2022,3.16,3.21,3.49,3.56,3.82,3.91,,,4.25,4.4,4.29,4.49
10/14/2022,3.18,3.23,3.48,3.55,3.65,3.73,,,4.17,4.32,4.29,4.49
10/13/2022,3.23,3.28,3.48,3.55,3.64,3.72,,,4.16,4.31,4.26,4.46
10/12/2022,2.91,2.96,3.28,3.34,3.56,3.64,,,4.03,4.17,4.1,4.29
10/11/2022,2.92,2.97,3.27,3.33,3.53,3.61,,,4.05,4.19,4.09,4.28
10/07/2022,2.92,2.97,3.23,3.29,3.31,3.38,,,3.96,4.09,4.05,4.23
10/06/2022,2.94,2.99,3.23,3.29,3.32,3.39,,,3.91,4.04,4.01,4.19
10/05/2022,2.74,2.78,3.05,3.11,3.33,3.4,,,3.88,4.01,3.96,4.14
10/04/2022,2.77,2.81,3.07,3.13,3.32,3.39,,,3.87,4,3.98,4.16
10/03/2022,2.75,2.79,3.1,3.16,3.34,3.42,,,3.86,3.99,3.84,4
09/30/2022,2.7,2.74,3.07,3.13,3.22,3.29,,,3.82,3.95,3.87,4.03
09/29/2022,2.68,2.72,3.08,3.14,3.26,3.33,,,3.78,3.91,3.8,3.96
09/28/2022,2.5,2.54,2.96,3.01,3.29,3.36,,,3.78,3.91,3.81,3.97
09/27/2022,2.6,2.64,2.99,3.05,3.26,3.33,,,3.83,3.96,3.97,4.14
09/26/2022,2.64,2.68,2.99,3.05,3.3,3.37,,,3.87,4,3.98,4.15
09/23/2022,2.59,2.63,2.95,3,3.12,3.19,,,3.76,3.88,3.97,4.14
09/22/2022,2.65,2.69,2.98,3.04,3.19,3.26,,,3.78,3.91,3.9,4.07
09/21/2022,2.46,2.5,2.89,2.94,3.21,3.28,,,3.77,3.9,3.9,4.07
09/20/2022,2.47,2.51,2.88,2.93,3.26,3.33,,,3.77,3.9,3.87,4.04
09/19/2022,2.53,2.57,2.87,2.92,3.29,3.36,,,3.78,3.91,3.88,4.05
09/16/2022,2.6,2.64,2.89,2.94,3.1,3.17,,,3.68,3.8,3.8,3.96
09/15/2022,2.68,2.72,2.92,2.97,3.12,3.19,,,3.69,3.81,3.83,4
09/14/2022,2.43,2.47,2.78,2.83,3.14,3.21,,,3.68,3.8,3.79,3.95
09/13/2022,2.45,2.49,2.79,2.84,3.19,3.26,,,3.67,3.79,3.76,3.92
09/12/2022,2.54,2.58,2.79,2.84,3.09,3.16,,,3.48,3.59,3.55,3.7
09/09/2022,2.5,2.54,2.77,2.82,2.98,3.04,,,3.44,3.55,3.52,3.67
09/08/2022,2.5,2.54,2.76,2.81,2.97,3.03,,,3.37,3.48,3.46,3.6
09/07/2022,2.18,2.21,2.63,2.68,2.98,3.04,,,3.34,3.44,3.46,3.6
09/06/2022,2.34,2.38,2.68,2.73,2.96,3.02,,,3.33,3.43,3.47,3.61
09/02/2022,2.42,2.46,2.69,2.74,2.85,2.91,,,3.26,3.36,3.35,3.48
09/01/2022,2.46,2.5,2.7,2.75,2.88,2.94,,,3.27,3.37,3.38,3.51
08/31/2022,2.29,2.33,2.59,2.64,2.87,2.93,,,3.25,3.35,3.37,3.5
08/30/2022,2.32,2.36,2.61,2.66,2.88,2.94,,,3.25,3.35,3.34,3.47
08/29/2022,2.35,2.39,2.64,2.69,2.89,2.95,,,3.25,3.35,3.3,3.43
08/26/2022,2.31,2.35,2.6,2.65,2.78,2.84,,,3.14,3.23,3.24,3.36
08/25/2022,2.34,2.38,2.62,2.67,2.78,2.84,,,3.13,3.22,3.21,3.33
08/24/2022,2.17,2.2,2.5,2.54,2.73,2.79,,,3.15,3.25,3.23,3.35
08/23/2022,2.17,2.2,2.49,2.53,2.71,2.77,,,3.1,3.19,3.17,3.29
08/22/2022,2.18,2.21,2.49,2.53,2.74,2.8,,,3.11,3.2,3.2,3.32
08/19/2022,2.16,2.19,2.52,2.57,2.64,2.69,,,3.04,3.13,3.14,3.26
08/18/2022,2.16,2.19,2.49,2.53,2.61,2.66,,,3.01,3.1,3.12,3.24
08/17/2022,2.11,2.14,2.4,2.44,2.59,2.64,,,3.03,3.12,3.15,3.27
08/16/2022,2.16,2.19,2.41,2.45,2.61,2.66,,,3.01,3.1,3.14,3.26
08/15/2022,2.18,2.21,2.43,2.47,2.63,2.68,,,3.02,3.11,3.11,3.23
08/12/2022,2.16,2.19,2.42,2.46,2.53,2.58,,,3.01,3.1,3.14,3.26
08/11/2022,2.17,2.2,2.44,2.48,2.52,2.57,,,2.96,3.05,3.13,3.25
08/10/2022,2.15,2.18,2.33,2.37,2.56,2.61,,,3.01,3.1,3.14,3.26
08/09/2022,2.14,2.17,2.33,2.37,2.58,2.63,,,3.05,3.14,3.21,3.34
08/08/2022,2.14,2.17,2.33,2.37,2.57,2.62,,,3.04,3.13,3.18,3.3
08/05/2022,2.14,2.17,2.32,2.36,2.48,2.53,,,2.98,3.07,3.17,3.29
08/04/2022,2.12,2.15,2.29,2.33,2.41,2.46,,,2.87,2.95,3.01,3.12
08/03/2022,2.14,2.17,2.17,2.21,2.44,2.49,,,2.89,2.97,3.02,3.13
08/02/2022,2.15,2.18,2.22,2.26,2.48,2.53,,,2.89,2.97,2.98,3.09
08/01/2022,2.15,2.18,2.22,2.26,2.48,2.53,,,2.86,2.94,2.88,2.98
07/29/2022,2.16,2.19,2.2,2.24,2.34,2.39,,,2.81,2.89,2.88,2.98
07/28/2022,2.15,2.18,2.22,2.26,2.35,2.4,,,2.79,2.87,2.83,2.93
07/27/2022,2.09,2.12,2.19,2.23,2.37,2.42,,,2.83,2.91,2.9,3
07/26/2022,2.12,2.15,2.24,2.28,2.48,2.53,,,2.9,2.98,2.96,3.07
07/25/2022,2.1,2.13,2.19,2.23,2.55,2.6,,,2.95,3.04,2.97,3.08
07/22/2022,2.12,2.15,2.2,2.24,2.41,2.46,,,2.86,2.94,2.91,3.02
07/21/2022,2.12,2.15,2.22,2.26,2.4,2.45,,,2.88,2.96,3,3.11
07/20/2022,1.84,1.87,2.16,2.2,2.44,2.49,,,2.93,3.02,3.07,3.19
07/19/2022,1.87,1.9,2.17,2.21,2.46,2.51,,,2.95,3.04,3.07,3.19
07/18/2022,1.91,1.94,2.17,2.21,2.44,2.49,,,2.91,2.99,3.02,3.13
07/15/2022,1.95,1.98,2.18,2.22,2.29,2.33,,,2.83,2.91,3.01,3.12
07/14/2022,1.96,1.99,2.24,2.28,2.33,2.38,,,2.82,2.9,3.05,3.17
07/13/2022,1.68,1.71,2.07,2.11,2.33,2.38,,,2.85,2.93,3.09,3.21
07/12/2022,1.57,1.59,1.9,1.93,2.16,2.2,,,2.69,2.76,2.97,3.08
07/11/2022,1.53,1.55,1.85,1.88,2.13,2.17,,,2.7,2.78,2.85,2.95
07/08/2022,1.55,1.57,1.86,1.89,1.91,1.95,,,2.58,2.65,2.84,2.94
07/07/2022,1.53,1.55,1.84,1.87,1.89,1.93,,,2.54,2.61,2.76,2.85
07/06/2022,1.29,1.31,1.61,1.64,1.85,1.88,,,2.53,2.6,2.71,2.8
07/05/2022,1.27,1.29,1.63,1.66,1.86,1.89,,,2.5,2.57,2.68,2.77
07/01/2022,1.26,1.28,1.64,1.67,1.66,1.69,,,2.44,2.5,2.69,2.78
06/30/2022,1.26,1.28,1.64,1.67,1.66,1.69,,,2.44,2.5,2.7,2.79
06/29/2022,1.06,1.08,1.46,1.48,1.73,1.76,,,2.48,2.55,2.77,2.87
06/28/2022,1.07,1.09,1.52,1.54,1.75,1.78,,,2.48,2.55,2.77,2.87
06/27/2022,1.13,1.15,1.52,1.54,1.75,1.78,,,2.49,2.56,2.78,2.88
06/24/2022,1.18,1.2,1.57,1.6,1.66,1.69,,,2.43,2.49,2.73,2.82
06/23/2022,1.11,1.13,1.52,1.54,1.59,1.62,,,2.37,2.43,2.68,2.77
06/22/2022,0.92,0.93,1.36,1.38,1.57,1.6,,,2.34,2.4,2.7,2.79
06/21/2022,1.04,1.06,1.42,1.44,1.66,1.69,,,2.39,2.45,2.82,2.92
06/17/2022,1.13,1.15,1.47,1.49,1.58,1.61,,,2.17,2.22,2.77,2.87
06/16/2022,1.18,1.2,1.46,1.48,1.54,1.57,,,2.17,2.22,2.78,2.88
06/15/2022,1.16,1.18,1.49,1.51,1.69,1.72,,,2.25,2.31,2.83,2.93
06/14/2022,1.15,1.17,1.48,1.5,1.78,1.81,,,2.37,2.43,3.05,3.17
06/13/2022,1.11,1.13,1.4,1.42,1.69,1.72,,,2.2,2.26,2.73,2.82
06/10/2022,1.09,1.11,1.24,1.26,1.34,1.36,,,1.92,1.97,2.45,2.53
06/09/2022,1.04,1.06,1.16,1.18,1.26,1.28,,,1.76,1.8,2.23,2.3
06/08/2022,0.86,0.87,1.05,1.07,1.25,1.27,,,1.73,1.77,2.18,2.25
06/07/2022,0.85,0.86,1.03,1.05,1.24,1.26,,,1.71,1.75,2.15,2.21
06/06/2022,0.87,0.88,1.04,1.06,1.23,1.25,,,1.7,1.74,2.14,2.2
06/03/2022,0.86,0.87,1.03,1.05,1.17,1.19,,,1.63,1.67,2.1,2.16
06/02/2022,0.84,0.85,1.04,1.06,1.13,1.15,,,1.6,1.64,2.07,2.13
06/01/2022,0.75,0.76,0.85,0.86,1.12,1.14,,,1.59,1.63,2.08,2.14
05/31/2022,0.71,0.72,0.84,0.85,1.13,1.15,,,1.6,1.64,2,2.06
05/27/2022,0.68,0.69,0.9,0.91,1.06,1.08,,,1.49,1.52,1.94,2
05/26/2022,0.7,0.71,0.89,0.9,1.06,1.08,,,1.48,1.51,1.93,1.99
05/25/2022,0.52,0.53,0.83,0.84,1.05,1.07,,,1.48,1.51,1.94,2
05/24/2022,0.51,0.52,0.84,0.85,1.05,1.07,,,1.49,1.52,1.95,2.01
05/23/2022,0.52,0.53,0.87,0.88,1.07,1.09,,,1.53,1.56,2.02,2.08
05/20/2022,0.62,0.63,0.86,0.87,1.01,1.03,,,1.46,1.49,2.01,2.07
05/19/2022,0.65,0.66,0.9,0.91,1.04,1.06,,,1.47,1.5,2.05,2.11
05/18/2022,0.5,0.51,0.8,0.81,1.02,1.04,,,1.52,1.55,2.1,2.16
05/17/2022,0.58,0.59,0.81,0.82,1.06,1.08,,,1.52,1.55,2.02,2.08
05/16/2022,0.62,0.63,0.81,0.82,1.07,1.09,,,1.5,1.53,1.96,2.02
05/13/2022,0.66,0.67,0.78,0.79,1.01,1.03,,,1.42,1.45,1.92,1.97
05/12/2022,0.6,0.61,0.77,0.78,0.95,0.97,,,1.39,1.42,1.85,1.9
05/11/2022,0.56,0.57,0.74,0.75,0.9,0.91,,,1.39,1.42,1.88,1.93
05/10/2022,0.55,0.56,0.72,0.73,0.89,0.9,,,1.4,1.43,1.9,1.95
05/09/2022,0.49,0.5,0.7,0.71,0.92,0.93,,,1.39,1.42,1.89,1.94
05/06/2022,0.48,0.49,0.71,0.72,0.84,0.85,,,1.36,1.39,1.98,2.04
05/05/2022,0.49,0.5,0.7,0.71,0.84,0.85,,,1.33,1.36,1.98,2.04
05/04/2022,0.45,0.46,0.7,0.71,0.88,0.89,,,1.39,1.42,1.98,2.04
05/03/2022,0.44,0.45,0.73,0.74,0.9,0.91,,,1.41,1.44,2.07,2.13
05/02/2022,0.38,0.39,0.67,0.68,0.9,0.91,,,1.45,1.48,2.01,2.07
04/29/2022,0.37,0.38,0.71,0.72,0.83,0.84,,,1.37,1.4,2.02,2.08
04/28/2022,0.37,0.38,0.7,0.71,0.81,0.82,,,1.35,1.38,1.96,2.02
04/27/2022,0.35,0.35,0.58,0.59,0.82,0.83,,,1.36,1.39,1.91,1.96
04/26/2022,0.36,0.37,0.56,0.57,0.84,0.85,,,1.37,1.4,1.92,1.97
04/25/2022,0.39,0.4,0.57,0.58,0.93,0.95,,,1.4,1.43,1.96,2.02
04/22/2022,0.46,0.47,0.63,0.64,0.82,0.83,,,1.3,1.33,2,2.06
04/21/2022,0.5,0.51,0.64,0.65,0.82,0.83,,,1.29,1.32,1.96,2.02
04/20/2022,0.33,0.33,0.5,0.51,0.82,0.83,,,1.26,1.29,1.88,1.93
04/19/2022,0.35,0.35,0.54,0.55,0.82,0.83,,,1.26,1.29,1.89,1.94
04/18/2022,0.37,0.38,0.57,0.58,0.82,0.83,,,1.25,1.28,1.72,1.77
04/14/2022,0.37,0.38,0.57,0.58,0.78,0.79,,,1.22,1.24,1.73,1.78
04/13/2022,0.23,0.23,0.47,0.48,0.75,0.76,,,1.17,1.19,1.67,1.71
04/12/2022,0.19,0.19,0.47,0.48,0.74,0.75,,,1.18,1.2,1.67,1.71
04/11/2022,0.21,0.21,0.5,0.51,0.78,0.79,,,1.22,1.24,1.75,1.8
04/08/2022,0.2,0.2,0.47,0.48,0.69,0.7,,,1.16,1.18,1.72,1.77
04/07/2022,0.21,0.21,0.49,0.5,0.68,0.69,,,1.12,1.14,1.69,1.73
04/06/2022,0.19,0.19,0.39,0.4,0.67,0.68,,,1.13,1.15,1.71,1.76
04/05/2022,0.17,0.17,0.38,0.39,0.65,0.66,,,1.11,1.13,1.69,1.73
04/04/2022,0.17,0.17,0.38,0.39,0.67,0.68,,,1.12,1.14,1.65,1.69
04/01/2022,0.15,0.15,0.36,0.37,0.52,0.53,,,1.05,1.07,1.65,1.69
03/31/2022,0.17,0.17,0.35,0.36,0.51,0.52,,,1.02,1.04,1.57,1.61
03/30/2022,0.13,0.13,0.29,0.29,0.55,0.56,,,1.01,1.03,1.58,1.62
03/29/2022,0.17,0.17,0.31,0.31,0.56,0.57,,,1.03,1.05,1.62,1.66
03/28/2022,0.18,0.18,0.33,0.33,0.6,0.61,,,1.06,1.08,1.63,1.67
03/25/2022,0.17,0.17,0.31,0.31,0.53,0.54,,,0.98,1,1.62,1.66
03/24/2022,0.16,0.16,0.31,0.31,0.5,0.51,,,0.93,0.95,1.51,1.55
03/23/2022,0.14,0.14,0.23,0.23,0.5,0.51,,,0.9,0.92,1.49,1.53
03/22/2022,0.2,0.2,0.27,0.27,0.51,0.52,,,0.94,0.96,1.56,1.6
03/21/2022,0.21,0.21,0.31,0.31,0.55,0.56,,,0.93,0.95,1.28,1.31
03/18/2022,0.19,0.19,0.28,0.28,0.41,0.42,,,0.8,0.81,1.19,1.22
03/17/2022,0.2,0.2,0.3,0.3,0.4,0.41,,,0.79,0.8,1.2,1.23
03/16/2022,0.23,0.23,0.28,0.28,0.43,0.44,,,0.84,0.86,1.26,1.29
03/15/2022,0.21,0.21,0.29,0.29,0.46,0.47,,,0.84,0.86,1.19,1.22
03/14/2022,0.22,0.22,0.3,0.3,0.45,0.46,,,0.84,0.86,1.2,1.23
03/11/2022,0.17,0.17,0.28,0.28,0.39,0.4,,,0.75,0.76,1.15,1.18
03/10/2022,0.19,0.19,0.28,0.28,0.38,0.39,,,0.73,0.74,1.13,1.16
03/09/2022,0.17,0.17,0.23,0.23,0.38,0.39,,,0.73,0.74,1.1,1.12
03/08/2022,0.15,0.15,0.22,0.22,0.36,0.37,,,0.7,0.71,1.07,1.09
03/07/2022,0.17,0.17,0.21,0.21,0.38,0.39,,,0.73,0.74,1.03,1.05
03/04/2022,0.15,0.15,0.21,0.21,0.33,0.33,,,0.66,0.67,1.02,1.04
03/03/2022,0.19,0.19,0.25,0.25,0.37,0.38,,,0.67,0.68,1.05,1.07
03/02/2022,0.12,0.12,0.21,0.21,0.33,0.33,,,0.66,0.67,1.03,1.05
03/01/2022,0.1,0.1,0.19,0.19,0.32,0.32,,,0.59,0.6,0.88,0.9
02/28/2022,0.06,0.06,0.19,0.19,0.37,0.38,,,0.68,0.69,0.98,1
02/25/2022,0.03,0.03,0.2,0.2,0.33,0.33,,,0.71,0.72,1.11,1.13
02/24/2022,0.05,0.05,0.19,0.19,0.33,0.33,,,0.64,0.65,1.06,1.08
02/23/2022,0.02,0.02,0.18,0.18,0.36,0.37,,,0.74,0.75,1.14,1.17
02/22/2022,0.03,0.03,0.18,0.18,0.39,0.4,,,0.74,0.75,1.15,1.18
02/18/2022,0.03,0.03,0.2,0.2,0.35,0.36,,,0.65,0.66,0.97,0.99
02/17/2022,0.06,0.06,0.24,0.24,0.37,0.38,,,0.65,0.66,0.99,1.01
02/16/2022,0.03,0.03,0.14,0.14,0.39,0.4,,,0.67,0.68,1.04,1.06
02/15/2022,0.02,0.02,0.17,0.17,0.41,0.42,,,0.72,0.73,1.05,1.07
02/14/2022,0.03,0.03,0.24,0.24,0.45,0.46,,,0.77,0.78,1.08,1.1
02/11/2022,0.03,0.03,0.23,0.23,0.37,0.38,,,0.7,0.71,1.03,1.05
02/10/2022,0.05,0.05,0.32,0.32,0.41,0.42,,,0.74,0.75,1.09,1.11
02/09/2022,0.03,0.03,0.13,0.13,0.27,0.27,,,0.57,0.58,0.87,0.89
02/08/2022,0.03,0.03,0.12,0.12,0.27,0.27,,,0.59,0.6,0.87,0.89
02/07/2022,0.03,0.03,0.13,0.13,0.28,0.28,,,0.59,0.6,0.85,0.87
02/04/2022,0.05,0.05,0.13,0.13,0.23,0.23,,,0.55,0.56,0.86,0.88
02/03/2022,0.03,0.03,0.16,0.16,0.21,0.21,,,0.48,0.49,0.75,0.76
02/02/2022,0.04,0.04,0.09,0.09,0.2,0.2,,,0.45,0.46,0.74,0.75
02/01/2022,0.04,0.04,0.09,0.09,0.2,0.2,,,0.48,0.49,0.76,0.77
01/31/2022,0.03,0.03,0.13,0.13,0.24,0.24,,,0.49,0.5,0.76,0.77
01/28/2022,0.04,0.04,0.11,0.11,0.19,0.19,,,0.43,0.44,0.74,0.75
01/27/2022,0.04,0.04,0.14,0.14,0.2,0.2,,,0.43,0.44,0.74,0.75
01/26/2022,0.05,0.05,0.1,0.1,0.19,0.19,,,0.4,0.41,0.69,0.7
01/25/2022,0.05,0.05,0.08,0.08,0.2,0.2,,,0.39,0.4,0.64,0.65
01/24/2022,0.05,0.05,0.09,0.09,0.2,0.2,,,0.39,0.4,0.55,0.56
01/21/2022,0.05,0.05,0.08,0.08,0.17,0.17,,,0.35,0.36,0.54,0.55
01/20/2022,0.05,0.05,0.09,0.09,0.18,0.18,,,0.36,0.37,0.56,0.57
01/19/2022,0.05,0.05,0.05,0.05,0.17,0.17,,,0.36,0.37,0.53,0.54
01/18/2022,0.05,0.05,0.06,0.06,0.17,0.17,,,0.37,0.38,0.55,0.56
01/14/2022,0.05,0.05,0.06,0.06,0.13,0.13,,,0.3,0.3,0.48,0.49
01/13/2022,0.05,0.05,0.05,0.05,0.12,0.12,,,0.28,0.28,0.45,0.46
01/12/2022,0.04,0.04,0.05,0.05,0.12,0.12,,,0.28,0.28,0.45,0.46
01/11/2022,0.04,0.04,0.05,0.05,0.12,0.12,,,0.28,0.28,0.44,0.45
01/10/2022,0.05,0.05,0.06,0.06,0.13,0.13,,,0.29,0.29,0.44,0.45
01/07/2022,0.05,0.05,0.06,0.06,0.1,0.1,,,0.24,0.24,0.41,0.42
01/06/2022,0.04,0.04,0.06,0.06,0.1,0.1,,,0.23,0.23,0.43,0.44
01/05/2022,0.05,0.05,0.05,0.05,0.09,0.09,,,0.23,0.23,0.4,0.41
01/04/2022,0.06,0.06,0.05,0.05,0.08,0.08,,,0.23,0.23,0.37,0.38
01/03/2022,0.05,0.05,0.06,0.06,0.09,0.09,,,0.22,0.22,0.39,0.4
12/31/2021,0.06,0.06,0.05,0.05,0.06,0.06,0.19,0.19,0.38,0.39,,
12/30/2021,0.06,0.06,0.06,0.06,0.05,0.05,0.19,0.19,0.37,0.38,,
12/29/2021,0.01,0.01,0.02,0.02,0.05,0.05,0.19,0.19,0.38,0.39,,
12/28/2021,0.03,0.03,0.04,0.04,0.06,0.06,0.2,0.2,0.38,0.39,,
12/27/2021,0.04,0.04,0.05,0.05,0.06,0.06,0.21,0.21,0.3,0.3,,
12/23/2021,0.04,0.04,0.05,0.05,0.08,0.08,0.18,0.18,0.28,0.28,,
12/22/2021,0.03,0.03,0.04,0.04,0.08,0.08,0.16,0.16,0.26,0.26,,
12/21/2021,0.03,0.03,0.04,0.04,0.07,0.07,0.16,0.16,0.26,0.26,,
12/20/2021,0.03,0.03,0.05,0.05,0.07,0.07,0.16,0.16,0.25,0.25,,
12/17/2021,0.03,0.03,0.04,0.04,0.05,0.05,0.13,0.13,0.25,0.25,,
12/16/2021,0.04,0.04,0.06,0.06,0.05,0.05,0.13,0.13,0.25,0.25,,
12/15/2021,0.03,0.03,0.05,0.05,0.06,0.06,0.13,0.13,0.27,0.27,,
12/14/2021,0.01,0.01,0.05,0.05,0.05,0.05,0.13,0.13,0.25,0.25,,
12/13/2021,0.01,0.01,0.05,0.05,0.05,0.05,0.11,0.11,0.25,0.25,,
12/10/2021,0.03,0.03,0.06,0.06,0.06,0.06,0.13,0.13,0.26,0.26,,
12/09/2021,0.03,0.03,0.06,0.06,0.06,0.06,0.12,0.12,0.26,0.26,,
12/08/2021,0.04,0.04,0.05,0.05,0.07,0.07,0.13,0.13,0.28,0.28,,
12/07/2021,0.05,0.05,0.06,0.06,0.06,0.06,0.15,0.15,0.3,0.3,,
12/06/2021,0.05,0.05,0.05,0.05,0.06,0.06,0.13,0.13,0.27,0.27,,
12/03/2021,0.04,0.04,0.05,0.05,0.06,0.06,0.09,0.09,0.25,0.25,,
12/02/2021,0.05,0.05,0.05,0.05,0.05,0.05,0.09,0.09,0.26,0.26,,
12/01/2021,0.1,0.1,0.04,0.04,0.06,0.06,0.1,0.1,0.25,0.25,,
11/30/2021,0.11,0.11,0.05,0.05,0.05,0.05,0.1,0.1,0.24,0.24,,
11/29/2021,0.07,0.07,0.04,0.04,0.06,0.06,0.1,0.1,0.19,0.19,,
11/26/2021,0.11,0.11,0.04,0.04,0.06,0.06,0.1,0.1,0.18,0.18,,
11/24/2021,0.14,0.14,0.05,0.05,0.06,0.06,0.1,0.1,0.22,0.22,,
11/23/2021,0.06,0.06,0.04,0.04,0.06,0.06,0.07,0.07,0.19,0.19,,
11/22/2021,0.07,0.07,0.03,0.03,0.05,0.05,0.07,0.07,0.18,0.18,,
11/19/2021,0.11,0.11,0.04,0.04,0.05,0.05,0.06,0.06,0.16,0.16,,
11/18/2021,0.12,0.12,0.05,0.05,0.05,0.05,0.06,0.06,0.16,0.16,,
11/17/2021,0.06,0.06,0.05,0.05,0.05,0.05,0.06,0.06,0.16,0.16,,
11/16/2021,0.06,0.06,0.06,0.06,0.05,0.05,0.07,0.07,0.16,0.16,,
11/15/2021,0.06,0.06,0.06,0.06,0.05,0.05,0.06,0.06,0.17,0.17,,
11/12/2021,0.05,0.05,0.05,0.05,0.05,0.05,0.07,0.07,0.16,0.16,,
11/10/2021,0.06,0.06,0.06,0.06,0.05,0.05,0.07,0.07,0.16,0.16,,
11/09/2021,0.04,0.04,0.05,0.05,0.04,0.04,0.06,0.06,0.13,0.13,,
11/08/2021,0.04,0.04,0.06,0.06,0.06,0.06,0.07,0.07,0.15,0.15,,
11/05/2021,0.05,0.05,0.06,0.06,0.05,0.05,0.07,0.07,0.14,0.14,,
11/04/2021,0.05,0.05,0.05,0.05,0.04,0.04,0.07,0.07,0.14,0.14,,
11/03/2021,0.05,0.05,0.07,0.07,0.05,0.05,0.07,0.07,0.17,0.17,,
11/02/2021,0.05,0.05,0.06,0.06,0.05,0.05,0.07,0.07,0.15,0.15,,
11/01/2021,0.05,0.05,0.09,0.09,0.05,0.05,0.06,0.06,0.13,0.13,,
10/29/2021,0.06,0.06,0.08,0.08,0.05,0.05,0.07,0.07,0.13,0.13,,
10/28/2021,0.06,0.06,0.1,0.1,0.06,0.06,0.06,0.06,0.13,0.13,,
10/27/2021,0.06,0.06,0.07,0.07,0.06,0.06,0.07,0.07,0.11,0.11,,
10/26/2021,0.06,0.06,0.08,0.08,0.06,0.06,0.06,0.06,0.12,0.12,,
10/25/2021,0.06,0.06,0.1,0.1,0.06,0.06,0.06,0.06,0.12,0.12,,
10/22/2021,0.05,0.05,0.09,0.09,0.06,0.06,0.07,0.07,0.12,0.12,,
10/21/2021,0.06,0.06,0.08,0.08,0.06,0.06,0.06,0.06,0.11,0.11,,
10/20/2021,0.05,0.05,0.07,0.07,0.05,0.05,0.06,0.06,0.09,0.09,,
10/19/2021,0.05,0.05,0.09,0.09,0.05,0.05,0.06,0.06,0.1,0.1,,
10/18/2021,0.04,0.04,0.09,0.09,0.06,0.06,0.06,0.06,0.1,0.1,,
10/15/2021,0.04,0.04,0.08,0.08,0.05,0.05,0.06,0.06,0.11,0.11,,
10/14/2021,0.05,0.05,0.08,0.08,0.05,0.05,0.06,0.06,0.09,0.09,,
10/13/2021,0.02,0.02,0.06,0.06,0.05,0.05,0.06,0.06,0.1,0.1,,
10/12/2021,0.02,0.02,0.07,0.07,0.06,0.06,0.06,0.06,0.1,0.1,,
10/08/2021,0.02,0.02,0.07,0.07,0.05,0.05,0.07,0.07,0.09,0.09,,
10/07/2021,0.03,0.03,0.09,0.09,0.05,0.05,0.06,0.06,0.1,0.1,,
10/06/2021,0.06,0.06,0.04,0.04,0.04,0.04,0.06,0.06,0.1,0.1,,
10/05/2021,0.11,0.11,0.04,0.04,0.04,0.04,0.06,0.06,0.09,0.09,,
10/04/2021,0.1,0.1,0.04,0.04,0.04,0.04,0.06,0.06,0.08,0.08,,
10/01/2021,0.08,0.08,0.04,0.04,0.04,0.04,0.05,0.05,0.08,0.08,,
09/30/2021,0.07,0.07,0.05,0.05,0.04,0.04,0.05,0.05,0.08,0.08,,
09/29/2021,0.05,0.05,0.04,0.04,0.04,0.04,0.05,0.05,0.08,0.08,,
09/28/2021,0.07,0.07,0.04,0.04,0.04,0.04,0.06,0.06,0.08,0.08,,
09/27/2021,0.06,0.06,0.03,0.03,0.04,0.04,0.05,0.05,0.08,0.08,,
09/24/2021,0.06,0.06,0.04,0.04,0.03,0.03,0.05,0.05,0.07,0.07,,
09/23/2021,0.05,0.05,0.04,0.04,0.03,0.03,0.04,0.04,0.07,0.07,,
09/22/2021,0.04,0.04,0.04,0.04,0.03,0.03,0.05,0.05,0.08,0.08,,
09/21/2021,0.05,0.05,0.04,0.04,0.03,0.03,0.04,0.04,0.07,0.07,,
09/20/2021,0.06,0.06,0.05,0.05,0.04,0.04,0.05,0.05,0.07,0.07,,
09/17/2021,0.06,0.06,0.06,0.06,0.04,0.04,0.05,0.05,0.07,0.07,,
09/16/2021,0.06,0.06,0.06,0.06,0.04,0.04,0.05,0.05,0.07,0.07,,
09/15/2021,0.04,0.04,0.06,0.06,0.04,0.04,0.05,0.05,0.07,0.07,,
09/14/2021,0.05,0.05,0.06,0.06,0.04,0.04,0.05,0.05,0.07,0.07,,
09/13/2021,0.06,0.06,0.08,0.08,0.06,0.06,0.06,0.06,0.07,0.07,,
09/10/2021,0.06,0.06,0.06,0.06,0.05,0.05,0.06,0.06,0.08,0.08,,
09/09/2021,0.07,0.07,0.06,0.06,0.04,0.04,0.05,0.05,0.07,0.07,,
09/08/2021,0.05,0.05,0.06,0.06,0.05,0.05,0.06,0.06,0.08,0.08,,
09/07/2021,0.04,0.04,0.07,0.07,0.05,0.05,0.06,0.06,0.08,0.08,,
09/03/2021,0.04,0.04,0.07,0.07,0.05,0.05,0.05,0.05,0.07,0.07,,
09/02/2021,0.05,0.05,0.07,0.07,0.05,0.05,0.06,0.06,0.07,0.07,,
09/01/2021,0.04,0.04,0.06,0.06,0.05,0.05,0.06,0.06,0.07,0.07,,
08/31/2021,0.03,0.03,0.05,0.05,0.04,0.04,0.06,0.06,0.07,0.07,,
08/30/2021,0.04,0.04,0.07,0.07,0.05,0.05,0.05,0.05,0.07,0.07,,
08/27/2021,0.04,0.04,0.06,0.06,0.05,0.05,0.05,0.05,0.07,0.07,,
08/26/2021,0.04,0.04,0.06,0.06,0.05,0.05,0.06,0.06,0.06,0.06,,
08/25/2021,0.04,0.04,0.05,0.05,0.06,0.06,0.06,0.06,0.07,0.07,,
08/24/2021,0.03,0.03,0.05,0.05,0.05,0.05,0.05,0.05,0.06,0.06,,
08/23/2021,0.04,0.04,0.05,0.05,0.05,0.05,0.06,0.06,0.07,0.07,,
08/20/2021,0.04,0.04,0.05,0.05,0.05,0.05,0.05,0.05,0.06,0.06,,
08/19/2021,0.04,0.04,0.05,0.05,0.06,0.06,0.05,0.05,0.06,0.06,,
08/18/2021,0.03,0.03,0.05,0.05,0.07,0.07,0.05,0.05,0.07,0.07,,
08/17/2021,0.03,0.03,0.05,0.05,0.07,0.07,0.06,0.06,0.07,0.07,,
08/16/2021,0.04,0.04,0.05,0.05,0.06,0.06,0.05,0.05,0.08,0.08,,
08/13/2021,0.04,0.04,0.05,0.05,0.06,0.06,0.05,0.05,0.08,0.08,,
08/12/2021,0.05,0.05,0.06,0.06,0.06,0.06,0.06,0.06,0.09,0.09,,
08/11/2021,0.05,0.05,0.05,0.05,0.05,0.05,0.06,0.06,0.08,0.08,,
08/10/2021,0.05,0.05,0.05,0.05,0.05,0.05,0.05,0.05,0.08,0.08,,
08/09/2021,0.04,0.04,0.05,0.05,0.06,0.06,0.06,0.06,0.07,0.07,,
08/06/2021,0.04,0.04,0.05,0.05,0.06,0.06,0.06,0.06,0.08,0.08,,
08/05/2021,0.05,0.05,0.05,0.05,0.05,0.05,0.06,0.06,0.08,0.08,,
08/04/2021,0.05,0.05,0.05,0.05,0.05,0.05,0.05,0.05,0.07,0.07,,
08/03/2021,0.05,0.05,0.05,0.05,0.05,0.05,0.06,0.06,0.07,0.07,,
08/02/2021,0.05,0.05,0.05,0.05,0.05,0.05,0.06,0.06,0.07,0.07,,
07/30/2021,0.05,0.05,0.05,0.05,0.06,0.06,0.05,0.05,0.07,0.07,,
07/29/2021,0.05,0.05,0.05,0.05,0.06,0.06,0.05,0.05,0.07,0.07,,
07/28/2021,0.04,0.04,0.05,0.05,0.05,0.05,0.05,0.05,0.07,0.07,,
07/27/2021,0.04,0.04,0.05,0.05,0.05,0.05,0.05,0.05,0.07,0.07,,
07/26/2021,0.05,0.05,0.05,0.05,0.05,0.05,0.06,0.06,0.08,0.08,,
07/23/2021,0.05,0.05,0.05,0.05,0.05,0.05,0.05,0.05,0.07,0.07,,
07/22/2021,0.04,0.04,0.04,0.04,0.05,0.05,0.05,0.05,0.07,0.07,,
07/21/2021,0.04,0.04,0.04,0.04,0.05,0.05,0.05,0.05,0.07,0.07,,
07/20/2021,0.05,0.05,0.05,0.05,0.05,0.05,0.06,0.06,0.08,0.08,,
07/19/2021,0.05,0.05,0.05,0.05,0.05,0.05,0.06,0.06,0.07,0.07,,
07/16/2021,0.05,0.05,0.05,0.05,0.05,0.05,0.05,0.05,0.08,0.08,,
07/15/2021,0.05,0.05,0.05,0.05,0.05,0.05,0.05,0.05,0.07,0.07,,
07/14/2021,0.06,0.06,0.05,0.05,0.06,0.06,0.05,0.05,0.08,0.08,,
07/13/2021,0.05,0.05,0.05,0.05,0.05,0.05,0.06,0.06,0.08,0.08,,
07/12/2021,0.05,0.05,0.05,0.05,0.05,0.05,0.06,0.06,0.07,0.07,,
07/09/2021,0.06,0.06,0.05,0.05,0.06,0.06,0.05,0.05,0.07,0.07,,
07/08/2021,0.06,0.06,0.05,0.05,0.06,0.06,0.06,0.06,0.07,0.07,,
07/07/2021,0.05,0.05,0.05,0.05,0.05,0.05,0.05,0.05,0.07,0.07,,
07/06/2021,0.05,0.05,0.05,0.05,0.05,0.05,0.06,0.06,0.07,0.07,,
07/02/2021,0.05,0.05,0.05,0.05,0.05,0.05,0.05,0.05,0.07,0.07,,
07/01/2021,0.05,0.05,0.05,0.05,0.05,0.05,0.05,0.05,0.08,0.08,,
06/30/2021,0.05,0.05,0.05,0.05,0.05,0.05,0.06,0.06,0.07,0.07,,
06/29/2021,0.04,0.04,0.04,0.04,0.04,0.04,0.06,0.06,0.07,0.07,,
06/28/2021,0.04,0.04,0.05,0.05,0.05,0.05,0.06,0.06,0.08,0.08,,
06/25/2021,0.05,0.05,0.05,0.05,0.06,0.06,0.06,0.06,0.08,0.08,,
06/24/2021,0.05,0.05,0.05,0.05,0.05,0.05,0.05,0.05,0.08,0.08,,
06/23/2021,0.04,0.04,0.04,0.04,0.05,0.05,0.05,0.05,0.08,0.08,,
06/22/2021,0.04,0.04,0.05,0.05,0.04,0.04,0.06,0.06,0.09,0.09,,
06/21/2021,0.04,0.04,0.04,0.04,0.05,0.05,0.06,0.06,0.09,0.09,,
06/18/2021,0.05,0.05,0.05,0.05,0.05,0.05,0.06,0.06,0.09,0.09,,
06/17/2021,0.05,0.05,0.04,0.04,0.04,0.04,0.06,0.06,0.08,0.08,,
06/16/2021,0.04,0.04,0.04,0.04,0.04,0.04,0.06,0.06,0.08,0.08,,
06/15/2021,0.02,0.02,0.02,0.02,0.03,0.03,0.05,0.05,0.08,0.08,,
06/14/2021,0.01,0.01,0.02,0.02,0.03,0.03,0.05,0.05,0.05,0.05,,
06/11/2021,0.01,0.01,0.02,0.02,0.03,0.03,0.04,0.04,0.05,0.05,,
06/10/2021,0.01,0.01,0.02,0.02,0.03,0.03,0.04,0.04,0.05,0.05,,
06/09/2021,0.01,0.01,0.02,0.02,0.03,0.03,0.04,0.04,0.05,0.05,,
06/08/2021,0.01,0.01,0.02,0.02,0.02,0.02,0.04,0.04,0.05,0.05,,
06/07/2021,0.01,0.01,0.02,0.02,0.02,0.02,0.04,0.04,0.05,0.05,,
06/04/2021,0.01,0.01,0.02,0.02,0.02,0.02,0.04,0.04,0.05,0.05,,
06/03/2021,0,0,0.01,0.01,0.02,0.02,0.04,0.04,0.04,0.04,,
06/02/2021,0.01,0.01,0.01,0.01,0.02,0.02,0.04,0.04,0.05,0.05,,
06/01/2021,0.01,0.01,0.01,0.01,0.02,0.02,0.04,0.04,0.04,0.04,,
05/28/2021,0.01,0.01,0.01,0.01,0.01,0.01,0.03,0.03,0.05,0.05,,
05/27/2021,0,0,0.01,0.01,0.02,0.02,0.04,0.04,0.04,0.04,,
05/26/2021,0,0,0,0,0.02,0.02,0.04,0.04,0.04,0.04,,
05/25/2021,0.01,0.01,0.01,0.01,0.02,0.02,0.04,0.04,0.04,0.04,,
05/24/2021,0.01,0.01,0.01,0.01,0.02,0.02,0.03,0.03,0.04,0.04,,
05/21/2021,0,0,0.01,0.01,0.01,0.01,0.02,0.02,0.04,0.04,,
05/20/2021,0.01,0.01,0.01,0.01,0.01,0.01,0.03,0.03,0.05,0.05,,
05/19/2021,0,0,0.01,0.01,0.01,0.01,0.03,0.03,0.05,0.05,,
05/18/2021,0,0,0.01,0.01,0.02,0.02,0.03,0.03,0.06,0.06,,
05/17/2021,0,0,0.01,0.01,0.02,0.02,0.04,0.04,0.05,0.05,,
05/14/2021,0.01,0.01,0.01,0.01,0.01,0.01,0.03,0.03,0.05,0.05,,
05/13/2021,0,0,0.01,0.01,0.02,0.02,0.03,0.03,0.05,0.05,,
05/12/2021,0.01,0.01,0.02,0.02,0.02,0.02,0.04,0.04,0.05,0.05,,
05/11/2021,0.01,0.01,0.01,0.01,0.01,0.01,0.04,0.04,0.05,0.05,,
05/10/2021,0.02,0.02,0.01,0.01,0.02,0.02,0.04,0.04,0.05,0.05,,
05/07/2021,0.01,0.01,0.01,0.01,0.02,0.02,0.04,0.04,0.05,0.05,,
05/06/2021,0.01,0.01,0.02,0.02,0.02,0.02,0.04,0.04,0.05,0.05,,
05/05/2021,0.01,0.01,0.01,0.01,0.02,0.02,0.04,0.04,0.06,0.06,,
05/04/2021,0.01,0.01,0.01,0.01,0.02,0.02,0.04,0.04,0.06,0.06,,
05/03/2021,0.02,0.02,0.02,0.02,0.04,0.04,0.04,0.04,0.06,0.06,,
04/30/2021,0.01,0.01,0.02,0.02,0.01,0.01,0.03,0.03,0.05,0.05,,
04/29/2021,0.01,0.01,0.01,0.01,0.01,0.01,0.04,0.04,0.05,0.05,,
04/28/2021,0.01,0.01,0.01,0.01,0.01,0.01,0.04,0.04,0.05,0.05,,
04/27/2021,0.01,0.01,0.02,0.02,0.01,0.01,0.04,0.04,0.06,0.06,,
04/26/2021,0.02,0.02,0.02,0.02,0.03,0.03,0.04,0.04,0.06,0.06,,
04/23/2021,0.01,0.01,0.02,0.02,0.03,0.03,0.03,0.03,0.07,0.07,,
04/22/2021,0.02,0.02,0.02,0.02,0.03,0.03,0.04,0.04,0.06,0.06,,
04/21/2021,0,0,0.02,0.02,0.03,0.03,0.04,0.04,0.07,0.07,,
04/20/2021,0.01,0.01,0.02,0.02,0.03,0.03,0.04,0.04,0.07,0.07,,
04/19/2021,0.01,0.01,0.02,0.02,0.02,0.02,0.04,0.04,0.07,0.07,,
04/16/2021,0.02,0.02,0.02,0.02,0.02,0.02,0.04,0.04,0.06,0.06,,
04/15/2021,0.02,0.02,0.01,0.01,0.02,0.02,0.04,0.04,0.06,0.06,,
04/14/2021,0.02,0.02,0.02,0.02,0.02,0.02,0.04,0.04,0.06,0.06,,
04/13/2021,0.03,0.03,0.02,0.02,0.03,0.03,0.05,0.05,0.06,0.06,,
04/12/2021,0.02,0.02,0.02,0.02,0.02,0.02,0.04,0.04,0.06,0.06,,
04/09/2021,0.02,0.02,0.01,0.01,0.02,0.02,0.03,0.03,0.06,0.06,,
04/08/2021,0.02,0.02,0.02,0.02,0.01,0.01,0.04,0.04,0.05,0.05,,
04/07/2021,0.01,0.01,0.02,0.02,0.02,0.02,0.04,0.04,0.06,0.06,,
04/06/2021,0.02,0.02,0.02,0.02,0.02,0.02,0.04,0.04,0.06,0.06,,
04/05/2021,0.03,0.03,0.02,0.02,0.03,0.03,0.04,0.04,0.06,0.06,,
04/02/2021,0.02,0.02,0.02,0.02,0.02,0.02,0.04,0.04,0.07,0.07,,
04/01/2021,0.02,0.02,0.02,0.02,0.02,0.02,0.04,0.04,0.06,0.06,,
03/31/2021,0.01,0.01,0.01,0.01,0.03,0.03,0.05,0.05,0.07,0.07,,
03/30/2021,0.01,0.01,0.01,0.01,0.02,0.02,0.04,0.04,0.06,0.06,,
03/29/2021,0.02,0.02,0.03,0.03,0.03,0.03,0.04,0.04,0.06,0.06,,
03/26/2021,0.02,0.02,0.02,0.02,0.02,0.02,0.04,0.04,0.06,0.06,,
03/25/2021,0.02,0.02,0.03,0.03,0.02,0.02,0.04,0.04,0.07,0.07,,
03/24/2021,0.02,0.02,0.02,0.02,0.02,0.02,0.04,0.04,0.07,0.07,,
03/23/2021,0.02,0.02,0.02,0.02,0.01,0.01,0.04,0.04,0.08,0.08,,
03/22/2021,0.02,0.02,0.02,0.02,0.03,0.03,0.05,0.05,0.06,0.06,,
03/19/2021,0.01,0.01,0.01,0.01,0.01,0.01,0.03,0.03,0.06,0.06,,
03/18/2021,0.01,0.01,0.01,0.01,0.01,0.01,0.03,0.03,0.07,0.07,,
03/17/2021,0.01,0.01,0.02,0.02,0.02,0.02,0.05,0.05,0.07,0.07,,
03/16/2021,0.01,0.01,0.02,0.02,0.02,0.02,0.06,0.06,0.07,0.07,,
03/15/2021,0.02,0.02,0.02,0.02,0.04,0.04,0.06,0.06,0.08,0.08,,
03/12/2021,0.03,0.03,0.03,0.03,0.04,0.04,0.06,0.06,0.09,0.09,,
03/11/2021,0.04,0.04,0.04,0.04,0.04,0.04,0.05,0.05,0.08,0.08,,
03/10/2021,0.03,0.03,0.03,0.03,0.04,0.04,0.06,0.06,0.08,0.08,,
03/09/2021,0.04,0.04,0.04,0.04,0.05,0.05,0.07,0.07,0.1,0.1,,
03/08/2021,0.04,0.04,0.04,0.04,0.05,0.05,0.06,0.06,0.09,0.09,,
03/05/2021,0.04,0.04,0.04,0.04,0.04,0.04,0.07,0.07,0.08,0.08,,
03/04/2021,0.03,0.03,0.05,0.05,0.04,0.04,0.07,0.07,0.08,0.08,,
03/03/2021,0.04,0.04,0.04,0.04,0.05,0.05,0.07,0.07,0.08,0.08,,
03/02/2021,0.04,0.04,0.04,0.04,0.04,0.04,0.06,0.06,0.08,0.08,,
03/01/2021,0.03,0.03,0.03,0.03,0.05,0.05,0.07,0.07,0.08,0.08,,
02/26/2021,0.04,0.04,0.04,0.04,0.04,0.04,0.05,0.05,0.08,0.08,,
02/25/2021,0.04,0.04,0.03,0.03,0.04,0.04,0.06,0.06,0.09,0.09,,
02/24/2021,0.03,0.03,0.03,0.03,0.03,0.03,0.05,0.05,0.08,0.08,,
02/23/2021,0.03,0.03,0.02,0.02,0.04,0.04,0.05,0.05,0.08,0.08,,
02/22/2021,0.03,0.03,0.02,0.02,0.03,0.03,0.04,0.04,0.06,0.06,,
02/19/2021,0.03,0.03,0.03,0.03,0.04,0.04,0.06,0.06,0.07,0.07,,
02/18/2021,0.03,0.03,0.03,0.03,0.03,0.03,0.04,0.04,0.06,0.06,,
02/17/2021,0.03,0.03,0.04,0.04,0.04,0.04,0.06,0.06,0.07,0.07,,
02/16/2021,0.03,0.03,0.04,0.04,0.04,0.04,0.06,0.06,0.08,0.08,,
02/12/2021,0.03,0.03,0.04,0.04,0.04,0.04,0.05,0.05,0.06,0.06,,
02/11/2021,0.05,0.05,0.05,0.05,0.05,0.05,0.06,0.06,0.07,0.07,,
02/10/2021,0.05,0.05,0.04,0.04,0.05,0.05,0.06,0.06,0.07,0.07,,
02/09/2021,0.04,0.04,0.04,0.04,0.04,0.04,0.06,0.06,0.07,0.07,,
02/08/2021,0.04,0.04,0.03,0.03,0.05,0.05,0.05,0.05,0.07,0.07,,
02/05/2021,0.02,0.02,0.03,0.03,0.03,0.03,0.05,0.05,0.06,0.06,,
02/04/2021,0.03,0.03,0.04,0.04,0.04,0.04,0.06,0.06,0.07,0.07,,
02/03/2021,0.03,0.03,0.04,0.04,0.04,0.04,0.06,0.06,0.08,0.08,,
02/02/2021,0.04,0.04,0.05,0.05,0.07,0.07,0.08,0.08,0.08,0.08,,
02/01/2021,0.06,0.06,0.07,0.07,0.07,0.07,0.08,0.08,0.08,0.08,,
01/29/2021,0.07,0.07,0.07,0.07,0.06,0.06,0.07,0.07,0.1,0.1,,
01/28/2021,0.05,0.05,0.06,0.06,0.07,0.07,0.08,0.08,0.08,0.08,,
01/27/2021,0.05,0.05,0.06,0.06,0.08,0.08,0.09,0.09,0.09,0.09,,
01/26/2021,0.05,0.05,0.07,0.07,0.07,0.07,0.09,0.09,0.09,0.09,,
01/25/2021,0.07,0.07,0.08,0.08,0.09,0.09,0.09,0.09,0.1,0.1,,
01/22/2021,0.07,0.07,0.08,0.08,0.08,0.08,0.1,0.1,0.1,0.1,,
01/21/2021,0.07,0.07,0.09,0.09,0.09,0.09,0.09,0.09,0.1,0.1,,
01/20/2021,0.08,0.08,0.08,0.08,0.08,0.08,0.1,0.1,0.1,0.1,,
01/19/2021,0.07,0.07,0.09,0.09,0.09,0.09,0.11,0.11,0.1,0.1,,
01/15/2021,0.08,0.08,0.09,0.09,0.09,0.09,0.1,0.1,0.1,0.1,,
01/14/2021,0.09,0.09,0.09,0.09,0.09,0.09,0.09,0.09,0.1,0.1,,
01/13/2021,0.09,0.09,0.08,0.08,0.09,0.09,0.1,0.1,0.12,0.12,,
01/12/2021,0.09,0.09,0.08,0.08,0.09,0.09,0.09,0.09,0.11,0.11,,
01/11/2021,0.09,0.09,0.08,0.08,0.08,0.08,0.1,0.1,0.1,0.1,,
01/08/2021,0.08,0.08,0.08,0.08,0.08,0.08,0.09,0.09,0.1,0.1,,
01/07/2021,0.09,0.09,0.09,0.09,0.09,0.09,0.09,0.09,0.11,0.11,,
01/06/2021,0.09,0.09,0.09,0.09,0.09,0.09,0.09,0.09,0.11,0.11,,
01/05/2021,0.08,0.08,0.09,0.09,0.09,0.09,0.09,0.09,0.1,0.1,,
01/04/2021,0.09,0.09,0.09,0.09,0.09,0.09,0.09,0.09,0.1,0.1,,
12/31/2020,0.08,0.08,0.08,0.08,0.09,0.09,0.09,0.09,0.1,0.1,,
12/30/2020,0.06,0.06,0.06,0.06,0.08,0.08,0.09,0.09,0.12,0.12,,
12/29/2020,0.08,0.08,0.09,0.09,0.1,0.1,0.12,0.12,0.11,0.11,,
12/28/2020,0.09,0.09,0.1,0.1,0.11,0.11,0.11,0.11,0.11,0.11,,
12/24/2020,0.09,0.09,0.09,0.09,0.09,0.09,0.09,0.09,0.1,0.1,,
12/23/2020,0.07,0.07,0.08,0.08,0.09,0.09,0.09,0.09,0.09,0.09,,
12/22/2020,0.06,0.06,0.09,0.09,0.09,0.09,0.09,0.09,0.09,0.09,,
12/21/2020,0.08,0.08,0.09,0.09,0.09,0.09,0.09,0.09,0.09,0.09,,
12/18/2020,0.08,0.08,0.08,0.08,0.08,0.08,0.09,0.09,0.09,0.09,,
12/17/2020,0.08,0.08,0.09,0.09,0.08,0.08,0.09,0.09,0.09,0.09,,
12/16/2020,0.08,0.08,0.08,0.08,0.09,0.09,0.09,0.09,0.09,0.09,,
12/15/2020,0.07,0.07,0.08,0.08,0.08,0.08,0.08,0.08,0.09,0.09,,
12/14/2020,0.07,0.07,0.08,0.08,0.09,0.09,0.08,0.08,0.1,0.1,,
12/11/2020,0.08,0.08,0.08,0.08,0.08,0.08,0.08,0.08,0.1,0.1,,
12/10/2020,0.07,0.07,0.08,0.08,0.08,0.08,0.09,0.09,0.1,0.1,,
12/09/2020,0.07,0.07,0.07,0.07,0.08,0.08,0.09,0.09,0.1,0.1,,
12/08/2020,0.08,0.08,0.08,0.08,0.09,0.09,0.09,0.09,0.1,0.1,,
12/07/2020,0.09,0.09,0.08,0.08,0.08,0.08,0.1,0.1,0.1,0.1,,
12/04/2020,0.07,0.07,0.07,0.07,0.09,0.09,0.1,0.1,0.11,0.11,,
12/03/2020,0.08,0.08,0.08,0.08,0.08,0.08,0.09,0.09,0.1,0.1,,
12/02/2020,0.07,0.07,0.08,0.08,0.09,0.09,0.1,0.1,0.11,0.11,,
12/01/2020,0.07,0.07,0.07,0.07,0.09,0.09,0.1,0.1,0.12,0.12,,
11/30/2020,0.08,0.08,0.08,0.08,0.08,0.08,0.09,0.09,0.11,0.11,,
11/27/2020,0.09,0.09,0.09,0.09,0.09,0.09,0.1,0.1,0.11,0.11,,
11/25/2020,0.07,0.07,0.07,0.07,0.09,0.09,0.09,0.09,0.11,0.11,,
11/24/2020,0.08,0.08,0.08,0.08,0.09,0.09,0.1,0.1,0.11,0.11,,
11/23/2020,0.08,0.08,0.08,0.08,0.08,0.08,0.08,0.08,0.1,0.1,,
11/20/2020,0.09,0.09,0.09,0.09,0.07,0.07,0.1,0.1,0.11,0.11,,
11/19/2020,0.08,0.08,0.08,0.08,0.07,0.07,0.1,0.1,0.11,0.11,,
11/18/2020,0.07,0.07,0.09,0.09,0.09,0.09,0.1,0.1,0.11,0.11,,
11/17/2020,0.08,0.08,0.08,0.08,0.09,0.09,0.1,0.1,0.12,0.12,,
11/16/2020,0.09,0.09,0.1,0.1,0.09,0.09,0.12,0.12,0.12,0.12,,
11/13/2020,0.1,0.1,0.09,0.09,0.09,0.09,0.1,0.1,0.12,0.12,,
11/12/2020,0.1,0.1,0.11,0.11,0.1,0.1,0.1,0.1,0.13,0.13,,
11/10/2020,0.09,0.09,0.09,0.09,0.1,0.1,0.11,0.11,0.12,0.12,,
11/09/2020,0.1,0.1,0.1,0.1,0.11,0.11,0.11,0.11,0.12,0.12,,
11/06/2020,0.1,0.1,0.1,0.1,0.1,0.1,0.11,0.11,0.12,0.12,,
11/05/2020,0.09,0.09,0.1,0.1,0.1,0.1,0.1,0.1,0.12,0.12,,
11/04/2020,0.08,0.08,0.09,0.09,0.1,0.1,0.1,0.1,0.12,0.12,,
11/03/2020,0.09,0.09,0.1,0.1,0.1,0.1,0.12,0.12,0.14,0.14,,
11/02/2020,0.09,0.09,0.09,0.09,0.09,0.09,0.11,0.11,0.13,0.13,,
10/30/2020,0.08,0.08,0.09,0.09,0.09,0.09,0.11,0.11,0.13,0.13,,
10/29/2020,0.08,0.08,0.1,0.1,0.09,0.09,0.1,0.1,0.12,0.12,,
10/28/2020,0.07,0.07,0.09,0.09,0.1,0.1,0.11,0.11,0.12,0.12,,
10/27/2020,0.08,0.08,0.09,0.09,0.1,0.1,0.11,0.11,0.12,0.12,,
10/26/2020,0.08,0.08,0.09,0.09,0.11,0.11,0.12,0.12,0.12,0.12,,
10/23/2020,0.08,0.08,0.09,0.09,0.1,0.1,0.11,0.11,0.12,0.12,,
10/22/2020,0.09,0.09,0.09,0.09,0.09,0.09,0.11,0.11,0.13,0.13,,
10/21/2020,0.08,0.08,0.09,0.09,0.1,0.1,0.12,0.12,0.13,0.13,,
10/20/2020,0.08,0.08,0.09,0.09,0.1,0.1,0.12,0.12,0.13,0.13,,
10/19/2020,0.09,0.09,0.1,0.1,0.11,0.11,0.11,0.11,0.13,0.13,,
10/16/2020,0.09,0.09,0.1,0.1,0.11,0.11,0.12,0.12,0.12,0.12,,
10/15/2020,0.1,0.1,0.1,0.1,0.11,0.11,0.12,0.12,0.12,0.12,,
10/14/2020,0.1,0.1,0.1,0.1,0.12,0.12,0.12,0.12,0.13,0.13,,
10/13/2020,0.09,0.09,0.09,0.09,0.11,0.11,0.12,0.12,0.13,0.13,,
10/09/2020,0.1,0.1,0.11,0.11,0.1,0.1,0.12,0.12,0.15,0.15,,
10/08/2020,0.09,0.09,0.09,0.09,0.09,0.09,0.12,0.12,0.13,0.13,,
10/07/2020,0.08,0.08,0.09,0.09,0.1,0.1,0.12,0.12,0.13,0.13,,
10/06/2020,0.08,0.08,0.09,0.09,0.1,0.1,0.11,0.11,0.14,0.14,,
10/05/2020,0.09,0.09,0.1,0.1,0.1,0.1,0.11,0.11,0.12,0.12,,
10/02/2020,0.1,0.1,0.09,0.09,0.09,0.09,0.11,0.11,0.12,0.12,,
10/01/2020,0.09,0.09,0.09,0.09,0.09,0.09,0.1,0.1,0.12,0.12,,
09/30/2020,0.08,0.08,0.08,0.08,0.1,0.1,0.11,0.11,0.12,0.12,,
09/29/2020,0.07,0.07,0.08,0.08,0.09,0.09,0.11,0.11,0.12,0.12,,
09/28/2020,0.09,0.09,0.1,0.1,0.11,0.11,0.11,0.11,0.12,0.12,,
09/25/2020,0.08,0.08,0.09,0.09,0.1,0.1,0.11,0.11,0.12,0.12,,
09/24/2020,0.08,0.08,0.09,0.09,0.1,0.1,0.11,0.11,0.12,0.12,,
09/23/2020,0.08,0.08,0.09,0.09,0.11,0.11,0.11,0.11,0.13,0.13,,
09/22/2020,0.08,0.08,0.09,0.09,0.1,0.1,0.11,0.11,0.12,0.12,,
09/21/2020,0.09,0.09,0.1,0.1,0.1,0.1,0.11,0.11,0.12,0.12,,
09/18/2020,0.09,0.09,0.1,0.1,0.1,0.1,0.12,0.12,0.13,0.13,,
09/17/2020,0.09,0.09,0.09,0.09,0.09,0.09,0.11,0.11,0.12,0.12,,
09/16/2020,0.08,0.08,0.1,0.1,0.12,0.12,0.12,0.12,0.12,0.12,,
09/15/2020,0.09,0.09,0.1,0.1,0.11,0.11,0.12,0.12,0.13,0.13,,
09/14/2020,0.1,0.1,0.11,0.11,0.11,0.11,0.13,0.13,0.14,0.14,,
09/11/2020,0.1,0.1,0.11,0.11,0.11,0.11,0.12,0.12,0.13,0.13,,
09/10/2020,0.1,0.1,0.11,0.11,0.12,0.12,0.12,0.12,0.15,0.15,,
09/09/2020,0.1,0.1,0.11,0.11,0.12,0.12,0.14,0.14,0.14,0.14,,
09/08/2020,0.1,0.1,0.1,0.1,0.13,0.13,0.14,0.14,0.15,0.15,,
09/04/2020,0.09,0.09,0.1,0.1,0.11,0.11,0.12,0.12,0.13,0.13,,
09/03/2020,0.1,0.1,0.11,0.11,0.11,0.11,0.12,0.12,0.12,0.12,,
09/02/2020,0.1,0.1,0.1,0.1,0.12,0.12,0.12,0.12,0.13,0.13,,
09/01/2020,0.09,0.09,0.11,0.11,0.12,0.12,0.13,0.13,0.12,0.12,,
08/31/2020,0.08,0.08,0.1,0.1,0.11,0.11,0.13,0.13,0.12,0.12,,
08/28/2020,0.09,0.09,0.09,0.09,0.1,0.1,0.11,0.11,0.12,0.12,,
08/27/2020,0.09,0.09,0.1,0.1,0.11,0.11,0.11,0.11,0.13,0.13,,
08/26/2020,0.07,0.07,0.1,0.1,0.11,0.11,0.12,0.12,0.12,0.12,,
08/25/2020,0.08,0.08,0.1,0.1,0.11,0.11,0.12,0.12,0.13,0.13,,
08/24/2020,0.09,0.09,0.1,0.1,0.12,0.12,0.12,0.12,0.14,0.14,,
08/21/2020,0.07,0.07,0.09,0.09,0.1,0.1,0.12,0.12,0.13,0.13,,
08/20/2020,0.08,0.08,0.09,0.09,0.11,0.11,0.13,0.13,0.12,0.12,,
08/19/2020,0.07,0.07,0.08,0.08,0.11,0.11,0.12,0.12,0.13,0.13,,
08/18/2020,0.08,0.08,0.09,0.09,0.09,0.09,0.13,0.13,0.13,0.13,,
08/17/2020,0.09,0.09,0.1,0.1,0.1,0.1,0.12,0.12,0.13,0.13,,
08/14/2020,0.09,0.09,0.1,0.1,0.1,0.1,0.12,0.12,0.13,0.13,,
08/13/2020,0.08,0.08,0.1,0.1,0.1,0.1,0.12,0.12,0.14,0.14,,
08/12/2020,0.08,0.08,0.1,0.1,0.11,0.11,0.12,0.12,0.13,0.13,,
08/11/2020,0.08,0.08,0.1,0.1,0.11,0.11,0.12,0.12,0.15,0.15,,
08/10/2020,0.09,0.09,0.11,0.11,0.11,0.11,0.13,0.13,0.13,0.13,,
08/07/2020,0.08,0.08,0.09,0.09,0.1,0.1,0.12,0.12,0.14,0.14,,
08/06/2020,0.07,0.07,0.11,0.11,0.1,0.1,0.11,0.11,0.14,0.14,,
08/05/2020,0.08,0.08,0.09,0.09,0.1,0.1,0.12,0.12,0.12,0.12,,
08/04/2020,0.09,0.09,0.09,0.09,0.09,0.09,0.11,0.11,0.14,0.14,,
08/03/2020,0.09,0.09,0.09,0.09,0.1,0.1,0.11,0.11,0.12,0.12,,
07/31/2020,0.09,0.09,0.09,0.09,0.09,0.09,0.1,0.1,0.11,0.11,,
07/30/2020,0.1,0.1,0.1,0.1,0.09,0.09,0.11,0.11,0.11,0.11,,
07/29/2020,0.09,0.09,0.1,0.1,0.11,0.11,0.12,0.12,0.13,0.13,,
07/28/2020,0.09,0.09,0.11,0.11,0.11,0.11,0.12,0.12,0.14,0.14,,
07/27/2020,0.1,0.1,0.1,0.1,0.11,0.11,0.14,0.14,0.14,0.14,,
07/24/2020,0.1,0.1,0.11,0.11,0.11,0.11,0.14,0.14,0.16,0.16,,
07/23/2020,0.09,0.09,0.11,0.11,0.12,0.12,0.13,0.13,0.14,0.14,,
07/22/2020,0.09,0.09,0.11,0.11,0.13,0.13,0.14,0.14,0.14,0.14,,
07/21/2020,0.09,0.09,0.1,0.1,0.13,0.13,0.13,0.13,0.15,0.15,,
07/20/2020,0.11,0.11,0.12,0.12,0.13,0.13,0.14,0.14,0.14,0.14,,
07/17/2020,0.11,0.11,0.11,0.11,0.11,0.11,0.13,0.13,0.14,0.14,,
07/16/2020,0.12,0.12,0.11,0.11,0.11,0.11,0.13,0.13,0.14,0.14,,
07/15/2020,0.12,0.12,0.12,0.12,0.16,0.16,0.15,0.15,0.15,0.15,,
07/14/2020,0.11,0.11,0.13,0.13,0.15,0.15,0.14,0.14,0.17,0.17,,
07/13/2020,0.11,0.11,0.12,0.12,0.14,0.14,0.15,0.15,0.16,0.16,,
07/10/2020,0.1,0.1,0.12,0.12,0.13,0.13,0.15,0.15,0.15,0.15,,
07/09/2020,0.11,0.11,0.12,0.12,0.13,0.13,0.16,0.16,0.15,0.15,,
07/08/2020,0.11,0.11,0.12,0.12,0.15,0.15,0.17,0.17,0.15,0.15,,
07/07/2020,0.12,0.12,0.14,0.14,0.15,0.15,0.17,0.17,0.15,0.15,,
07/06/2020,0.12,0.12,0.14,0.14,0.15,0.15,0.16,0.16,0.16,0.16,,
07/02/2020,0.13,0.13,0.14,0.14,0.14,0.14,0.16,0.16,0.16,0.16,,
07/01/2020,0.12,0.12,0.11,0.11,0.14,0.14,0.17,0.17,0.16,0.16,,
06/30/2020,0.13,0.13,0.14,0.14,0.16,0.16,0.18,0.18,0.16,0.16,,
06/29/2020,0.11,0.11,0.14,0.14,0.14,0.14,0.18,0.18,0.16,0.16,,
06/26/2020,0.12,0.12,0.15,0.15,0.14,0.14,0.17,0.17,0.17,0.17,,
06/25/2020,0.13,0.13,0.14,0.14,0.16,0.16,0.17,0.17,0.17,0.17,,
06/24/2020,0.11,0.11,0.13,0.13,0.15,0.15,0.17,0.17,0.17,0.17,,
06/23/2020,0.12,0.12,0.13,0.13,0.16,0.16,0.17,0.17,0.18,0.18,,
06/22/2020,0.14,0.14,0.15,0.15,0.16,0.16,0.18,0.18,0.17,0.17,,
06/19/2020,0.13,0.13,0.14,0.14,0.15,0.15,0.17,0.17,0.18,0.18,,
06/18/2020,0.13,0.13,0.14,0.14,0.16,0.16,0.17,0.17,0.19,0.19,,
06/17/2020,0.13,0.13,0.14,0.14,0.17,0.17,0.18,0.18,0.19,0.19,,
06/16/2020,0.14,0.14,0.15,0.15,0.17,0.17,0.19,0.19,0.18,0.18,,
06/15/2020,0.15,0.15,0.16,0.16,0.18,0.18,0.19,0.19,0.17,0.17,,
06/12/2020,0.14,0.14,0.15,0.15,0.16,0.16,0.18,0.18,0.18,0.18,,
06/11/2020,0.14,0.14,0.16,0.16,0.17,0.17,0.18,0.18,0.19,0.19,,
06/10/2020,0.13,0.13,0.15,0.15,0.17,0.17,0.19,0.19,0.18,0.18,,
06/09/2020,0.14,0.14,0.16,0.16,0.19,0.19,0.19,0.19,0.19,0.19,,
06/08/2020,0.15,0.15,0.15,0.15,0.17,0.17,0.19,0.19,0.19,0.19,,
06/05/2020,0.13,0.13,0.14,0.14,0.15,0.15,0.18,0.18,0.18,0.18,,
06/04/2020,0.13,0.13,0.15,0.15,0.15,0.15,0.18,0.18,0.17,0.17,,
06/03/2020,0.12,0.12,0.13,0.13,0.16,0.16,0.19,0.19,0.17,0.17,,
06/02/2020,0.12,0.12,0.13,0.13,0.15,0.15,0.18,0.18,0.17,0.17,,
06/01/2020,0.12,0.12,0.14,0.14,0.14,0.14,0.18,0.18,0.17,0.17,,
05/29/2020,0.13,0.13,0.14,0.14,0.14,0.14,0.18,0.18,0.17,0.17,,
05/28/2020,0.14,0.14,0.15,0.15,0.15,0.15,0.18,0.18,0.17,0.17,,
05/27/2020,0.1,0.1,0.13,0.13,0.15,0.15,0.17,0.17,0.18,0.18,,
05/26/2020,0.1,0.1,0.12,0.12,0.14,0.14,0.17,0.17,0.17,0.17,,
05/22/2020,0.09,0.09,0.11,0.11,0.12,0.12,0.16,0.16,0.17,0.17,,
05/21/2020,0.09,0.09,0.11,0.11,0.12,0.12,0.14,0.14,0.16,0.16,,
05/20/2020,0.08,0.08,0.1,0.1,0.12,0.12,0.14,0.14,0.16,0.16,,
05/19/2020,0.09,0.09,0.11,0.11,0.13,0.13,0.15,0.15,0.16,0.16,,
05/18/2020,0.1,0.1,0.11,0.11,0.13,0.13,0.15,0.15,0.17,0.17,,
05/15/2020,0.09,0.09,0.09,0.09,0.12,0.12,0.15,0.15,0.15,0.15,,
05/14/2020,0.09,0.09,0.1,0.1,0.12,0.12,0.15,0.15,0.15,0.15,,
05/13/2020,0.1,0.1,0.1,0.1,0.13,0.13,0.15,0.15,0.15,0.15,,
05/12/2020,0.1,0.1,0.11,0.11,0.13,0.13,0.16,0.16,0.16,0.16,,
05/11/2020,0.09,0.09,0.11,0.11,0.12,0.12,0.16,0.16,0.16,0.16,,
05/08/2020,0.1,0.1,0.11,0.11,0.12,0.12,0.15,0.15,0.15,0.15,,
05/07/2020,0.1,0.1,0.11,0.11,0.11,0.11,0.14,0.14,0.15,0.15,,
05/06/2020,0.08,0.08,0.1,0.1,0.12,0.12,0.16,0.16,0.16,0.16,,
05/05/2020,0.09,0.09,0.11,0.11,0.13,0.13,0.15,0.15,0.16,0.16,,
05/04/2020,0.1,0.1,0.1,0.1,0.13,0.13,0.14,0.14,0.16,0.16,,
05/01/2020,0.1,0.1,0.11,0.11,0.12,0.12,0.12,0.12,0.17,0.17,,
04/30/2020,0.1,0.1,0.1,0.1,0.09,0.09,0.11,0.11,0.16,0.16,,
04/29/2020,0.1,0.1,0.09,0.09,0.1,0.1,0.12,0.12,0.18,0.18,,
04/28/2020,0.08,0.08,0.09,0.09,0.11,0.11,0.13,0.13,0.16,0.16,,
04/27/2020,0.09,0.09,0.13,0.13,0.12,0.12,0.15,0.15,0.17,0.17,,
04/24/2020,0.1,0.1,0.11,0.11,0.12,0.12,0.14,0.14,0.18,0.18,,
04/23/2020,0.09,0.09,0.12,0.12,0.11,0.11,0.14,0.14,0.17,0.17,,
04/22/2020,0.09,0.09,0.09,0.09,0.12,0.12,0.14,0.14,0.16,0.16,,
04/21/2020,0.08,0.08,0.08,0.08,0.11,0.11,0.14,0.14,0.17,0.17,,
04/20/2020,0.1,0.1,0.1,0.1,0.12,0.12,0.15,0.15,0.15,0.15,,
04/17/2020,0.12,0.12,0.12,0.12,0.12,0.12,0.16,0.16,0.16,0.16,,
04/16/2020,0.14,0.14,0.15,0.15,0.14,0.14,0.18,0.18,0.17,0.17,,
04/15/2020,0.13,0.13,0.15,0.15,0.14,0.14,0.19,0.19,0.19,0.19,,
04/14/2020,0.17,0.17,0.18,0.18,0.2,0.2,0.24,0.24,0.25,0.25,,
04/13/2020,0.16,0.16,0.29,0.29,0.26,0.26,0.27,0.27,0.27,0.27,,
04/09/2020,0.2,0.2,0.27,0.27,0.25,0.25,0.24,0.24,0.25,0.25,,
04/08/2020,0.14,0.14,0.16,0.16,0.22,0.22,0.24,0.24,0.23,0.23,,
04/07/2020,0.09,0.09,0.13,0.13,0.14,0.14,0.2,0.2,0.19,0.19,,
04/06/2020,0.09,0.09,0.13,0.13,0.15,0.15,0.17,0.17,0.19,0.19,,
04/03/2020,0.09,0.09,0.11,0.11,0.1,0.1,0.15,0.15,0.15,0.15,,
04/02/2020,0.09,0.09,0.1,0.1,0.09,0.09,0.15,0.15,0.14,0.14,,
04/01/2020,0.03,0.03,0.06,0.06,0.09,0.09,0.14,0.14,0.16,0.16,,
03/31/2020,0.04,0.04,0.12,0.12,0.11,0.11,0.15,0.15,0.17,0.17,,
03/30/2020,0.04,0.04,0.06,0.06,0.12,0.12,0.12,0.12,0.14,0.14,,
03/27/2020,0.01,0.01,0.03,0.03,0.03,0.03,0.02,0.02,0.11,0.11,,
03/26/2020,0.01,0.01,0.01,0.01,-0.05,-0.05,0.04,0.04,0.13,0.13,,
03/25/2020,-0.04,-0.04,-0.03,-0.03,-0.04,-0.04,0.07,0.07,0.19,0.19,,
03/24/2020,0.01,0.01,0.01,0.01,0.01,0.01,0.09,0.09,0.25,0.25,,
03/23/2020,0.01,0.01,0.04,0.04,0.02,0.02,0.08,0.08,0.16,0.16,,
03/20/2020,0.04,0.04,0.05,0.05,0.05,0.05,0.05,0.05,0.13,0.13,,
03/19/2020,0.04,0.04,0.04,0.04,0.04,0.04,0.06,0.06,0.18,0.18,,
03/18/2020,0.04,0.04,0.03,0.03,0.02,0.02,0.08,0.08,0.19,0.19,,
03/17/2020,0.11,0.11,0.18,0.18,0.19,0.19,0.24,0.24,0.29,0.3,,
03/16/2020,0.25,0.25,0.25,0.25,0.24,0.24,0.29,0.29,0.28,0.29,,
03/13/2020,0.33,0.33,0.3,0.3,0.27,0.27,0.37,0.38,0.37,0.38,,
03/12/2020,0.4,0.41,0.33,0.33,0.33,0.33,0.36,0.37,0.38,0.39,,
03/11/2020,0.41,0.42,0.42,0.43,0.41,0.42,0.39,0.4,0.39,0.4,,
03/10/2020,0.56,0.57,0.55,0.56,0.43,0.44,0.42,0.43,0.42,0.43,,
03/09/2020,0.56,0.57,0.53,0.54,0.32,0.32,0.27,0.27,0.3,0.31,,
03/06/2020,0.78,0.79,0.64,0.65,0.45,0.46,0.4,0.41,0.38,0.39,,
03/05/2020,0.91,0.92,0.82,0.83,0.61,0.62,0.52,0.53,0.47,0.48,,
03/04/2020,1,1.01,0.89,0.9,0.71,0.72,0.67,0.68,0.58,0.59,,
03/03/2020,1.1,1.12,1.05,1.07,0.93,0.95,0.82,0.83,0.71,0.73,,
03/02/2020,1.4,1.42,1.27,1.29,1.1,1.12,0.93,0.95,0.87,0.89,,
02/28/2020,1.43,1.45,1.35,1.37,1.25,1.27,1.09,1.11,0.95,0.97,,
02/27/2020,1.54,1.56,1.5,1.52,1.42,1.45,1.3,1.33,1.15,1.18,,
02/26/2020,1.56,1.59,1.54,1.57,1.5,1.53,1.39,1.42,1.23,1.26,,
02/25/2020,1.56,1.59,1.55,1.58,1.5,1.53,1.43,1.46,1.27,1.3,,
02/24/2020,1.57,1.6,1.56,1.59,1.5,1.53,1.45,1.49,1.33,1.36,,
02/21/2020,1.57,1.6,1.57,1.6,1.53,1.56,1.49,1.53,1.4,1.44,,
02/20/2020,1.58,1.61,1.57,1.6,1.55,1.58,1.51,1.55,1.43,1.47,,
02/19/2020,1.58,1.61,1.58,1.61,1.55,1.58,1.52,1.56,1.44,1.48,,
02/18/2020,1.58,1.61,1.57,1.6,1.55,1.58,1.52,1.56,1.44,1.48,,
02/14/2020,1.57,1.6,1.57,1.6,1.55,1.58,1.52,1.56,1.45,1.49,,
02/13/2020,1.56,1.59,1.56,1.59,1.56,1.59,1.52,1.56,1.45,1.49,,
02/12/2020,1.54,1.57,1.56,1.59,1.55,1.58,1.52,1.56,1.45,1.49,,
02/11/2020,1.54,1.57,1.55,1.58,1.54,1.57,1.51,1.55,1.44,1.48,,
02/10/2020,1.55,1.58,1.55,1.58,1.55,1.58,1.54,1.58,1.42,1.46,,
02/07/2020,1.54,1.57,1.55,1.58,1.53,1.56,1.53,1.57,1.45,1.49,,
02/06/2020,1.56,1.59,1.56,1.59,1.54,1.57,1.54,1.58,1.47,1.51,,
02/05/2020,1.52,1.55,1.53,1.56,1.54,1.57,1.53,1.57,1.45,1.49,,
02/04/2020,1.52,1.55,1.54,1.57,1.54,1.57,1.53,1.57,1.44,1.48,,
02/03/2020,1.53,1.56,1.54,1.57,1.54,1.57,1.52,1.56,1.42,1.46,,
01/31/2020,1.53,1.56,1.54,1.57,1.52,1.55,1.5,1.54,1.41,1.45,,
01/30/2020,1.56,1.59,1.55,1.58,1.54,1.57,1.53,1.57,1.44,1.48,,
01/29/2020,1.49,1.52,1.52,1.55,1.53,1.56,1.53,1.57,1.47,1.51,,
01/28/2020,1.5,1.53,1.54,1.57,1.54,1.57,1.54,1.58,1.49,1.53,,
01/27/2020,1.5,1.53,1.52,1.55,1.52,1.55,1.53,1.57,1.5,1.54,,
01/24/2020,1.51,1.54,1.52,1.55,1.51,1.54,1.51,1.55,1.51,1.55,,
01/23/2020,1.52,1.55,1.54,1.57,1.52,1.55,1.52,1.56,1.51,1.55,,
01/22/2020,1.49,1.52,1.5,1.53,1.52,1.55,1.52,1.56,1.51,1.55,,
01/21/2020,1.49,1.52,1.51,1.54,1.53,1.56,1.53,1.57,1.5,1.54,,
01/17/2020,1.51,1.54,1.53,1.56,1.53,1.56,1.53,1.57,1.52,1.56,,
01/16/2020,1.51,1.54,1.53,1.56,1.52,1.55,1.52,1.56,1.5,1.54,,
01/15/2020,1.5,1.53,1.53,1.56,1.54,1.57,1.54,1.58,1.5,1.54,,
01/14/2020,1.5,1.53,1.53,1.56,1.54,1.57,1.53,1.57,1.49,1.53,,
01/13/2020,1.51,1.54,1.53,1.56,1.54,1.57,1.53,1.57,1.49,1.53,,
01/10/2020,1.49,1.52,1.52,1.55,1.51,1.54,1.51,1.55,1.49,1.53,,
01/09/2020,1.5,1.53,1.52,1.55,1.51,1.54,1.52,1.56,1.5,1.54,,
01/08/2020,1.47,1.5,1.5,1.53,1.51,1.54,1.52,1.56,1.51,1.55,,
01/07/2020,1.49,1.52,1.5,1.53,1.51,1.54,1.52,1.56,1.49,1.53,,
01/06/2020,1.51,1.54,1.51,1.54,1.53,1.56,1.52,1.56,1.5,1.54,,
01/03/2020,1.49,1.52,1.52,1.55,1.49,1.52,1.51,1.55,1.51,1.55,,
01/02/2020,1.5,1.53,1.52,1.55,1.51,1.54,1.53,1.57,1.52,1.56,,
12/31/2019,1.45,1.48,1.48,1.51,1.52,1.55,1.56,1.6,1.55,1.59,,
12/30/2019,1.48,1.51,1.5,1.53,1.54,1.57,1.56,1.6,1.53,1.57,,
12/27/2019,1.53,1.56,1.53,1.56,1.54,1.57,1.55,1.59,1.47,1.51,,
12/26/2019,1.56,1.59,1.57,1.6,1.55,1.58,1.57,1.61,1.49,1.53,,
12/24/2019,1.52,1.55,1.55,1.58,1.55,1.58,1.57,1.61,1.49,1.53,,
12/23/2019,1.54,1.57,1.54,1.57,1.56,1.59,1.56,1.6,1.49,1.53,,
12/20/2019,1.54,1.57,1.56,1.59,1.55,1.58,1.54,1.58,1.48,1.52,,
12/19/2019,1.51,1.54,1.55,1.58,1.54,1.57,1.53,1.57,1.48,1.52,,
12/18/2019,1.53,1.56,1.54,1.57,1.53,1.56,1.54,1.58,1.5,1.54,,
12/17/2019,1.53,1.56,1.53,1.56,1.53,1.56,1.54,1.58,1.49,1.53,,
12/16/2019,1.54,1.57,1.54,1.57,1.54,1.57,1.54,1.58,1.5,1.54,,
12/13/2019,1.52,1.55,1.54,1.57,1.54,1.57,1.52,1.56,1.49,1.53,,
12/12/2019,1.54,1.57,1.54,1.57,1.53,1.56,1.53,1.57,1.51,1.55,,
12/11/2019,1.51,1.54,1.53,1.56,1.54,1.57,1.54,1.58,1.51,1.55,,
12/10/2019,1.5,1.53,1.52,1.55,1.53,1.56,1.53,1.57,1.52,1.56,,
12/09/2019,1.51,1.54,1.51,1.54,1.51,1.54,1.54,1.58,1.52,1.56,,
12/06/2019,1.49,1.52,1.52,1.55,1.5,1.53,1.52,1.56,1.53,1.57,,
12/05/2019,1.49,1.52,1.53,1.56,1.51,1.54,1.51,1.55,1.52,1.56,,
12/04/2019,1.58,1.61,1.51,1.54,1.52,1.55,1.52,1.56,1.52,1.56,,
12/03/2019,1.54,1.57,1.51,1.54,1.54,1.57,1.53,1.57,1.53,1.57,,
12/02/2019,1.58,1.61,1.55,1.58,1.57,1.6,1.58,1.62,1.56,1.6,,
11/29/2019,1.59,1.62,1.57,1.6,1.56,1.59,1.59,1.63,1.56,1.6,,
11/27/2019,1.62,1.65,1.57,1.6,1.59,1.62,1.59,1.63,1.56,1.6,,
11/26/2019,1.6,1.63,1.58,1.61,1.57,1.6,1.58,1.62,1.55,1.59,,
11/25/2019,1.57,1.6,1.57,1.6,1.58,1.61,1.57,1.61,1.54,1.58,,
11/22/2019,1.55,1.58,1.56,1.59,1.55,1.58,1.55,1.59,1.52,1.56,,
11/21/2019,1.54,1.57,1.54,1.57,1.55,1.58,1.55,1.59,1.51,1.55,,
11/20/2019,1.54,1.57,1.53,1.56,1.54,1.57,1.54,1.58,1.5,1.54,,
11/19/2019,1.55,1.58,1.54,1.57,1.54,1.57,1.54,1.58,1.5,1.54,,
11/18/2019,1.56,1.59,1.54,1.57,1.54,1.57,1.54,1.58,1.5,1.54,,
11/15/2019,1.56,1.59,1.53,1.56,1.54,1.57,1.55,1.59,1.5,1.54,,
11/14/2019,1.56,1.59,1.54,1.57,1.54,1.57,1.54,1.58,1.51,1.55,,
11/13/2019,1.53,1.56,1.54,1.57,1.54,1.57,1.55,1.59,1.53,1.57,,
11/12/2019,1.53,1.56,1.53,1.56,1.56,1.59,1.55,1.59,1.54,1.58,,
11/08/2019,1.53,1.56,1.53,1.56,1.52,1.55,1.54,1.58,1.54,1.58,,
11/07/2019,1.54,1.57,1.54,1.57,1.53,1.56,1.54,1.58,1.54,1.58,,
11/06/2019,1.52,1.55,1.53,1.56,1.53,1.56,1.53,1.57,1.54,1.58,,
11/05/2019,1.53,1.56,1.54,1.57,1.53,1.56,1.54,1.58,1.57,1.62,,
11/04/2019,1.55,1.58,1.54,1.57,1.5,1.53,1.53,1.57,1.52,1.56,,
11/01/2019,1.55,1.58,1.55,1.58,1.49,1.52,1.51,1.55,1.49,1.53,,
10/31/2019,1.56,1.59,1.56,1.59,1.51,1.54,1.53,1.57,1.49,1.53,,
10/30/2019,1.59,1.62,1.57,1.6,1.59,1.62,1.58,1.62,1.55,1.59,,
10/29/2019,1.63,1.66,1.64,1.67,1.6,1.63,1.6,1.64,1.55,1.59,,
10/28/2019,1.71,1.74,1.68,1.71,1.62,1.65,1.61,1.65,1.56,1.6,,
10/25/2019,1.7,1.73,1.69,1.72,1.63,1.66,1.62,1.66,1.56,1.6,,
10/24/2019,1.72,1.75,1.7,1.73,1.64,1.67,1.61,1.65,1.55,1.59,,
10/23/2019,1.72,1.75,1.67,1.7,1.62,1.65,1.6,1.64,1.54,1.58,,
10/22/2019,1.73,1.76,1.67,1.7,1.62,1.65,1.6,1.64,1.55,1.59,,
10/21/2019,1.73,1.76,1.67,1.7,1.64,1.67,1.61,1.65,1.55,1.59,,
10/18/2019,1.72,1.75,1.66,1.69,1.63,1.66,1.59,1.63,1.54,1.58,,
10/17/2019,1.71,1.74,1.67,1.7,1.63,1.66,1.59,1.63,1.55,1.59,,
10/16/2019,1.69,1.72,1.65,1.68,1.63,1.66,1.6,1.64,1.55,1.59,,
10/15/2019,1.71,1.74,1.69,1.72,1.64,1.67,1.63,1.67,1.6,1.65,,
10/11/2019,1.73,1.76,1.71,1.74,1.65,1.68,1.64,1.68,1.62,1.67,,
10/10/2019,1.71,1.74,1.68,1.71,1.65,1.68,1.64,1.68,1.58,1.63,,
10/09/2019,1.66,1.69,1.67,1.7,1.66,1.69,1.65,1.69,1.55,1.59,,
10/08/2019,1.65,1.68,1.69,1.72,1.68,1.72,1.65,1.69,1.57,1.62,,
10/07/2019,1.73,1.76,1.73,1.76,1.71,1.75,1.69,1.73,1.61,1.66,,
10/04/2019,1.7,1.73,1.71,1.74,1.68,1.71,1.61,1.65,1.55,1.59,,
10/03/2019,1.75,1.78,1.72,1.75,1.67,1.7,1.62,1.66,1.55,1.59,,
10/02/2019,1.72,1.75,1.71,1.74,1.75,1.79,1.71,1.75,1.63,1.68,,
10/01/2019,1.76,1.79,1.73,1.76,1.78,1.82,1.76,1.81,1.69,1.74,,
09/30/2019,1.88,1.91,1.83,1.87,1.84,1.88,1.78,1.83,1.71,1.76,,
09/27/2019,1.87,1.9,1.83,1.87,1.76,1.8,1.8,1.85,1.7,1.75,,
09/26/2019,1.88,1.91,1.86,1.9,1.79,1.83,1.83,1.88,1.74,1.79,,
09/25/2019,1.76,1.79,1.82,1.86,1.85,1.89,1.85,1.9,1.77,1.82,,
09/24/2019,1.87,1.9,1.86,1.9,1.88,1.92,1.86,1.91,1.74,1.79,,
09/23/2019,1.91,1.94,1.9,1.94,1.9,1.94,1.88,1.93,1.76,1.81,,
09/20/2019,1.92,1.95,1.9,1.94,1.87,1.91,1.86,1.91,1.79,1.84,,
09/19/2019,1.97,2.01,1.95,1.99,1.89,1.93,1.87,1.92,1.83,1.89,,
09/18/2019,1.91,1.94,1.89,1.93,1.91,1.95,1.86,1.91,1.82,1.88,,
09/17/2019,2.06,2.1,2.03,2.07,1.95,1.99,1.88,1.93,1.82,1.88,,
09/16/2019,2.05,2.09,1.98,2.02,1.95,1.99,1.88,1.93,1.81,1.87,,
09/13/2019,1.95,1.99,1.94,1.98,1.92,1.96,1.87,1.92,1.82,1.88,,
09/12/2019,1.95,1.99,1.93,1.97,1.91,1.95,1.85,1.9,1.77,1.82,,
09/11/2019,1.98,2.02,1.94,1.98,1.92,1.96,1.83,1.88,1.74,1.79,,
09/10/2019,2.01,2.05,1.96,2,1.91,1.95,1.84,1.89,1.76,1.81,,
09/09/2019,2.01,2.05,1.96,2,1.92,1.96,1.82,1.87,1.71,1.76,,
09/06/2019,2.01,2.05,1.96,2,1.92,1.96,1.83,1.88,1.7,1.75,,
09/05/2019,2.01,2.05,1.97,2.01,1.93,1.97,1.83,1.88,1.7,1.75,,
09/04/2019,2.01,2.05,1.99,2.03,1.93,1.97,1.82,1.87,1.66,1.71,,
09/03/2019,2.03,2.07,1.98,2.02,1.94,1.98,1.83,1.88,1.69,1.74,,
08/30/2019,2.06,2.1,2,2.04,1.95,1.99,1.84,1.89,1.72,1.77,,
08/29/2019,2.06,2.1,1.99,2.03,1.95,1.99,1.84,1.89,1.71,1.76,,
08/28/2019,2.03,2.07,2.01,2.05,1.95,1.99,1.84,1.89,1.7,1.75,,
08/27/2019,2.04,2.08,2,2.04,1.94,1.98,1.89,1.94,1.73,1.78,,
08/26/2019,2.06,2.1,1.99,2.03,1.96,2,1.85,1.9,1.71,1.76,,
08/23/2019,2.03,2.07,1.98,2.02,1.93,1.97,1.83,1.88,1.69,1.74,,
08/22/2019,2.06,2.1,1.98,2.02,1.96,2,1.86,1.91,1.74,1.79,,
08/21/2019,2.01,2.05,1.94,1.98,1.93,1.97,1.85,1.9,1.72,1.77,,
08/20/2019,2.03,2.07,1.92,1.96,1.9,1.94,1.84,1.89,1.68,1.73,,
08/19/2019,2.03,2.07,1.93,1.97,1.9,1.94,1.85,1.9,1.7,1.75,,
08/16/2019,2.01,2.05,1.92,1.96,1.83,1.87,1.8,1.85,1.66,1.71,,
08/15/2019,2.04,2.08,1.93,1.97,1.87,1.91,1.81,1.86,1.67,1.72,,
08/14/2019,1.95,1.99,1.94,1.98,1.92,1.96,1.87,1.92,1.74,1.79,,
08/13/2019,2.01,2.05,2,2.04,1.96,2,1.91,1.96,1.8,1.86,,
08/12/2019,2.05,2.09,2.03,2.07,1.96,2,1.89,1.94,1.72,1.77,,
08/09/2019,2.01,2.05,2.02,2.06,1.96,2,1.9,1.95,1.74,1.79,,
08/08/2019,2.05,2.09,2.03,2.07,1.98,2.02,1.91,1.96,1.75,1.8,,
08/07/2019,1.98,2.02,2,2.04,1.98,2.02,1.9,1.95,1.72,1.77,,
08/06/2019,2.01,2.05,2.04,2.08,2.01,2.05,1.95,2,1.76,1.81,,
08/05/2019,2.03,2.07,2.04,2.08,2,2.04,1.94,1.99,1.74,1.79,,
08/02/2019,2.07,2.11,2.08,2.12,2.02,2.06,1.97,2.02,1.81,1.86,,
08/01/2019,2.07,2.11,2.1,2.14,2.03,2.07,1.99,2.04,1.83,1.89,,
07/31/2019,1.96,2,2.02,2.06,2.04,2.08,2.04,2.1,1.94,2,,
07/30/2019,2.03,2.07,2.06,2.1,2.04,2.08,2.02,2.07,1.92,1.98,,
07/29/2019,2.08,2.12,2.12,2.16,2.07,2.12,2.04,2.1,1.93,1.99,,
07/26/2019,2.09,2.13,2.11,2.15,2.08,2.13,2.05,2.11,1.94,2,,
07/25/2019,2.12,2.16,2.13,2.17,2.06,2.11,2.03,2.09,1.93,1.99,,
07/24/2019,2.05,2.09,2.1,2.14,2.05,2.1,2.03,2.09,1.92,1.98,,
07/23/2019,2.07,2.11,2.12,2.16,2.02,2.06,2.03,2.09,1.91,1.97,,
07/22/2019,2.09,2.13,2.12,2.16,2.04,2.08,2.02,2.07,1.89,1.95,,
07/19/2019,2.07,2.11,2.12,2.16,2.02,2.06,1.98,2.03,1.88,1.94,,
07/18/2019,2.07,2.11,2.08,2.12,2.01,2.05,1.96,2.01,1.84,1.9,,
07/17/2019,2.09,2.13,2.1,2.14,2.09,2.14,1.99,2.04,1.89,1.95,,
07/16/2019,2.12,2.16,2.13,2.17,2.1,2.15,2.01,2.06,1.94,2,,
07/15/2019,2.13,2.17,2.15,2.19,2.11,2.16,2,2.05,1.9,1.96,,
07/12/2019,2.12,2.16,2.14,2.18,2.1,2.15,2.02,2.07,1.91,1.97,,
07/11/2019,2.13,2.17,2.13,2.17,2.12,2.17,2.03,2.09,1.92,1.98,,
07/10/2019,2.14,2.18,2.13,2.17,2.15,2.2,2.02,2.07,1.88,1.94,,
07/09/2019,2.18,2.22,2.19,2.23,2.21,2.26,2.09,2.15,1.95,2.01,,
07/08/2019,2.19,2.23,2.19,2.23,2.21,2.26,2.08,2.14,1.94,2,,
07/05/2019,2.22,2.26,2.18,2.22,2.18,2.23,2.09,2.15,1.93,1.99,,
07/03/2019,2.21,2.25,2.16,2.2,2.16,2.21,2.03,2.09,1.86,1.92,,
07/02/2019,2.18,2.22,2.13,2.17,2.15,2.2,2.03,2.09,1.86,1.92,,
07/01/2019,2.13,2.17,2.11,2.15,2.16,2.21,2.04,2.1,1.89,1.95,,
06/28/2019,2.14,2.18,2.11,2.15,2.08,2.13,2.04,2.1,1.87,1.93,,
06/27/2019,2.15,2.19,2.11,2.15,2.09,2.14,2.06,2.12,1.88,1.94,,
06/26/2019,2.07,2.11,2.08,2.12,2.1,2.15,2.06,2.12,1.91,1.97,,
06/25/2019,2.07,2.11,2.08,2.12,2.07,2.12,2.04,2.1,1.88,1.94,,
06/24/2019,2.08,2.12,2.09,2.13,2.08,2.13,2.04,2.1,1.87,1.93,,
06/21/2019,2.12,2.16,2.12,2.16,2.07,2.12,2,2.05,1.89,1.95,,
06/20/2019,2.13,2.17,2.11,2.15,2.09,2.14,1.99,2.04,1.85,1.91,,
06/19/2019,2.1,2.14,2.13,2.17,2.13,2.18,2.05,2.11,1.9,1.96,,
06/18/2019,2.14,2.18,2.15,2.19,2.17,2.22,2.14,2.2,1.98,2.04,,
06/17/2019,2.18,2.22,2.17,2.21,2.18,2.23,2.14,2.2,1.99,2.05,,
06/14/2019,2.19,2.23,2.17,2.21,2.15,2.2,2.12,2.18,1.95,2.01,,
06/13/2019,2.2,2.24,2.19,2.23,2.14,2.19,2.12,2.18,1.95,2.01,,
06/12/2019,2.15,2.19,2.17,2.21,2.19,2.24,2.14,2.2,1.97,2.03,,
06/11/2019,2.23,2.27,2.22,2.26,2.22,2.27,2.15,2.21,2,2.06,,
06/10/2019,2.26,2.3,2.26,2.31,2.24,2.29,2.15,2.21,1.98,2.04,,
06/07/2019,2.26,2.3,2.28,2.33,2.23,2.28,2.1,2.16,1.92,1.98,,
06/06/2019,2.28,2.32,2.3,2.35,2.28,2.33,2.16,2.22,1.97,2.03,,
06/05/2019,2.26,2.3,2.3,2.35,2.3,2.35,2.19,2.25,1.99,2.05,,
06/04/2019,2.3,2.34,2.31,2.36,2.3,2.35,2.23,2.29,2.06,2.13,,
06/03/2019,2.32,2.36,2.31,2.36,2.3,2.35,2.24,2.3,2.06,2.13,,
05/31/2019,2.31,2.35,2.33,2.38,2.3,2.35,2.29,2.35,2.15,2.22,,
05/30/2019,2.33,2.37,2.33,2.38,2.33,2.38,2.33,2.4,2.22,2.29,,
05/29/2019,2.31,2.35,2.31,2.36,2.32,2.37,2.31,2.38,2.23,2.31,,
05/28/2019,2.31,2.35,2.31,2.36,2.32,2.37,2.31,2.38,2.24,2.32,,
05/24/2019,2.33,2.37,2.33,2.38,2.3,2.35,2.32,2.39,2.25,2.33,,
05/23/2019,2.34,2.38,2.33,2.38,2.32,2.37,2.33,2.4,2.24,2.32,,
05/22/2019,2.32,2.36,2.32,2.37,2.33,2.38,2.34,2.41,2.29,2.37,,
05/21/2019,2.33,2.37,2.33,2.38,2.34,2.39,2.35,2.42,2.28,2.36,,
05/20/2019,2.35,2.39,2.34,2.39,2.34,2.39,2.35,2.42,2.27,2.35,,
05/17/2019,2.35,2.39,2.35,2.4,2.34,2.39,2.35,2.42,2.26,2.34,,
05/16/2019,2.36,2.4,2.36,2.41,2.35,2.4,2.36,2.43,2.26,2.34,,
05/15/2019,2.36,2.4,2.36,2.41,2.37,2.42,2.36,2.43,2.24,2.31,,
05/14/2019,2.37,2.41,2.37,2.42,2.36,2.41,2.36,2.43,2.25,2.33,,
05/13/2019,2.37,2.41,2.37,2.42,2.36,2.41,2.35,2.42,2.25,2.33,,
05/10/2019,2.38,2.42,2.38,2.43,2.38,2.43,2.38,2.45,2.29,2.37,,
05/09/2019,2.39,2.43,2.38,2.43,2.38,2.43,2.39,2.46,2.29,2.37,,
05/08/2019,2.38,2.42,2.38,2.43,2.38,2.43,2.38,2.45,2.3,2.38,,
05/07/2019,2.39,2.43,2.39,2.44,2.38,2.43,2.39,2.46,2.3,2.38,,
05/06/2019,2.39,2.43,2.39,2.44,2.39,2.44,2.39,2.46,2.31,2.39,,
05/03/2019,2.38,2.42,2.39,2.44,2.38,2.43,2.39,2.46,2.33,2.41,,
05/02/2019,2.4,2.44,2.41,2.46,2.41,2.47,2.39,2.46,2.33,2.41,,
05/01/2019,2.38,2.42,2.36,2.41,2.38,2.43,2.37,2.44,2.31,2.39,,
04/30/2019,2.38,2.42,2.39,2.44,2.38,2.43,2.39,2.46,2.31,2.39,,
04/29/2019,2.41,2.45,2.4,2.45,2.39,2.44,2.4,2.47,2.34,2.42,,
04/26/2019,2.38,2.42,2.38,2.43,2.37,2.42,2.39,2.46,2.33,2.41,,
04/25/2019,2.39,2.43,2.39,2.44,2.38,2.43,2.39,2.46,2.34,2.42,,
04/24/2019,2.38,2.42,2.38,2.43,2.39,2.44,2.39,2.46,2.34,2.42,,
04/23/2019,2.39,2.43,2.39,2.44,2.4,2.45,2.39,2.46,2.35,2.43,,
04/22/2019,2.4,2.44,2.39,2.44,2.39,2.44,2.4,2.47,2.38,2.46,,
04/18/2019,2.4,2.44,2.39,2.44,2.37,2.42,2.4,2.47,2.36,2.44,,
04/17/2019,2.38,2.42,2.39,2.44,2.39,2.44,2.4,2.47,2.36,2.44,,
04/16/2019,2.39,2.43,2.39,2.44,2.38,2.43,2.4,2.47,2.37,2.45,,
04/15/2019,2.38,2.42,2.38,2.43,2.38,2.43,2.39,2.46,2.35,2.43,,
04/12/2019,2.37,2.41,2.38,2.43,2.39,2.44,2.4,2.47,2.36,2.44,,
04/11/2019,2.38,2.42,2.38,2.43,2.38,2.43,2.39,2.46,2.36,2.44,,
04/10/2019,2.36,2.4,2.36,2.41,2.38,2.43,2.39,2.46,2.33,2.41,,
04/09/2019,2.38,2.42,2.38,2.43,2.37,2.42,2.39,2.46,2.34,2.42,,
04/08/2019,2.39,2.43,2.39,2.44,2.38,2.43,2.41,2.48,2.35,2.43,,
04/05/2019,2.38,2.42,2.38,2.43,2.39,2.44,2.39,2.46,2.35,2.43,,
04/04/2019,2.39,2.43,2.38,2.43,2.39,2.44,2.39,2.46,2.33,2.41,,
04/03/2019,2.38,2.42,2.38,2.43,2.39,2.44,2.38,2.45,2.33,2.41,,
04/02/2019,2.39,2.43,2.37,2.42,2.37,2.42,2.38,2.45,2.33,2.41,,
04/01/2019,2.38,2.42,2.38,2.43,2.38,2.43,2.39,2.46,2.33,2.41,,
03/29/2019,2.39,2.43,2.39,2.44,2.35,2.4,2.37,2.44,2.32,2.4,,
03/28/2019,2.4,2.44,2.4,2.45,2.38,2.43,2.37,2.44,2.32,2.4,,
03/27/2019,2.41,2.45,2.38,2.43,2.39,2.44,2.39,2.46,2.32,2.4,,
03/26/2019,2.42,2.46,2.39,2.44,2.41,2.47,2.42,2.49,2.36,2.44,,
03/25/2019,2.42,2.46,2.42,2.47,2.41,2.47,2.42,2.49,2.35,2.42,,
03/22/2019,2.44,2.49,2.43,2.48,2.41,2.46,2.41,2.48,2.38,2.45,,
03/21/2019,2.46,2.51,2.42,2.47,2.43,2.49,2.43,2.5,2.41,2.49,,
03/20/2019,2.41,2.45,2.4,2.45,2.42,2.48,2.42,2.49,2.4,2.48,,
03/19/2019,2.41,2.45,2.42,2.47,2.41,2.47,2.45,2.52,2.42,2.5,,
03/18/2019,2.43,2.48,2.41,2.46,2.39,2.44,2.44,2.51,2.44,2.52,,
03/15/2019,2.42,2.46,2.41,2.46,2.4,2.45,2.45,2.52,2.44,2.52,,
03/14/2019,2.43,2.48,2.41,2.46,2.4,2.45,2.45,2.52,2.44,2.52,,
03/13/2019,2.39,2.43,2.39,2.44,2.4,2.45,2.46,2.53,2.45,2.53,,
03/12/2019,2.39,2.43,2.41,2.46,2.41,2.47,2.46,2.53,2.44,2.52,,
03/11/2019,2.4,2.44,2.4,2.45,2.41,2.47,2.47,2.54,2.45,2.53,,
03/08/2019,2.41,2.45,2.41,2.46,2.41,2.46,2.45,2.52,2.45,2.53,,
03/07/2019,2.41,2.45,2.41,2.46,2.4,2.45,2.45,2.52,2.44,2.52,,
03/06/2019,2.38,2.42,2.39,2.44,2.41,2.47,2.46,2.53,2.46,2.54,,
03/05/2019,2.39,2.43,2.4,2.45,2.41,2.47,2.46,2.53,2.46,2.54,,
03/04/2019,2.4,2.44,2.41,2.46,2.41,2.47,2.47,2.54,2.46,2.54,,
03/01/2019,2.4,2.44,2.41,2.46,2.39,2.44,2.45,2.51,2.47,2.55,,
02/28/2019,2.4,2.44,2.42,2.47,2.4,2.45,2.44,2.5,2.46,2.54,,
02/27/2019,2.39,2.43,2.4,2.44,2.4,2.45,2.46,2.53,2.46,2.54,,
02/26/2019,2.39,2.43,2.4,2.44,2.4,2.45,2.45,2.52,2.47,2.55,,
02/25/2019,2.4,2.44,2.42,2.46,2.42,2.47,2.45,2.52,2.48,2.56,,
02/22/2019,2.39,2.43,2.41,2.45,2.41,2.46,2.45,2.51,2.47,2.55,,
02/21/2019,2.39,2.43,2.4,2.44,2.4,2.45,2.45,2.52,2.47,2.55,,
02/20/2019,2.37,2.41,2.38,2.42,2.4,2.45,2.45,2.52,2.46,2.54,,
02/19/2019,2.4,2.44,2.38,2.42,2.41,2.46,2.46,2.53,2.46,2.54,,
02/15/2019,2.39,2.43,2.39,2.43,2.38,2.43,2.44,2.5,2.47,2.55,,
02/14/2019,2.41,2.45,2.39,2.43,2.38,2.43,2.45,2.52,2.45,2.53,,
02/13/2019,2.38,2.42,2.38,2.42,2.39,2.44,2.45,2.52,2.47,2.55,,
02/12/2019,2.38,2.42,2.39,2.43,2.38,2.43,2.44,2.5,2.47,2.55,,
02/11/2019,2.4,2.44,2.4,2.44,2.4,2.45,2.45,2.52,2.47,2.55,,
02/08/2019,2.39,2.43,2.39,2.43,2.38,2.43,2.43,2.49,2.46,2.54,,
02/07/2019,2.39,2.43,2.39,2.43,2.37,2.42,2.43,2.49,2.47,2.55,,
02/06/2019,2.36,2.4,2.37,2.41,2.37,2.42,2.44,2.5,2.48,2.56,,
02/05/2019,2.35,2.39,2.36,2.4,2.37,2.42,2.44,2.5,2.48,2.56,,
02/04/2019,2.37,2.41,2.37,2.41,2.37,2.42,2.43,2.49,2.49,2.57,,
02/01/2019,2.37,2.41,2.38,2.42,2.35,2.4,2.4,2.46,2.48,2.56,,
01/31/2019,2.38,2.42,2.39,2.43,2.36,2.41,2.4,2.46,2.47,2.55,,
01/30/2019,2.36,2.4,2.35,2.39,2.37,2.42,2.44,2.5,2.49,2.57,,
01/29/2019,2.35,2.39,2.37,2.41,2.37,2.42,2.45,2.52,2.52,2.6,,
01/28/2019,2.35,2.39,2.37,2.41,2.37,2.42,2.45,2.52,2.52,2.6,,
01/25/2019,2.32,2.36,2.37,2.41,2.34,2.39,2.45,2.51,2.52,2.6,,
01/24/2019,2.34,2.38,2.37,2.41,2.32,2.37,2.44,2.5,2.5,2.58,,
01/23/2019,2.33,2.37,2.34,2.38,2.36,2.41,2.45,2.52,2.51,2.59,,
01/22/2019,2.34,2.38,2.36,2.4,2.38,2.43,2.45,2.52,2.51,2.59,,
01/18/2019,2.36,2.4,2.36,2.4,2.36,2.41,2.44,2.5,2.52,2.6,,
01/17/2019,2.37,2.41,2.37,2.41,2.37,2.42,2.44,2.5,2.49,2.57,,
01/16/2019,2.37,2.41,2.36,2.4,2.38,2.43,2.43,2.49,2.49,2.57,,
01/15/2019,2.37,2.41,2.39,2.43,2.4,2.45,2.46,2.53,2.49,2.57,,
01/14/2019,2.38,2.42,2.39,2.43,2.4,2.45,2.46,2.53,2.49,2.57,,
01/11/2019,2.37,2.41,2.39,2.43,2.38,2.43,2.44,2.5,2.5,2.58,,
01/10/2019,2.38,2.42,2.38,2.42,2.38,2.43,2.45,2.52,2.51,2.59,,
01/09/2019,2.36,2.4,2.38,2.42,2.4,2.45,2.46,2.53,2.51,2.59,,
01/08/2019,2.36,2.4,2.38,2.42,2.41,2.46,2.48,2.55,2.52,2.6,,
01/07/2019,2.38,2.42,2.38,2.42,2.41,2.46,2.48,2.55,2.5,2.58,,
01/04/2019,2.36,2.4,2.38,2.42,2.37,2.42,2.45,2.51,2.49,2.57,,
01/03/2019,2.38,2.42,2.38,2.42,2.36,2.41,2.41,2.47,2.42,2.5,,
01/02/2019,2.36,2.4,2.36,2.4,2.37,2.42,2.45,2.52,2.52,2.6,,