adjusted_date,mean_pos_sentiment,mean_neg_sentiment,mean_neutral_sentiment
2019-09-30,0.05630814557142857,0.7626035314285714,0.1810883517142857
2019-10-01,0.08475246325,0.52534736375,0.38990017525
2019-10-02,0.064853890875,0.476129486625,0.459016628125
2019-10-03,0.26743045342857147,0.2712096037142857,0.46135995785714284
2019-10-04,0.13288946708333335,0.53384346875,0.33326704199999996
2019-10-05,0.03358350083333333,0.6882841166666666,0.27813238
2019-10-07,0.127010193,0.37471651500000003,0.49827334
2019-10-08,0.07165391333333333,0.47882976191666665,0.4495163239166667
2019-10-09,0.13621929662499999,0.361721855375,0.50205884325
2019-10-10,0.03396591657142857,0.84620977,0.11982432814285714
2019-10-11,0.19848728515384614,0.39251196753846157,0.4090007126153846
2019-10-12,0.02472854274,0.776406904,0.198864547
2019-10-14,0.0780035896,0.4844390654,0.43755734300000004
2019-10-15,0.06277707287499999,0.440796652,0.496426299625
2019-10-16,0.1869241367,0.34814440710000005,0.46493148050000005
2019-10-17,0.2340161658888889,0.3561914307222222,0.40979240222222224
2019-10-18,0.1898100250909091,0.3654125390909091,0.44477743609090903
2019-10-19,0.10361288283333332,0.6394732266666666,0.25691391583333334
2019-10-21,0.08066495,0.160195755,0.759139295
2019-10-22,0.05392072284615384,0.47742027715384616,0.46865900584615383
2019-10-23,0.15343784625,0.31796921375,0.5285929109999999
2019-10-24,0.11241907369230769,0.40343756361538463,0.48414335915384615
2019-10-25,0.166049732,0.33344086935714284,0.5005094065714285
2019-10-26,0.092221928,0.6293476166666666,0.27843046
2019-10-28,0.35680654,0.031918672,0.61127478
2019-10-29,0.02526453888888889,0.8386856211111111,0.1360498497777778
2019-10-30,0.055483996625000004,0.36411403600000003,0.5804019579999999
2019-10-31,0.056986116133333334,0.6938432878,0.24917058793333335
2019-11-01,0.123992313,0.6901311371428571,0.185876561
2019-11-02,0.2562267111625,0.480924487875,0.262848776375
2019-11-04,0.18187275774999997,0.22048782725000002,0.5976394025
2019-11-05,0.0802456306090909,0.305439701,0.6143146820909091
2019-11-06,0.0637382998,0.4180493377,0.5182123614
2019-11-07,0.1362087729,0.36831079569999997,0.49548042800000003
2019-11-08,0.17185273450000002,0.5737083113333333,0.2544389518333333
2019-11-09,0.03885262266666667,0.57289516,0.388252214
2019-11-11,0.10261720625,0.29915150125,0.5982312750000001
2019-11-12,0.14769988725,0.379396917875,0.47290318662499997
2019-11-13,0.2996880103333333,0.18949752122222221,0.5108144322222222
2019-11-14,0.12543626207692307,0.4014908342307692,0.4730728823076923
2019-11-15,0.070440562875,0.41830588525,0.511253534375
2019-11-16,0.024332039,0.2905026,0.6851654
2019-11-18,0.2239851045,0.2719360195,0.5040789105
2019-11-19,0.10466358099999999,0.2871620677,0.6081743549999999
2019-11-20,0.16094827585714283,0.3677990272857143,0.47125269857142854
2019-11-21,0.09547586107142857,0.5255565737142857,0.3789675644285714
2019-11-22,0.10151003181428571,0.3530509042857143,0.5454390512857142
2019-11-23,0.032364773400000005,0.6384707846000001,0.32916448600000003
2019-11-25,0.20073519800000003,0.3344866505,0.46477815666666666
2019-11-26,0.06501660857142857,0.3930774012857143,0.5419059967142857
2019-11-27,0.0727561423,0.3057898894,0.621453982
2019-11-28,0.16722223166666664,0.3491321623333333,0.48364555866666664
2019-11-29,0.1598612828,0.143051971,0.6970867540000001
2019-11-30,0.0521437,0.056003436,0.8918528
2019-12-02,0.03814324075,0.664865615,0.296991165
2019-12-03,0.091717915375,0.551684510875,0.35659756062500003
2019-12-04,0.08271170683333333,0.36928261425000003,0.5480056693333334
2019-12-05,0.17470885654999999,0.31843350460000003,0.5068576495
2019-12-06,0.3143446057777778,0.2940432011111111,0.39161217633333334
2019-12-07,0.2373841115,0.4692450305,0.29337085925
2019-12-09,0.036892224,0.657351825,0.30575589
2019-12-10,0.18610984646153844,0.3582334030769231,0.45565674838461534
2019-12-11,0.1318384089090909,0.3405617459090909,0.5275998777272727
2019-12-12,0.15486411271428574,0.29899066942857144,0.54614522
2019-12-13,0.22903318333333336,0.41124235388888886,0.3597244481111111
2019-12-14,0.07058690175000001,0.36786071,0.5615524175
2019-12-16,0.12454061459999999,0.3791075176666667,0.4963518806666667
2019-12-17,0.076997737875,0.598097762125,0.324904512
2019-12-18,0.27170878222222217,0.3868809941111111,0.3414102257777778
2019-12-19,0.0706459315,0.3706356970833333,0.5587183736666667
2019-12-20,0.0611637004,0.28448312929999997,0.654353175
2019-12-21,0.068106672,0.399834458,0.532058835
2019-12-23,0.0784571562,0.4122344472,0.509308388
2019-12-24,0.23756167907692308,0.34533981512307693,0.41709851715384616
2019-12-25,0.0500809965,0.237005367,0.71291362
2019-12-26,0.18361314639999998,0.4549382594,0.361448588
2019-12-27,0.029174437,0.5649708326666666,0.4058547066666667
2019-12-28,0.48220904,0.225091733,0.2926992185
2019-12-30,0.1695199106,0.5098632999999999,0.3206167706
2019-12-31,0.14359098233333334,0.41172408,0.44468495366666666
2020-01-01,0.06860592875,0.153098834,0.7782952075
2020-01-02,0.14198163666666666,0.10430297,0.7537153733333334
2020-01-03,0.13551485866666668,0.458792177,0.4056929611111111
2020-01-04,0.0210025915,0.786603765,0.1923936
2020-01-06,0.10553376199999999,0.65955051,0.23491573566666668
2020-01-07,0.037286087333333336,0.59930344,0.3634104978333334
2020-01-08,0.14718176346153847,0.3816220300769231,0.47119620615384616
2020-01-09,0.07401255983333334,0.16878760983333332,0.7571998466666666
2020-01-10,0.13799389522222222,0.5736478832222223,0.288358227
2020-01-11,0.03876243777142857,0.6671201685714285,0.2941173771428572
2020-01-13,0.0781794718,0.48096953400000003,0.440850982
2020-01-14,0.21604774563636361,0.287595722,0.49635651909090905
2020-01-15,0.1846050625,0.31367485133333334,0.5017200700000001
2020-01-16,0.114257286,0.32546320939999995,0.560279518
2020-01-17,0.28145259342857143,0.30926753035714283,0.4092798660714286
2020-01-18,0.0384651992,0.504057008,0.45747781
2020-01-21,0.0570050976,0.4735441842,0.46945069880000007
2020-01-22,0.07670349472727273,0.46825251836363635,0.45504398109090904
2020-01-23,0.1421189168181818,0.6594448087272727,0.1984362768181818
2020-01-24,0.11829760118181819,0.32081678863636365,0.5608856206363636
2020-01-25,0.023745538,0.86842815,0.10782629899999999
2020-01-27,0.039364030333333334,0.7651634666666666,0.19547247066666665
2020-01-28,0.2331010225,0.621389500625,0.14550948225
2020-01-29,0.25113716405555553,0.28553505838888893,0.4633277608888889
2020-01-30,0.14522168568750002,0.5861202821875,0.2686580435
2020-01-31,0.25905636125,0.5395796425,0.20136400075
2020-02-01,0.0908381276,0.5344643091,0.3746975535
2020-02-03,0.057707148,0.6972978299999999,0.2449950468
2020-02-04,0.21301752820000003,0.22107283519999998,0.565909613
2020-02-05,0.08845363904285715,0.4138178165714286,0.4977285545714286
2020-02-06,0.2922608472222222,0.23606055300000003,0.47167858111111116
2020-02-07,0.39550188044444445,0.21797943500000003,0.3865186843333333
2020-02-08,0.0309713433,0.880044928,0.08898371540000001
2020-02-10,0.06048505466666667,0.5383053013333333,0.401209645
2020-02-11,0.18025809126666664,0.45236538788888886,0.36737650233333335
2020-02-12,0.03725483439285714,0.5699564581428571,0.3927886817857143
2020-02-13,0.054644893363636364,0.38453145699999997,0.5608236458181818
2020-02-14,0.14396750685714285,0.5293350317142858,0.3266974547142857
2020-02-15,0.07501218375,0.5530346865,0.37195314375
2020-02-18,0.04670300057142857,0.43021669242857147,0.523080283
2020-02-19,0.06973104728571429,0.4058753167142857,0.5243936357142857
2020-02-20,0.12873955720000002,0.5213679194,0.3498925153
2020-02-21,0.231287575375,0.415962693625,0.352749739625
2020-02-22,0.02888133645,0.8588890233333334,0.11222961716666668
2020-02-24,0.031826129333333335,0.5536708076666667,0.414503075
2020-02-25,0.14832681566666667,0.35370422533333334,0.49796897444444443
2020-02-26,0.04975813175,0.5680488218749999,0.382193044375
2020-02-27,0.07431039927272727,0.5382322306363636,0.38745736554545457
2020-02-28,0.14523789964545453,0.6167408372727272,0.2380212709090909
2020-02-29,0.11093105766666667,0.6287525526666666,0.26031638100000004
2020-03-02,0.17341707099999998,0.335192116,0.49139081840000004
2020-03-03,0.16853529422222222,0.6590634066666667,0.17240128622222223
2020-03-04,0.022583877333333335,0.6790627969999999,0.2983532825
2020-03-05,0.10101688630769232,0.5536273413846154,0.3453557875384616
2020-03-06,0.075126575,0.6168691011538462,0.3080043159230769
2020-03-07,0.038480744750000004,0.6716095950000001,0.289909701
2020-03-09,0.08175473833333333,0.476839481,0.44140576666666664
2020-03-10,0.06641095909090909,0.5584055085454546,0.3751835311818182
2020-03-11,0.16476712404166668,0.4279610405,0.4072718334166667
2020-03-12,0.0321442138125,0.69621839425,0.271637384125
2020-03-13,0.08587687575000001,0.49012201883333334,0.42400109150000004
2020-03-14,0.25027802225,0.47808841100000005,0.27163357075
2020-03-17,0.04293690034,0.5396910862000001,0.41737202240000004
2020-03-18,0.026488226615384615,0.7428266215384615,0.23068518453846154
2020-03-19,0.10292585066666667,0.49993390058333337,0.3971402360833333
2020-03-20,0.06097529483333333,0.6975197277777778,0.24150496366666666
2020-03-21,0.1828752465,0.5721957883333334,0.24492897116666668
2020-03-23,0.3551705293333334,0.28794695900000006,0.3568825233333333
2020-03-24,0.07293500833333333,0.5299395508333333,0.3971254600833333
2020-03-25,0.028860956500000003,0.6817177166666667,0.28942133066666664
2020-03-26,0.16978625458333332,0.39653218858333333,0.43368156208333336
2020-03-27,0.1681438773,0.31092236240000004,0.5209337545
2020-03-28,0.19194380075,0.4919604275,0.31609576500000003
2020-03-30,0.061451584571428575,0.5501286289999999,0.3884198112857143
2020-03-31,0.0380658025,0.567519448,0.394414735375
2020-04-01,0.10189926266666666,0.6971041466666668,0.200996586
2020-04-02,0.08292625986666666,0.4988598684,0.41821387986666664
2020-04-03,0.048036005666666666,0.621543724111111,0.33042028111111116
2020-04-04,0.049603068400000006,0.5887629386000001,0.3616340112
2020-04-06,0.018125095333333334,0.8096054333333335,0.17226948333333333
2020-04-07,0.22720779669230767,0.3507517286923077,0.4220404859230769
2020-04-08,0.08694128325,0.45676309925,0.4562955975
2020-04-09,0.20838257185714285,0.44307013157142855,0.34854730142857143
2020-04-10,0.0174505135,0.791238955,0.19131054866666666
2020-04-13,0.0225331644,0.6617908619999999,0.31567595439999996
2020-04-14,0.01893597218888889,0.6819837491111111,0.29908027555555555
2020-04-15,0.10851040276363637,0.5361459228181817,0.35534366245454546
2020-04-16,0.07471573925,0.4968316797,0.42845259059999996
2020-04-17,0.046252300045454546,0.5104182445454545,0.44332947345454543
2020-04-18,0.01825675115,0.8557727525,0.12597047849999998
2020-04-20,0.036235913999999994,0.8065264500000001,0.15723767466666666
2020-04-21,0.14368545240000002,0.4024544636,0.4538600805
2020-04-22,0.08166339516000001,0.531516347,0.3868202597
2020-04-23,0.0856718216923077,0.49455083330769234,0.4197773396153846
2020-04-24,0.149709063,0.2927396635555556,0.5575512777777778
2020-04-25,0.07876893659999999,0.369050097,0.5521809572
2020-04-27,0.04111123866666667,0.5205097986666667,0.4383789771666667
2020-04-28,0.08053975811111111,0.44076573255555557,0.47869452377777777
2020-04-29,0.07060815675,0.5888660286666667,0.34052577549999996
2020-04-30,0.12832568577777778,0.5191786380000001,0.3524956608888889
2020-05-01,0.07225339093333334,0.49136931573333337,0.4363772986666667
2020-05-02,0.03567091954,0.41946379079999996,0.5448652970000001
2020-05-04,0.29802259400000003,0.046921108,0.655056325
2020-05-05,0.08263257204999999,0.4707092022,0.44665821299999997
2020-05-06,0.049421386166666664,0.5799231885,0.37065542625
2020-05-07,0.1264879714076923,0.5333857478461539,0.34012626500000004
2020-05-08,0.0188394851875,0.69808453225,0.283075986625
2020-05-09,0.038172098,0.398475778,0.56335210875
2020-05-11,0.030343796333333336,0.42141447,0.5482416876666667
2020-05-12,0.1223620018888889,0.403025982,0.47461203855555556
2020-05-13,0.1311000541,0.27253962225,0.5963603124
2020-05-14,0.022820410714285717,0.8148974528571429,0.16228210985714284
2020-05-15,0.09853768095,0.6611613878333333,0.24030093525
2020-05-16,0.06359780516666667,0.3643770036666667,0.5720251905
2020-05-18,0.3016968232,0.454995043,0.24330816400000002
2020-05-19,0.03945815911111111,0.5145038984444444,0.44603793655555557
2020-05-20,0.06787232257142857,0.4602134823571428,0.4719141928571428
2020-05-21,0.12922350075,0.4680012668333333,0.4027752475
2020-05-22,0.21639137508333336,0.43417883275,0.34942980166666665
2020-05-23,0.04489906525,0.48002876,0.47507213175
2020-05-26,0.0379108665,0.61092876075,0.35116036749999996
2020-05-27,0.06757824700000001,0.2833096887142857,0.64911205
2020-05-28,0.12816820264285714,0.4174332703928571,0.4543985137857143
2020-05-29,0.14618530833333332,0.42525381222222225,0.42856088444444446
2020-05-30,0.13559355891666666,0.44655969333333334,0.4178467476666667
2020-06-01,0.044290405500000005,0.577337505,0.378372103
2020-06-02,0.028060986833333332,0.7384383011111111,0.2335007091111111
2020-06-03,0.050718148583333324,0.6211223341666666,0.32815951433333335
2020-06-04,0.042090121111111115,0.6325668523333333,0.3253430345555556
2020-06-05,0.07332333353333334,0.6079461211333334,0.3187305487333333
2020-06-06,0.05095914,0.4700917025,0.47894912
2020-06-08,0.051045857,0.46853232,0.48042178
2020-06-09,0.19538092799999998,0.37329249625,0.4313265659166667
2020-06-10,0.09633772057142857,0.5686551368571429,0.3350071642857143
2020-06-11,0.093429401875,0.6289490534166666,0.27762154575000003
2020-06-12,0.21763692164285714,0.3504746552857143,0.43188843
2020-06-13,0.023185045,0.7112052025,0.265609763
2020-06-15,0.080475364,0.47425036466666665,0.4452743033333333
2020-06-16,0.09521798485714286,0.5975448880714286,0.30723713514285717
2020-06-17,0.098622066,0.40699843214285714,0.49437948485714284
2020-06-18,0.07531097605,0.3907877621,0.5339012744
2020-06-19,0.05883262018181818,0.4420174658181818,0.4991498918181818
2020-06-20,0.13561461194,0.537079498,0.32730589
2020-06-22,0.09986112280000001,0.4686373394,0.43150153199999997
2020-06-23,0.10015524199999999,0.3468101593333333,0.553034565
2020-06-24,0.0318408897,0.5817029447333333,0.38645616493333335
2020-06-25,0.049385326125000004,0.66312568375,0.28748899825
2020-06-26,0.2224560173,0.3123455818,0.4651984039
2020-06-27,0.08996549599999999,0.31495099616666666,0.5950835099999999
2020-06-29,0.064770926,0.27989815999999995,0.6553309333333334
2020-06-30,0.089503732375,0.44565363025,0.46484262375
2020-07-01,0.10602712545454546,0.6530754927272727,0.24089735390909092
2020-07-02,0.07256512725,0.5569332246666666,0.37050163816666665
2020-07-03,0.19992000466666668,0.37107874,0.4290012733333333
2020-07-06,0.2792700265,0.2849086385,0.43582131625
2020-07-07,0.10192719939999999,0.3835589834,0.5145138396
2020-07-08,0.03342875866666666,0.6037293309999999,0.362841917
2020-07-09,0.09808263321428572,0.4153492135,0.48656816035714284
2020-07-10,0.03591876285714286,0.7657518085714285,0.19832941642857144
2020-07-11,0.11246637966666667,0.5642444873333333,0.32328909933333333
2020-07-13,0.0243118598,0.860967878,0.11472028599999999
2020-07-14,0.163425182375,0.50859953775,0.32797529575
2020-07-15,0.03647423263636363,0.5391737793636364,0.42435199045454547
2020-07-16,0.03261168005714286,0.8601323942857143,0.10725591242857144
2020-07-17,0.12729751442857143,0.5573612540714286,0.3153412367142857
2020-07-18,0.052607026,0.2792899135,0.668103095
2020-07-20,0.05203697214285714,0.6306092271428572,0.31735381371428567
2020-07-21,0.1978221636,0.0968333342,0.70534451
2020-07-22,0.12943491978571428,0.5566975578571428,0.3138675090714286
2020-07-23,0.27430311288888887,0.35111100594444444,0.3745858761111111
2020-07-24,0.13902570881818183,0.5553713162727273,0.3056029890909091
2020-07-25,0.02453257475,0.659898765,0.3155687085
2020-07-27,0.06522807775,0.323333554,0.6114383925
2020-07-28,0.28921387481818184,0.4190717303636364,0.2917143900909091
2020-07-29,0.21734510170000002,0.2631649008,0.519489981
2020-07-30,0.2177503243,0.45975805200000003,0.3224916196
2020-07-31,0.13596906355555557,0.5092779593333333,0.35475298622222223
2020-08-01,0.05897166583333333,0.5088435456666667,0.43218477633333335
2020-08-03,0.1553918037142857,0.09981057842857144,0.7447976185714286
2020-08-04,0.058915990571428566,0.4422279471428571,0.4988560985714286
2020-08-05,0.0823875943142857,0.5305887475714286,0.3870236655714286
2020-08-06,0.22387797375,0.6605144965,0.1156075375
2020-08-07,0.07796298410769231,0.7429379962307692,0.17909901607692308
2020-08-08,0.0830105172,0.798385688,0.1186037798
2020-08-10,0.0588899955,0.457195162,0.48391486
2020-08-11,0.27593352615,0.23573348570000002,0.48833299320000007
2020-08-12,0.1972454376,0.7260933986,0.0766611728
2020-08-13,0.07890843918181818,0.5204294599090908,0.4006620734545454
2020-08-14,0.0499952417,0.6284723714,0.32153240850000003
2020-08-15,0.25676933975,0.5987993535,0.144431294
2020-08-17,0.15227437085714285,0.3260209394285714,0.5217046918571429
2020-08-18,0.044077489375,0.56205336975,0.39386913375
2020-08-19,0.22305914088888887,0.26078345366666666,0.5161574058888889
2020-08-20,0.2606788234285714,0.452027158,0.28729402642857144
2020-08-21,0.09260249538461539,0.49329388046153844,0.4141036097692308
2020-08-22,0.12208845483333335,0.35804932333333334,0.5198622296666667
2020-08-24,0.15732960325,0.47992917887500003,0.36274120825
2020-08-25,0.16481618133333334,0.18747472099999998,0.6477090900000001
2020-08-26,0.08752481125,0.2661995704166667,0.6462756175000001
2020-08-27,0.1475892954285714,0.07291238471428572,0.7794982942857143
2020-08-28,0.10524238281818182,0.3518490784090909,0.5429085393636364
2020-08-29,0.05123209966666667,0.11095604666666666,0.8378118533333333
2020-08-31,0.23482139514285713,0.13705191985714285,0.6281266885714285
2020-09-01,0.02653492,0.6640052033333333,0.30945986666666664
2020-09-02,0.10925443873333335,0.39581416820000004,0.49493140366666666
2020-09-03,0.21266043118181815,0.22215552345454545,0.5651840507272727
2020-09-04,0.015306688277777777,0.8106557528888889,0.17403754755555553
2020-09-05,0.03047616425,0.888772475,0.08075138225
2020-09-08,0.03474943725,0.35070480574999996,0.61454572
2020-09-09,0.04409470872222222,0.527797442,0.4281078471111111
2020-09-10,0.0964214435,0.491459223,0.4121193622
2020-09-11,0.16797940308333334,0.2722346455833333,0.5597859405833333
2020-09-12,0.0560908705,0.4799807545,0.463928412
2020-09-14,0.1495771435,0.3670163733333333,0.4834064826666667
2020-09-15,0.0288682144,0.726106022,0.2450257788
2020-09-16,0.06790190935714285,0.7465809514285714,0.18551716000000001
2020-09-17,0.1534648935333333,0.4350288492,0.4115062606666667
2020-09-18,0.14257074,0.496893544875,0.36053571500000003
2020-09-19,0.033545511,0.4693715205,0.4970829966666666
2020-09-21,0.057328775750000005,0.3888336225,0.553837583
2020-09-22,0.17263513577272727,0.4133608348181818,0.41400404300000004
2020-09-23,0.1541286427142857,0.3528019428571429,0.49306940714285713
2020-09-24,0.10159859870000001,0.3853298375,0.5130715735
2020-09-25,0.14247308928571428,0.6051473196428571,0.25237958699999996
2020-09-26,0.026661692333333334,0.58644212,0.3868961553333334
2020-09-28,0.06541225,0.074934825,0.8596529
2020-09-29,0.1386805575,0.3874774164166667,0.47384204166666666
2020-09-30,0.06947668525,0.485122449125,0.44540086162500003
2020-10-01,0.21925859390909092,0.46413155381818183,0.31660984518181823
2020-10-02,0.0851372499090909,0.7479928832727274,0.16686986545454546
2020-10-03,0.088313271,0.6408424928571429,0.27084420800000003
2020-10-05,0.14107554666666666,0.32826264,0.5306617933333333
2020-10-06,0.02584415827777778,0.5495848193333334,0.42457105811111107
2020-10-07,0.110851557,0.4434359391111111,0.44571251
2020-10-08,0.165175957,0.5967281630000001,0.2380958746
2020-10-09,0.1529994252,0.5365288364,0.3104717292
2020-10-10,0.03824892788888889,0.6124291061111111,0.34932197955555555
2020-10-12,0.17810058916666668,0.3032777383333333,0.5186216716666666
2020-10-13,0.0668754268,0.308157153,0.6249674279999999
2020-10-14,0.18196106686666666,0.32355071380000006,0.4944882108
2020-10-15,0.08948646521428572,0.4542357607142857,0.45627775142857147
2020-10-16,0.04067650275,0.6377940816666666,0.321529403
2020-10-17,0.0574570284,0.3927866028,0.549756372
2020-10-19,0.1273631878,0.31041644,0.56222037
2020-10-20,0.14330636889999998,0.41216236879999996,0.4445312544
2020-10-21,0.07562564355555555,0.33879567344444445,0.5855786916666667
2020-10-22,0.12313768233333332,0.4045527787777778,0.47230954688888893
2020-10-23,0.08352510495454545,0.5632472276363637,0.3532276562727273
2020-10-24,0.071840953,0.33637994833333335,0.5917790605000001
2020-10-26,0.19618893320000003,0.052170636199999995,0.751640452
2020-10-27,0.12290975375,0.52326553,0.35382471475
2020-10-28,0.065032316,0.36658773991666666,0.5683799254166667
2020-10-29,0.17803732616666668,0.6383691260000001,0.18359353866666664
2020-10-30,0.20576292642307692,0.41774193615384614,0.37649513823076924
2020-10-31,0.058764539166666664,0.5467786133333333,0.39445686666666663
2020-11-02,0.06407694775,0.21363140125,0.7222916374999999
2020-11-03,0.06879303974999999,0.22043247575,0.71077450175
2020-11-04,0.04617500414285714,0.44250365742857145,0.5113213334285714
2020-11-05,0.13239662870000002,0.47545348670000004,0.39214990310000003
2020-11-06,0.24121279727272726,0.4173526423636364,0.34143456445454545
2020-11-07,0.12360827431249999,0.6685560275,0.20783570625
2020-11-09,0.040363734333333325,0.345142308,0.614494002
2020-11-10,0.10576907585714286,0.5779446305714285,0.31628627428571426
2020-11-11,0.33628565354545453,0.17806408345454547,0.48565024818181823
2020-11-12,0.04159049244444444,0.6235303954444444,0.334879107
2020-11-13,0.1225755735,0.48660023771875,0.3908241989375
2020-11-14,0.277099706,0.210511706,0.512388581
2020-11-16,0.0513039545,0.086599697,0.8620962999999999
2020-11-17,0.080708986375,0.586827668625,0.332463314875
2020-11-18,0.096780089,0.39310883484615383,0.5101110792307693
2020-11-19,0.108363403,0.4859390771428571,0.40569755
2020-11-20,0.19095912911538462,0.5515823670384615,0.25745850846153845
2020-11-21,0.031653627749999996,0.55752744,0.41081896500000004
2020-11-23,0.3741390434,0.0793333059,0.5465276448
2020-11-24,0.055797341181818186,0.322734251,0.6214684018181819
2020-11-25,0.13799094825,0.40333755050000003,0.4586714979
2020-11-26,0.014019098666666667,0.9526617666666667,0.03331915766666667
2020-11-27,0.18703784971428572,0.5197623057142857,0.29319984285714284
2020-11-30,0.056444358,0.22973152,0.7138241
2020-12-01,0.07739422986000001,0.4948646383333334,0.4277411244
2020-12-02,0.1276487357,0.2638261187,0.6085251420000001
2020-12-03,0.22529485733333335,0.10313970783333333,0.671565455
2020-12-04,0.13653496835714288,0.5273630579999999,0.33610197289285715
2020-12-05,0.02998423925,0.513892355,0.45612340175
2020-12-07,0.10263189333333333,0.06702046233333332,0.8303476333333334
2020-12-08,0.043286691125,0.443162392125,0.5135509085000001
2020-12-09,0.15701765480000002,0.3973756302,0.4456067266
2020-12-10,0.1480986336909091,0.5381559592727273,0.31374541254545457
2020-12-11,0.14361400445454545,0.4413512135454546,0.41503477399999994
2020-12-12,0.03153412,0.066956215,0.9015097
2020-12-14,0.06602568907999999,0.49401813819999996,0.43995616919999997
2020-12-15,0.10010762536,0.36156086119999997,0.538331515
2020-12-16,0.095397897875,0.3137000575,0.59090202325
2020-12-17,0.14876055441666666,0.5152769473333333,0.33596247566666665
2020-12-18,0.08925201454545455,0.3930810574545454,0.5176669298181819
2020-12-19,0.0611189595,0.42213002425,0.5167510275
2020-12-21,0.0357180138,0.5903257294,0.3739562228
2020-12-22,0.28307833225,0.345274226125,0.3716474275
2020-12-23,0.05942817191666667,0.5568961785833334,0.3836756358333333
2020-12-24,0.2408639770909091,0.4041193261818182,0.3550166821818182
2020-12-25,0.08226143,0.0495116305,0.8682269499999999
2020-12-28,0.079553445,0.0310652965,0.88938126
2020-12-29,0.051646360428571424,0.5531719945714285,0.3951816458571429
2020-12-30,0.16783653085714284,0.5024223905714286,0.32974109428571424
2020-12-31,0.26225128533333336,0.23421709,0.5035316366666667
2021-01-01,0.16419681383333332,0.325009718,0.5107934858333333
2021-01-04,0.012762195,0.9723069,0.014930923
2021-01-05,0.136146858625,0.4297076125416666,0.43414552683333335
2021-01-06,0.2758156567777778,0.46442222177777776,0.25976209866666666
2021-01-07,0.2528672691111111,0.26727170283333335,0.47986105
2021-01-08,0.12631184680000002,0.493251005,0.380437146
2021-01-09,0.169853034,0.3536466082222222,0.47650038744444445
2021-01-11,0.113967333,0.11724910250000001,0.768783575
2021-01-12,0.03584062688888889,0.4110966501111111,0.5530627207777778
2021-01-13,0.06302863755555556,0.4002954415555555,0.5366759433333333
2021-01-14,0.0825138248,0.41203141099999996,0.5054547696
2021-01-15,0.16509139385714286,0.5701475217857143,0.2647610827142857
2021-01-16,0.08251566425,0.630356225,0.287128119
2021-01-19,0.08803772275,0.37008485025000004,0.541877411
2021-01-20,0.06706396863636364,0.39549507863636363,0.5374409604545455
2021-01-21,0.07255776433333333,0.5257613836666667,0.4016808498888889
2021-01-22,0.0465473922,0.58584587,0.36760673239999997
2021-01-23,0.16537955899999998,0.25488006616666664,0.579740395
2021-01-25,0.0792697635,0.1819841735,0.7387461
2021-01-26,0.11577689121428571,0.38776590975,0.49645719214285716
2021-01-27,0.25138698875,0.2748187015,0.47379434075000004
2021-01-28,0.1901958623076923,0.38344826161538464,0.4263558751538461
2021-01-29,0.13516366691666667,0.440442619,0.42439372041666673
2021-01-30,0.1838382052,0.026432914800000002,0.789728866
2021-02-01,0.4072103005,0.3671034325,0.22568627149999998
2021-02-02,0.20968007083333337,0.4696920331666667,0.320627885
2021-02-03,0.0864649786,0.4877335030666667,0.42580150646666665
2021-02-04,0.226032442625,0.13831795975,0.63564961875
2021-02-05,0.07985683111111112,0.3682493612222222,0.5518938362222222
2021-02-06,0.08659877008333333,0.3586111081666667,0.5547901616666667
2021-02-08,0.2927233676666667,0.124386649,0.5828899766666668
2021-02-09,0.263184117,0.37352257800000005,0.363293291
2021-02-10,0.10538433116666666,0.4323427146666667,0.4622729485833333
2021-02-11,0.15647488316666666,0.4178595374166667,0.42566556325
2021-02-12,0.11777723463636365,0.36505325218181817,0.5171694972727273
2021-02-13,0.0547328386,0.4555931695,0.4896740328
2021-02-16,0.04354143733333333,0.32879162366666664,0.6276669366666666
2021-02-17,0.09756826007692307,0.43634352015384614,0.46608820923076927
2021-02-18,0.0758699415,0.118753223375,0.80537682125
2021-02-19,0.20949112649999999,0.3681906614,0.42231821329999997
2021-02-20,0.109128761,0.3370894875,0.5537817512500001
2021-02-22,0.050227681999999996,0.45738466883333334,0.492387655
2021-02-23,0.07332319054545454,0.41192375327272723,0.5147530625454545
2021-02-24,0.049829064166666666,0.5028871248888889,0.44728384899999996
2021-02-25,0.3486667541818182,0.32559620977272724,0.3257370406363636
2021-02-26,0.1687162441111111,0.3224926987777778,0.5087910893333334
2021-02-27,0.053487745249999996,0.48157830725,0.46493397475
2021-03-01,0.25517136874999996,0.2691360565,0.475692572
2021-03-02,0.20357307890909093,0.39070491463636364,0.4057219972727273
2021-03-03,0.1616189254,0.347008054,0.4913730197272727
2021-03-04,0.11927984977777777,0.5966663125555556,0.284053826
2021-03-05,0.0965482924,0.5035517328,0.3998999942
2021-03-06,0.0722529886,0.5767927218000001,0.350954317
2021-03-08,0.15860983175,0.42115843399999997,0.420231746
2021-03-09,0.11035618039999999,0.026030887200000002,0.863612914
2021-03-10,0.13054243335714286,0.4123483349285714,0.4571092365714286
2021-03-11,0.11211396920000001,0.41587898240000004,0.4720070617
2021-03-12,0.1661440568888889,0.35077187544444444,0.48308409477777775
2021-03-13,0.05798026666666667,0.17628323266666668,0.7657364900000001
2021-03-15,0.11799926475,0.49665368249999997,0.38534705
2021-03-16,0.127640679375,0.412495711125,0.459863611125
2021-03-17,0.26475999295384617,0.2633210933846154,0.4719188996923077
2021-03-18,0.14940423819999998,0.2923713754,0.5582244000000001
2021-03-19,0.043616840000000004,0.5696453635555555,0.38673779655555557
2021-03-20,0.08222023166666666,0.412221164,0.5055586
2021-03-22,0.05614125999999999,0.5090449122,0.4348138252
2021-03-23,0.0650239395,0.3881336474,0.5468424228
2021-03-24,0.22096771036923077,0.3064498820769231,0.4725823923846154
2021-03-25,0.177956879875,0.359129016375,0.462914098875
2021-03-26,0.057688724538461536,0.5043234652692308,0.4379878185384615
2021-03-27,0.10453155583333333,0.5257440748333334,0.36972437966666666
2021-03-29,0.22690706149999998,0.186451548,0.5866413645
2021-03-30,0.04803030542857143,0.3080638582857143,0.6439058178571428
2021-03-31,0.10649226540909092,0.5132747264545454,0.38023301927272724
2021-04-01,0.25589139707692304,0.28427805100000003,0.4598305603846154
2021-04-02,0.27560054566666664,0.49209868333333334,0.23230076666666669
2021-04-05,0.2379391395,0.278997706375,0.48306314
2021-04-06,0.34303336700000003,0.1343101015,0.5226565283333334
2021-04-07,0.17317594649999998,0.29555775514285715,0.5312663052857143
2021-04-08,0.239977141875,0.28325614425,0.47676670800000004
2021-04-09,0.2319656708333333,0.43165840041666664,0.33637595216666666
2021-04-10,0.019579612,0.91767704,0.06274335
2021-04-12,0.402349352,0.37047051124999997,0.22718014575
2021-04-13,0.15394186354545455,0.39350645599999995,0.45255168954545455
2021-04-14,0.1168486994,0.3476201405,0.5355311687000001
2021-04-15,0.23907423183333334,0.12704340633333333,0.6338823783333333
2021-04-16,0.14487272438666665,0.4023492207333333,0.45277804753333334
2021-04-17,0.25628273533333334,0.5589442033333333,0.18477307133333332
2021-04-19,0.03375852,0.6216015,0.34464002
2021-04-20,0.07122806530769231,0.2905508283076923,0.6382211176923077
2021-04-21,0.19357981781818182,0.284357911,0.5220622804545454
2021-04-22,0.14394333892307692,0.4416780961538462,0.4143785779230769
2021-04-23,0.17628356405714288,0.556525544,0.26719087357142857
2021-04-24,0.057995978000000004,0.30123328125,0.6407707300000001
2021-04-26,0.37074032000000007,0.29167842783333336,0.3375812866666667
2021-04-27,0.20501997166666666,0.2629913545,0.5319886521666667
2021-04-28,0.3709128113333333,0.12948968666666666,0.49959751599999996
2021-04-29,0.45414011627272727,0.4002093817272728,0.1456504710909091
2021-04-30,0.27641211493333334,0.3035791034,0.42000876993333336
2021-05-01,0.016209605000000002,0.6636389766666667,0.32015145466666667
2021-05-03,0.2913742546,0.0360773796,0.672548362
2021-05-04,0.15999637325,0.2271578565,0.6128457875
2021-05-05,0.12510686925,0.38273694666666663,0.49215615691666664
2021-05-06,0.35888465016666665,0.3312734943333333,0.3098418635833333
2021-05-07,0.21785054979166665,0.3941121545833333,0.38803729508333334
2021-05-08,0.040714957,0.024721036,0.934564
2021-05-10,0.23863102,0.24754554180000002,0.513823441
2021-05-11,0.06544911554545454,0.42059094063636365,0.5139599430909091
2021-05-12,0.19502731299999998,0.4922794113333333,0.3126932723333333
2021-05-13,0.07859864925,0.6526276188333333,0.2687737436666667
2021-05-14,0.10746043761538462,0.5465793062307692,0.3459602742307692
2021-05-15,0.0125486005,0.8977289866666668,0.08972244
2021-05-17,0.3364051213333334,0.28128926,0.3823055946666667
2021-05-18,0.127102779,0.47521327088888893,0.3976839664444445
2021-05-19,0.1423826078333333,0.30065223641666666,0.5569651588333333
2021-05-20,0.2090051285,0.4626305848,0.3283642766
2021-05-21,0.31544681172727274,0.39579882077272727,0.2887543787272727
2021-05-22,0.058621498800000005,0.44126723840000004,0.5001112604
2021-05-24,0.08320237866666666,0.542522796,0.374274837
2021-05-25,0.09775768675,0.2739841995,0.6282581006666667
2021-05-26,0.15505247428571428,0.5130777774285714,0.33186975357142856
2021-05-27,0.102147702125,0.389457437,0.50839489925
2021-05-28,0.21363200154545456,0.49535466399999994,0.2910133496363636
2021-05-29,0.11779377580000001,0.498632062,0.38357419000000004
2021-06-01,0.34325461199999996,0.4046466265,0.2520987584166667
2021-06-02,0.0787497809,0.4229464489,0.4983037588
2021-06-03,0.04584056244444444,0.4427647745,0.5113946451111111
2021-06-04,0.22710614411111113,0.483430831,0.2894630022222222
2021-06-05,0.05241677883333334,0.45680285849999996,0.4907803686666667
2021-06-07,0.3146267821666667,0.30290226983333335,0.38247098000000007
2021-06-08,0.10170782333333334,0.38812643322222223,0.5101657581111111
2021-06-09,0.10838277483333332,0.3794158441666667,0.5122013750000001
2021-06-10,0.20602957075,0.41920557035714284,0.3747648677142857
2021-06-11,0.073799025125,0.43041661975,0.49578434
2021-06-12,0.09364421538571428,0.4434418408571429,0.46291392971428574
2021-06-14,0.15710660514285715,0.6410246957142858,0.20186871042857144
2021-06-15,0.3768886295,0.3149937675555556,0.30811760466666666
2021-06-16,0.07416625457142857,0.4154435291428572,0.5103902177142857
2021-06-17,0.09948257814999999,0.46796215849999995,0.4325552695
2021-06-18,0.08336880760000001,0.2497055664,0.6669256299999999
2021-06-19,0.020000882666666667,0.6571727266666667,0.322826404
2021-06-21,0.010515259866666666,0.9645570933333333,0.024927656333333336
2021-06-22,0.18743159018181818,0.4119938871818182,0.40057453336363635
2021-06-23,0.10215168214285715,0.42012777878571433,0.4777205328571429
2021-06-24,0.10341735955555555,0.37814018188888887,0.5184424388888889
2021-06-25,0.3116423571111111,0.4136452844444445,0.2747123764444444
2021-06-26,0.476863127,0.19347069,0.32966615800000004
2021-06-28,0.04362235,0.22287135,0.7335063
2021-06-29,0.11509685016666667,0.3677577045,0.5171454574166666
2021-06-30,0.108564031,0.47005799325,0.421377980625
2021-07-01,0.12825862709090907,0.5108317920909091,0.36090959990909094
2021-07-02,0.20448598678571428,0.4356035249642857,0.35991050207142855
2021-07-03,0.048630771249999996,0.44187507550000005,0.5094941575
2021-07-06,0.5725867833333332,0.020060561333333334,0.4073526166666666
2021-07-07,0.17567111346153846,0.39295271407692306,0.4313761572307693
2021-07-08,0.0729777597,0.5786864439999999,0.3483357749
2021-07-09,0.09440129554545452,0.3395712663636364,0.5660274643636364
2021-07-10,0.030030853666666666,0.613428706,0.356540425
2021-07-12,0.380827606125,0.1166433415,0.502529071
2021-07-13,0.44187515820000006,0.3742129262,0.1839119058
2021-07-14,0.25991605125,0.36644249892857145,0.3736414362142857
2021-07-15,0.10667716666666667,0.40703525022222226,0.4862875893333334
2021-07-16,0.06872367022222221,0.6431235844444445,0.28815274700000004
2021-07-19,0.0869368246,0.5930159805999999,0.3200471878
2021-07-20,0.1617729635,0.37233804325000003,0.46588899624999996
2021-07-21,0.14905002,0.29460506625,0.5563448885
2021-07-22,0.17701251726923078,0.3185105856923077,0.5044769101538461
2021-07-23,0.245451803125,0.36729332937500003,0.38725487375
2021-07-24,0.19818792189999998,0.5077147536,0.29409731419999996
2021-07-26,0.18113099683333334,0.5705520911666667,0.24831691483333332
2021-07-27,0.4081760596,0.208022104,0.38380179459999997
2021-07-28,0.1785622569166667,0.581644172,0.23979355616666664
2021-07-29,0.3319262673333333,0.37989118,0.28818254355555556
2021-07-30,0.26544233353333335,0.37055765053333334,0.3640000181333333
2021-07-31,0.317225055,0.0365957315,0.64617927
2021-08-02,0.07425590866666666,0.43095894,0.4947851511666667
2021-08-03,0.26852832494444445,0.32566123599999997,0.4058104173333333
2021-08-04,0.22051160873333334,0.3503797845555556,0.42910859222222225
2021-08-05,0.16485045266666665,0.42049093066666665,0.41465864733333335
2021-08-06,0.11009100189285714,0.5506240807857142,0.33928492828571427
2021-08-07,0.040635691,0.7843519833333333,0.17501228466666666
2021-08-09,0.100098642375,0.33393037125,0.56597098
2021-08-10,0.18115850655555554,0.4051467881111111,0.4136947006666667
2021-08-11,0.1945861985,0.2851861408,0.5202276672
2021-08-12,0.1745393506666667,0.3391266271111111,0.48633401188888886
2021-08-13,0.17824526166666665,0.22890409516666668,0.5928506466666666
2021-08-14,0.016252407,0.7701131999999999,0.213634375
2021-08-16,0.05350714975,0.5317396875,0.414753165375
2021-08-17,0.12201632925,0.386118704875,0.49186496025
2021-08-18,0.08134631657142857,0.30506870585714285,0.6135849862857142
2021-08-19,0.12066745532307693,0.5037439096153846,0.3755886333846154
2021-08-20,0.10905601485714286,0.37894065857142856,0.5120033181428572
2021-08-21,0.2989600371666667,0.23896588316666667,0.46207406666666667
2021-08-23,0.047273046357142856,0.31738298428571426,0.6353439574285714
2021-08-24,0.13714528669999998,0.23910281800000002,0.6237519015
2021-08-25,0.09011144711111112,0.4072955296666667,0.5025930407777778
2021-08-26,0.15638272955555554,0.2378563075555556,0.6057609555555555
2021-08-27,0.2240954776923077,0.3575191963846154,0.4183853173076923
2021-08-28,0.8803883,0.0722062725,0.047405419000000004
2021-08-30,0.07879278985714286,0.35892852042857143,0.5622786982857143
2021-08-31,0.022223595,0.7415947133333334,0.23618168208333334
2021-09-01,0.04720910972727273,0.5433450628181817,0.4094458488181818
2021-09-02,0.029721925412500003,0.73488737125,0.235390716125
2021-09-03,0.1907687295909091,0.371618483,0.43761278545454546
2021-09-04,0.16907568971428572,0.6087363728571429,0.22218792542857144
2021-09-07,0.08170646328571429,0.31995973999999994,0.598333789
2021-09-08,0.2393922148,0.31543061,0.4451771656
2021-09-09,0.06819782199999999,0.5833207611,0.34848142109999997
2021-09-10,0.10232033118461538,0.5625081882307692,0.33517147115384616
2021-09-11,0.0606456939,0.500455978,0.43889832925
2021-09-13,0.139776545,0.35026127300000004,0.509962155
2021-09-14,0.1290404718,0.2310268694,0.63993267
2021-09-15,0.23571244367857141,0.3470381415,0.4172494064285714
2021-09-16,0.19615673905555556,0.41538251016666666,0.388460774
2021-09-17,0.026136757666666666,0.4372055533333333,0.5366576783333333
2021-09-18,0.17168335484000002,0.5543379213499999,0.27397870150000003
2021-09-20,0.02604375025,0.655156551,0.318799699
2021-09-21,0.1623781037272727,0.3325706058181818,0.5050512975454545
2021-09-22,0.045710352,0.4261704355,0.5281192333333333
2021-09-23,0.10390445880769231,0.4834361684615385,0.4126593817692307
2021-09-24,0.044459008,0.6764677034545454,0.279073299
2021-09-25,0.01646317275,0.8617052125,0.12183163025
2021-09-27,0.03526467666666667,0.5281278888333333,0.436607452
2021-09-28,0.24885165860000003,0.43132918719999996,0.319819168
2021-09-29,0.03931201204166667,0.4082426698333333,0.5524453165
2021-09-30,0.13067542599999998,0.3326782526666667,0.536646333
2021-10-01,0.044055121,0.500003591375,0.455941280625
2021-10-02,0.22374564260000002,0.48642089860000004,0.2898334685
2021-10-05,0.12579237119,0.6268410579,0.2473665757
2021-10-06,0.06480086991666667,0.3880098445833333,0.5471892804999999
2021-10-07,0.29566861233333336,0.18928791,0.5150434768333333
2021-10-08,0.0426710407,0.5400710172000001,0.41725794139999994
2021-10-09,0.08174309066666667,0.40872924716666664,0.5095276691666667
2021-10-11,0.030109976675,0.529016418875,0.44087362875
2021-10-12,0.1773650823,0.7343782622,0.088256643
2021-10-13,0.1331176338181818,0.5623969195454546,0.3044854289090909
2021-10-14,0.3409574372222222,0.3091495788888889,0.3498929763333333
2021-10-15,0.2999612398333333,0.43143702675,0.2686017274166667
2021-10-16,0.2477499835,0.54714462675,0.2051054555
2021-10-18,0.05644965875,0.63451309625,0.30903724125
2021-10-19,0.33749429366666667,0.46274142566666665,0.19976432116666665
2021-10-20,0.12287675846153845,0.5982285093846154,0.27889472846153845
2021-10-21,0.2401813466,0.400409082,0.35940954740000003
2021-10-22,0.12876813459999997,0.41141989560000003,0.45981197729999995
2021-10-23,0.15666425585714286,0.49975130285714287,0.34358442128571426
2021-10-25,0.23578212979999996,0.3722158026,0.39200208999999997
2021-10-26,0.25321136422222223,0.3705275945,0.37626105044444447
2021-10-27,0.5028854515,0.29238134000000005,0.2047331932
2021-10-28,0.19143310866666666,0.3439774658333333,0.4645894126666667
2021-10-29,0.21584144149999998,0.30098166894444445,0.48317688977777773
2021-10-30,0.501726202,0.029408555500000003,0.468865209
2021-11-01,0.033058006833333334,0.8094694933333333,0.15747250733333332
2021-11-02,0.16418879214285714,0.2853503057142857,0.550460898
2021-11-03,0.26157550985,0.3919871965,0.3464373072
2021-11-04,0.12033618288888889,0.539367108888889,0.3402967207222222
2021-11-05,0.10067733103333333,0.4161835998666667,0.48313906766666664
2021-11-06,0.03268859,0.47344433199999997,0.493867096
2021-11-08,0.281204329,0.1934456378571429,0.5253500367142857
2021-11-09,0.19976164200000002,0.47532859387500004,0.3249097635
2021-11-10,0.0726150345,0.38913218485,0.5382527952
2021-11-11,0.24004789666666668,0.26748331756666666,0.49246879406666666
2021-11-12,0.09915654000000002,0.5439537925,0.3568896735
2021-11-13,0.017690847939999997,0.682743574,0.2995655986
2021-11-15,0.17247711016666667,0.32410195966666666,0.5034209363333334
2021-11-16,0.08619969366666667,0.3821987213333333,0.5316016233333333
2021-11-17,0.24585651036363637,0.3622813489090909,0.3918621466363636
2021-11-18,0.1979340333,0.33998554940000003,0.46208043410000005
2021-11-19,0.0282299151875,0.549922851625,0.4218472325
2021-11-20,0.062252783888888885,0.48552238777777773,0.45222485888888886
2021-11-23,0.1102305018,0.3825571718,0.5072123295
2021-11-24,0.1621177052,0.38465630526666666,0.4532259706666667
2021-11-25,0.233341116,0.325595563,0.4410632996
2021-11-26,0.1063399652857143,0.4950878054285714,0.3985722637142857
2021-11-30,0.13016842172727272,0.47907107463636367,0.39076051472727275
2021-12-01,0.12346463539285714,0.49671419314285714,0.3798211862142857
2021-12-02,0.1579104645,0.387267081625,0.454822440625
2021-12-03,0.08537879849999999,0.6162067657857142,0.29841444857142857
2021-12-04,0.038902486,0.46861262233333334,0.4924848766666667
2021-12-06,0.0422504028,0.6626278680000001,0.29512170800000004
2021-12-07,0.15895715700000002,0.324184998,0.5168578616666667
2021-12-08,0.049150706961538455,0.5596532848076923,0.3911960026923077
2021-12-09,0.15229789235,0.44067591850000004,0.4070261704
2021-12-10,0.16483216275,0.3858681915416667,0.4492996481666667
2021-12-11,0.14444543775000002,0.5769075097499999,0.2786470605
2021-12-13,0.028111857199999996,0.86669991,0.10518824599999999
2021-12-14,0.09953025750000001,0.516205281,0.3842644791
2021-12-15,0.3722510384,0.26874602670000003,0.3590029264
2021-12-16,0.15533967499999998,0.6075029766666667,0.23715735166666665
2021-12-17,0.07245571426666667,0.5801671577333333,0.3473771304666667
2021-12-18,0.21962204649999997,0.5443769675,0.23600101424999997
2021-12-20,0.051805207080000006,0.6352920796,0.3129027
2021-12-21,0.23251946909090912,0.32117192154545454,0.44630862527272724
2021-12-22,0.05124708257142857,0.5724368109285713,0.3763160904285714
2021-12-23,0.09883770755,0.3908897663,0.5102725396000001
2021-12-24,0.15684716599999998,0.5488950677142858,0.2942577585714286
2021-12-27,0.043631153666666665,0.2937499453333333,0.6626188966666667
2021-12-28,0.1321379122,0.507570673625,0.360291417
2021-12-29,0.0316825565,0.690297143,0.2780203225
2021-12-30,0.055990519625,0.296949083125,0.647060414
2021-12-31,0.04725159725,0.552060003125,0.400688385
2022-01-01,0.012816324,0.78755283,0.19963087
2022-01-03,0.0525820774,0.355476417,0.591941514
2022-01-04,0.23408991042857144,0.4630990894285714,0.30281098114285715
2022-01-05,0.03522159925,0.4497693425,0.5150090566666666
2022-01-06,0.15094144510000002,0.3722240072,0.4768345696
2022-01-07,0.1903269503,0.5872838331818181,0.22238925118181818
2022-01-08,0.007022668,0.9575243,0.035453048
2022-01-10,0.036019796,0.473252749,0.49072744
2022-01-11,0.04878173267272727,0.4734821007272727,0.47773617590909095
2022-01-12,0.08473323892307692,0.6386395722307692,0.276627177
2022-01-13,0.23638737514285715,0.29072349628571426,0.4728891592857143
2022-01-14,0.12461617869230769,0.6083544654615385,0.26702935538461536
2022-01-15,0.0748490605,0.6036796325,0.3214713125
2022-01-18,0.031891119,0.510991681,0.4571171865
2022-01-19,0.13907942883333332,0.4855216639166667,0.3753988993333333
2022-01-20,0.043490884875,0.35227805900000003,0.6042310424999999
2022-01-21,0.08373049838461538,0.44772234292307694,0.4685471682307692
2022-01-22,0.0526886773,0.751361028,0.1959503156
2022-01-24,0.048920966571428574,0.6989006322857143,0.2521784402857143
2022-01-25,0.0138274805,0.9267244,0.0594481155
2022-01-26,0.17056904216666668,0.4686210584166666,0.3608099061666667
2022-01-27,0.26532263300000003,0.5899754876000001,0.1447018661
2022-01-28,0.271859073125,0.5270539228125,0.2010869908125
2022-01-29,0.4856563725,0.2370721405,0.2772715
2022-01-31,0.025248047,0.17455997,0.800192
2022-02-01,0.16679431416666665,0.41556650316666666,0.41763920108333336
2022-02-02,0.35191564442307693,0.3745491470769231,0.2735352030769231
2022-02-03,0.0313744246,0.6094837292,0.3591418478
2022-02-04,0.2770901528,0.461109568,0.26180026666666667
2022-02-05,0.024847736500000002,0.47786322225,0.49728902900000005
2022-02-07,0.067228889,0.63041106125,0.30236004499999997
2022-02-08,0.23019915559999998,0.44699831679999996,0.3228025122
2022-02-09,0.0822608775,0.5296548801111112,0.38808426011111113
2022-02-10,0.2336290069090909,0.4024210401818182,0.36394994172727274
2022-02-11,0.08992513700000002,0.7538178577,0.1562570343
2022-02-12,0.07039136,0.03727922,0.89232945
2022-02-14,0.096420672,0.5069878167142857,0.3965915092857143
2022-02-15,0.03978166128571429,0.5054606221428571,0.454757727
2022-02-16,0.17208213383333335,0.4586218991666667,0.369295957
2022-02-17,0.14668466578125,0.4886592461875,0.3646561075
2022-02-18,0.18630032492857143,0.4989293811428571,0.3147702727142857
2022-02-19,0.042122842571428565,0.5544019937142857,0.40347516857142857
2022-02-22,0.09516357,0.7862189,0.11861753
2022-02-23,0.122357738,0.6196111347272727,0.2580311222727273
2022-02-24,0.042238318999999996,0.6815386685555556,0.27622300266666666
2022-02-25,0.035530480615384614,0.6797406738461539,0.2847288476923077
2022-02-26,0.24808973883333332,0.1155385185,0.6363717258333333
2022-03-01,0.13782024854545455,0.45997973527272723,0.40220001800000005
2022-03-02,0.12072012888181818,0.47930255936363636,0.3999772953636364
2022-03-03,0.0370953479,0.623749137,0.3391555088
2022-03-04,0.10620769880833332,0.45756346566666667,0.43622884716666666
2022-03-05,0.1689518611666667,0.4656247233333333,0.3654234383333333
2022-03-07,0.14180783212,0.5928702901,0.26532189219999996
2022-03-08,0.12870230112499997,0.50155300325,0.36974470075
2022-03-09,0.14641696070000002,0.4064504672,0.447132563
2022-03-10,0.08163672578571428,0.7617221471428571,0.15664108785714287
2022-03-11,0.08033017540000001,0.6616736733333333,0.25799616513333334
2022-03-12,0.057835712000000004,0.6249038086,0.3172604732
2022-03-14,0.09128682471428572,0.5725407131428571,0.336172451
2022-03-15,0.0209516432,0.748240586,0.230807763
2022-03-16,0.05421266685714286,0.6811652675714285,0.2646220575714286
2022-03-17,0.18470735128333335,0.3245266495,0.4907660208333333
2022-03-18,0.14758155169999998,0.504263502375,0.3481549225
2022-03-19,0.0747582419,0.384479774,0.5407619635
2022-03-21,0.31961209566666665,0.26146607266666666,0.41892184666666665
2022-03-22,0.222651468875,0.386836448125,0.39051210425
2022-03-23,0.15910711277777778,0.41213154211111114,0.4287613322222222
2022-03-24,0.14818087015,0.47803519296875,0.3737839314375
2022-03-25,0.1958592555,0.4537327347272727,0.350408031
2022-03-26,0.5809288653333333,0.31498935266666667,0.10408178833333333
2022-03-28,0.07909381225,0.40487074300000003,0.5160354515
2022-03-29,0.03917968175,0.522087542875,0.438732772875
2022-03-30,0.10277941330769232,0.4185672599230769,0.47865332015384615
2022-03-31,0.2780291145,0.3322685695,0.38970233125
2022-04-01,0.15151563545454547,0.6902334998181818,0.15825086081818182
2022-04-02,0.23290159475,0.4837250125,0.28337338
2022-04-04,0.03800790383333333,0.3573891915,0.604602935
2022-04-05,0.08305819057142858,0.59474931,0.32219252842857143
2022-04-06,0.06476621309090909,0.40522252281818183,0.5300112614545455
2022-04-07,0.07520664727272727,0.526990525,0.39780281627272723
2022-04-08,0.1325708004,0.3834198218,0.48400936139999995
2022-04-09,0.1637579225,0.7000531575,0.13618894925000002
2022-04-11,0.155390685,0.4233671705,0.42124211666666667
2022-04-12,0.2178891846,0.5548188427,0.22729197839999998
2022-04-13,0.051088179125,0.69260080675,0.256311014625
2022-04-14,0.23149876474999997,0.42017602625,0.3483252075
2022-04-15,0.09752303144999999,0.25495335259999996,0.6475235996
2022-04-18,0.203140511375,0.349951446875,0.446908041375
2022-04-19,0.0656554236,0.49292200087500004,0.441422585375
2022-04-20,0.12683466774000002,0.4483563884,0.42480893039999995
2022-04-21,0.1535341618076923,0.5023078015384616,0.34415804484615387
2022-04-22,0.10679665103846155,0.5208249707692307,0.37237836476923075
2022-04-23,0.016593964666666666,0.8538808966666666,0.129525095
2022-04-25,0.087228305,0.225785473,0.68698625
2022-04-26,0.1048389800625,0.3410668975,0.55409410875
2022-04-27,0.092045338,0.6802260885714286,0.2277285677142857
2022-04-28,0.21278982200000002,0.5502568612500001,0.236953326625
2022-04-29,0.15102029553333335,0.5670306416,0.28194906746666665
2022-04-30,0.02630016,0.8185163666666666,0.15518345000000003
2022-05-02,0.071749369,0.680277362,0.247973291
2022-05-03,0.165035164,0.5181765415,0.316788285125
2022-05-04,0.087061966625,0.4992426505,0.413695394875
2022-05-05,0.18763492616666666,0.5576901805,0.2546748965
2022-05-06,0.248160795875,0.4897390869375,0.26210012275
2022-05-07,0.06976744383333333,0.5155600681666667,0.4146724933333334
2022-05-09,0.14814900520000002,0.5450360324,0.3068149772
2022-05-10,0.0777064167857143,0.5693817374285715,0.35291182971428575
2022-05-11,0.07016203875,0.50108850525,0.428749418375
2022-05-12,0.24431458691666666,0.31959843233333335,0.4360869823333333
2022-05-13,0.129565800475,0.5638116766666667,0.30662251283333336
2022-05-14,0.076232955,0.26310024,0.6606668
2022-05-16,0.133396971625,0.3626153995,0.50398763875
2022-05-17,0.128049488,0.543679802,0.32827071259999996
2022-05-18,0.07282794333333334,0.6900016025000001,0.23717046925
2022-05-19,0.017919987363636366,0.8366748936363636,0.14540511818181817
2022-05-20,0.1404477083,0.42919144429999995,0.43036081719999997
2022-05-21,0.04503634075,0.6967936125,0.25817008399999997
2022-05-23,0.0989139125,0.86451895,0.036567115
2022-05-24,0.14080389634545457,0.4866290172727272,0.37256708272727274
2022-05-25,0.3110912404,0.28092771650000004,0.4079810365
2022-05-26,0.3202588809285714,0.3712319295,0.3085091782857143
2022-05-27,0.24975400623636365,0.3804335983636364,0.3698123890909091
2022-05-28,0.29975725,0.19485396,0.50538877
2022-05-31,0.10321291383333332,0.6694923033333334,0.2272947755
2022-06-01,0.07712070675,0.66966762125,0.253211694
2022-06-02,0.10378282846428573,0.5568267392857142,0.33939041221428573
2022-06-03,0.30793910175,0.227279231,0.464781645
2022-06-04,0.023872675666666666,0.672131285,0.303996075
2022-06-06,0.0333169514,0.708506018,0.2581770296
2022-06-07,0.20425570665,0.4487564593,0.3469878408
2022-06-08,0.0513835109,0.40617362220000003,0.5424428715
2022-06-09,0.131740535,0.273060854,0.5951986142857143
2022-06-10,0.20987402273333336,0.5600791273333333,0.23004683866666667
2022-06-11,0.025089951,0.07464514,0.9002649
2022-06-13,0.3669037453333333,0.20355608,0.42954018466666666
2022-06-14,0.14302048624545455,0.6363879163636365,0.2205916059090909
2022-06-15,0.12580730023846154,0.7405914207692308,0.13360127846153846
2022-06-16,0.20718908642857142,0.5175146885714286,0.275296237
2022-06-17,0.029208825041666667,0.6526408833333334,0.31815028441666665
2022-06-18,0.24100712924999998,0.400117991,0.358874906
2022-06-22,0.10175011283333334,0.6475977926666666,0.25065209483333334
2022-06-23,0.093443235,0.5945438922142857,0.31201286300000003
2022-06-24,0.22597823455555557,0.40801802,0.36600374922222223
2022-06-25,0.0569439748,0.44737687499999995,0.4956791332
2022-06-27,0.1622776724,0.30273221819999996,0.534990122
2022-06-28,0.05898000544444445,0.6304615665555555,0.3105584072222223
2022-06-29,0.026566592062499998,0.691784935,0.28164849
2022-06-30,0.05190373319230769,0.5794487903846154,0.3686474785384615
2022-07-01,0.037450900100000004,0.782779914,0.17976916250000002
2022-07-02,0.09342806325,0.64001098,0.26656101000000004
2022-07-05,0.07305071571428572,0.6267713628571429,0.30017793857142855
2022-07-06,0.018032981,0.7772747516666666,0.20469227950000002
2022-07-07,0.2986482727888889,0.3912076876666667,0.3101440482222222
2022-07-08,0.193348372625,0.5230168285,0.2836347978125
2022-07-09,0.0536940265,0.754879825,0.19142609
2022-07-11,0.022369585400000003,0.777206406,0.2004239846
2022-07-12,0.04156793183333333,0.6522378433333333,0.3061942018888889
2022-07-13,0.17643359233333333,0.454058448,0.36950795025
2022-07-14,0.11035243357142857,0.5379909214285714,0.35165659057142856
2022-07-15,0.15396613450000002,0.6459840732857144,0.2000498015
2022-07-16,0.30422825466666664,0.5754987100000001,0.12027301333333333
2022-07-18,0.46242705525,0.28173289175,0.25584004574999997
2022-07-19,0.08795726577272728,0.7029650932727273,0.20907763718181818
2022-07-20,0.1517732383888889,0.5531570145555555,0.29506972444444446
2022-07-21,0.18709075057142857,0.5174174525714286,0.29549182157142856
2022-07-22,0.1789089011,0.4498430926,0.3712480096666667
2022-07-23,0.043049854250000005,0.68263547,0.274314705
2022-07-25,0.3394062665,0.3955358705,0.2650578525
2022-07-26,0.156216344675,0.466549475,0.37723418975
2022-07-27,0.13838600855,0.5760232703,0.285590722
2022-07-28,0.1907787005,0.67212958675,0.1370916995
2022-07-29,0.253680042,0.4435243138666667,0.30279563806666665
2022-07-30,0.18346310459999998,0.36057852,0.4559583614
2022-08-01,0.030744018666666668,0.6415978783333333,0.32765808150000003
2022-08-02,0.03795546804285715,0.5979027808571429,0.3641417658571429
2022-08-03,0.21108300195384616,0.3972830525384615,0.39163395576923077
2022-08-04,0.14987555707142858,0.6513844374285714,0.1987399842857143
2022-08-05,0.11944659053846154,0.5116298210769231,0.3689236036923077
2022-08-06,0.0354767365,0.868976965,0.0955462925
2022-08-08,0.04472156653999999,0.5798680012,0.3754103974
2022-08-09,0.23235454274999998,0.485689515,0.2819559815
2022-08-10,0.27418855670000003,0.42277630436666663,0.30303512213333333
2022-08-11,0.4147027108,0.22959270680000002,0.35570459460000003
2022-08-12,0.2522291436538462,0.4399303396153846,0.3078405292307692
2022-08-13,0.26045571925,0.62828345375,0.11126082725
2022-08-15,0.132195902,0.3386437113333333,0.5291604423333333
2022-08-16,0.11196044000000001,0.49935966592857145,0.38867988214285715
2022-08-17,0.2730397838181818,0.4455598757272727,0.2814003442727273
2022-08-18,0.30604233179999996,0.42542774540000006,0.26852991039999996
2022-08-19,0.10243023766666666,0.6828809155555555,0.2146888382222222
2022-08-20,0.19788684625,0.37326188225,0.428851286125
2022-08-22,0.3403065456,0.4226380868,0.2370553552
2022-08-23,0.22056975510000001,0.5501600049,0.2292702318
2022-08-24,0.19575342171428572,0.5200206415714286,0.28422596099999997
2022-08-25,0.13833468496428572,0.6763555177857142,0.1853098252857143
2022-08-26,0.18394774558333335,0.47046442233333335,0.34558783499999995
2022-08-27,0.0339287095,0.37916574000000003,0.58690553
2022-08-29,0.11249520418749999,0.629418056125,0.25808676812500003
2022-08-30,0.059280137000000004,0.7015225359999999,0.2391973257142857
2022-08-31,0.2713500201666667,0.5516922424166667,0.17695772333333334
2022-09-01,0.2763457394,0.2285290904,0.495125144
2022-09-02,0.27544082125,0.3059470430625,0.41861213325
2022-09-03,0.10062946,0.523211025,0.376159568
2022-09-06,0.14484380908333336,0.3606263678333333,0.4945298171666666
2022-09-07,0.06839615414285714,0.5271317748571429,0.4044720785714286
2022-09-08,0.1776344647272727,0.35251861045454547,0.4698469169090909
2022-09-09,0.21270741083333333,0.29463860891666666,0.4926539681666667
2022-09-10,0.3060981466666666,0.314058207,0.3798436566666667
2022-09-12,0.06863484839999999,0.610940121,0.3204250486
2022-09-13,0.056084066777777775,0.6439291335555555,0.29998679633333336
2022-09-14,0.3076818634166667,0.47364205600000003,0.21867609283333334
2022-09-15,0.11262192924,0.6750151218,0.21236296930000004
2022-09-16,0.13944739376923077,0.463756775,0.396795833
2022-09-17,0.011594754,0.9205853,0.067820005
2022-09-19,0.2364630372857143,0.4808140207857143,0.28272293785714286
2022-09-20,0.18211280245454545,0.4111215657272727,0.4067656229090909
2022-09-21,0.2206771045,0.14807716737499999,0.63124574425
2022-09-22,0.16076847222222224,0.5574673216666667,0.281764201
2022-09-23,0.1445488695,0.63006906775,0.225382023
2022-09-24,0.15694131239999998,0.586711196,0.2563474814
2022-09-26,0.022101575571428573,0.8513673585714285,0.1265310627142857
2022-09-27,0.07113053475,0.55302215825,0.375847330125
2022-09-28,0.24908938390909088,0.4776666106363636,0.27324401363636364
2022-09-29,0.25583455204166666,0.5188242508333333,0.22534119633333335
2022-09-30,0.17017374466666665,0.7097148242222223,0.12011140244444445
2022-10-01,0.011561567533333332,0.8787369333333332,0.10970149833333333
2022-10-03,0.52146949,0.168423454,0.310107064
2022-10-04,0.03987833955,0.5216577939,0.43846388220000004
2022-10-05,0.11310852103333334,0.5755553946666667,0.31133608586666667
2022-10-06,0.08278295075,0.286956817,0.63026019
2022-10-07,0.15486915591666667,0.3614499854166667,0.4836808988333334
2022-10-08,0.10252975066666666,0.38721760283333334,0.5102526178333333
2022-10-10,0.10487875342857143,0.2858623867142857,0.6092588574285714
2022-10-11,0.1617749285,0.5365618463999999,0.3016632487
2022-10-12,0.34473490557142855,0.33765343235714285,0.317611658
2022-10-13,0.19372871288888888,0.5201209907777778,0.2861502927777778
2022-10-14,0.16058178733333334,0.5006237375555556,0.3387944856666667
2022-10-15,0.137391320125,0.552379552125,0.3102291075
2022-10-17,0.27222750542857144,0.4706308402857143,0.2571416672857143
2022-10-18,0.15881024430000001,0.4713742831,0.36981547400000003
2022-10-19,0.23780225340000002,0.3909841535,0.3712135898
2022-10-20,0.165185438625,0.508917565875,0.325897008875
2022-10-21,0.067386302,0.55170303,0.38091068987500004
2022-10-22,0.36819127733333334,0.41810508116666667,0.213703631
2022-10-24,0.2597829185,0.59195639,0.148260639
2022-10-25,0.4627834613571428,0.4323795348571428,0.10483698042857144
2022-10-26,0.02102401388888889,0.6741458475555555,0.3048301523333333
2022-10-27,0.2893067658230769,0.5120168754615384,0.19867634376923077
2022-10-28,0.3667443883333334,0.400055577,0.23320006733333334
2022-10-29,0.12280057015000001,0.442242814,0.4349565997
2022-10-31,0.10712969685714287,0.6500052878571428,0.24286501357142856
2022-11-01,0.1299959046,0.6028259754,0.2671781364
2022-11-02,0.28811567033333335,0.3378521824444445,0.3740321581111111
2022-11-03,0.18146244174999998,0.35847007825,0.46006747325
2022-11-04,0.132988369,0.4341018835,0.432909723875
2022-11-05,0.1847909553,0.6831199952,0.132089026
2022-11-07,0.18391230775,0.35287091449999997,0.46321677225
2022-11-08,0.06029885675,0.616856182,0.32284499675
2022-11-09,0.253091419375,0.332942193625,0.413966380625
2022-11-10,0.20111111343750002,0.5402772380625,0.258611627
2022-11-11,0.1757224247166667,0.6942559458333334,0.13002163916666667
2022-11-12,0.0224347355,0.4877747075,0.48979053
2022-11-14,0.039992402133333334,0.5176674643333333,0.44234015
2022-11-15,0.19164950916666668,0.6020962215833333,0.20625426016666668
2022-11-16,0.19398189336363636,0.5163433740909091,0.28967474845454544
2022-11-17,0.14223179727272728,0.5012045964545455,0.356563609
2022-11-18,0.0347934846,0.562985132,0.402221385
2022-11-19,0.0346634465,0.8286128625,0.1367236765
2022-11-21,0.132060032,0.5600254588333333,0.30791450466666664
2022-11-22,0.2770462325,0.6031916783333334,0.11976209333333333
2022-11-23,0.0551462291,0.4650476216666667,0.4798061224666667
2022-11-24,0.2056975498,0.2612607232,0.5330417199999999
2022-11-25,0.0266439225,0.737838665,0.23551742325
2022-11-26,0.4596889,0.46771708,0.07259402
2022-11-28,0.011877253349999999,0.9466798700000001,0.041442907
2022-11-29,0.13405981933333333,0.5365602159,0.3293799594
2022-11-30,0.106795255625,0.47319437225,0.42001033899999995
2022-12-01,0.16109739242857143,0.4610110518571428,0.3778915522142857
2022-12-02,0.07484899533333333,0.6113036985,0.31384728491666664
2022-12-03,0.2564537163333333,0.6608578900000001,0.082688455
2022-12-05,0.2413311975,0.41981469,0.3388541275
2022-12-06,0.08944241939285714,0.5658585596428571,0.34469901535714287
2022-12-07,0.07722023566666666,0.4304762214444444,0.49230355344444443
2022-12-08,0.07340377825,0.6115785688333334,0.31501765341666665
2022-12-09,0.217408025875,0.35055351562500003,0.43203844375
2022-12-10,0.3185862566666667,0.6442498196666667,0.03716389766666667
2022-12-12,0.3466141894,0.1136196038,0.53976624
2022-12-13,0.0516298535,0.46536399500000003,0.4830061985
2022-12-14,0.058198721,0.5301741432727273,0.41162714
2022-12-15,0.26253253883333333,0.4901216521666667,0.2473458155
2022-12-16,0.09182907227272728,0.5896257192727273,0.3185452061818182
2022-12-17,0.12656150166666666,0.7265720866666667,0.146866429
2022-12-19,0.024802156857142856,0.5751933581428571,0.40000448000000005
2022-12-20,0.216058984,0.5501655938571429,0.23377542857142858
2022-12-21,0.11225359688888889,0.26323654722222223,0.6245098544444444
2022-12-22,0.03531728033333334,0.5469414288888889,0.4177413077777778
2022-12-23,0.037571076545454545,0.7614968681818183,0.20093203654545455
2022-12-24,0.024447626,0.81892616,0.15662625
2022-12-27,0.061352154,0.5634634292857142,0.37518439771428574
2022-12-28,0.0709629136,0.6845567048,0.244480393
2022-12-29,0.08162930825,0.4183326814375,0.5000380365
2022-12-30,0.09262317299999999,0.33161046050000004,0.575766380875
2022-12-31,0.0150480005,0.73057237,0.25437963599999996
2023-01-03,0.032298207,0.6426968916666667,0.3250048895
2023-01-04,0.15199086854166666,0.51980256975,0.32820656433333334
2023-01-05,0.14690437050000002,0.7026784355,0.150417179
2023-01-06,0.11298245581818182,0.8037303253636363,0.08328719345454545
2023-01-07,0.22360203033333334,0.5581747866666666,0.218223215
2023-01-09,0.021656747,0.7712916233333335,0.20705163266666668
2023-01-10,0.046259580625,0.5810841529999999,0.37265629725
2023-01-11,0.23820071825,0.5055169547875,0.256282347125
2023-01-12,0.17938029286363635,0.44696553845454545,0.3736541860909091
2023-01-13,0.17199923027272726,0.3801309986363636,0.44786977800000005
2023-01-14,0.42067216375,0.36381158425,0.21551625600000002
2023-01-17,0.0435216322,0.4254204142,0.5310579702
2023-01-18,0.19172277178571426,0.38040524792857144,0.4278719962857143
2023-01-19,0.04696221924,0.3750645938,0.5779732016
2023-01-20,0.1046874825,0.49533675590000004,0.399975744
2023-01-21,0.04671583654,0.71055759,0.24272654999999999
2023-01-23,0.15936193605,0.66322310345,0.17741494800000002
2023-01-24,0.033778999000000004,0.6563657066666667,0.3098553133333333
2023-01-25,0.08105266907692307,0.7082750551538461,0.2106722720769231
2023-01-26,0.17602889616666664,0.5440509023333333,0.2799202381111111
2023-01-27,0.1258340725,0.5309131224444444,0.34325280277777775
2023-01-28,0.13407138400000002,0.7544922451,0.11143637079999999
2023-01-30,0.22096378692500002,0.7114389565,0.067597253
2023-01-31,0.141279792375,0.5567231350625,0.30199708975
2023-02-01,0.31289377077777775,0.5111029056666667,0.17600331344444445
2023-02-02,0.38514834696428574,0.3571643817857143,0.2576872705
2023-02-03,0.12201199192727273,0.7555282778181819,0.12245971509090908
2023-02-04,0.03250833,0.7605071,0.2069846
2023-02-06,0.10050993250000001,0.3915618316666667,0.5079282106666666
2023-02-07,0.334429832,0.184696042,0.48087410799999997
2023-02-08,0.3469681081666667,0.3934503465833334,0.25958152875
2023-02-09,0.2946818326571429,0.501941592,0.20337656714285712
2023-02-10,0.17372038238333332,0.5442045621666667,0.2820750476666667
2023-02-11,0.06534420666666667,0.7411631866666667,0.19349264666666666
2023-02-13,0.10939748199999999,0.2038029375,0.686799575
2023-02-14,0.1384079474,0.485960571,0.37563145480000004
2023-02-15,0.2569823050416667,0.4514116979166667,0.2916060074166667
2023-02-16,0.084257721,0.5374718766666667,0.37827040000000006
2023-02-17,0.05515002733333333,0.6326180984666667,0.3122318596
2023-02-18,0.0775188935,0.86061455,0.06186657499999999
2023-02-21,0.061805820000000004,0.372984655,0.5652095458333334
2023-02-22,0.165243265375,0.298568882375,0.53618784325
2023-02-23,0.21664174463636365,0.4262839286363636,0.3570743219090909
2023-02-24,0.07637992411111111,0.5479821196666667,0.37563797322222225
2023-02-25,0.119960364,0.5255250213333333,0.3545146076666667
2023-02-27,0.0703631512,0.810634584,0.1190022794
2023-02-28,0.15173442022222222,0.2777641507777778,0.5705014355555555
2023-03-01,0.17619012083333332,0.4104333199166667,0.4133765470833333
2023-03-02,0.1357561022,0.641988218,0.22225567740000002
2023-03-03,0.0532462078,0.439830411,0.506923367
2023-03-04,0.3742637005,0.26209937525000004,0.363636925
2023-03-06,0.018233718,0.6548654100000001,0.32690086300000004
2023-03-07,0.297328577125,0.37959741425,0.32307401225
2023-03-08,0.10907949930000001,0.6317000834,0.2592204293
2023-03-09,0.0539324786,0.6373720383,0.3086954794
2023-03-10,0.08256156511111111,0.6170653568888889,0.300373077
2023-03-11,0.02883370775,0.491241951,0.47992433875
2023-03-14,0.137827954,0.6052957802727273,0.25687625236363637
2023-03-15,0.2972068545,0.3825783162692308,0.3202148173076923
2023-03-16,0.2243695348888889,0.48688357411111105,0.28874691077777775
2023-03-17,0.18217494653846153,0.5622255982307692,0.25559944046153843
2023-03-18,0.1251204485,0.6601315575,0.21474796624999998
2023-03-20,0.08403973225,0.695094515,0.220865781125
2023-03-21,0.41458799316666667,0.3189670585,0.2664449445
2023-03-22,0.10450374783333333,0.463212171625,0.43228407483333336
2023-03-23,0.040603620285714286,0.6949320485714285,0.26446433571428574
2023-03-24,0.11397775484615386,0.670992606,0.21502964776923078
2023-03-25,0.09145567500000001,0.4011574,0.50738693
2023-03-27,0.012345728,0.93245745,0.05519682
2023-03-28,0.0787667244,0.3817047504666667,0.5395285153333333
2023-03-29,0.021606993749999998,0.836965,0.141427979
2023-03-30,0.19329662500000003,0.42722469279999997,0.3794786798
2023-03-31,0.1502893368,0.2874369143,0.5622737609999999
2023-04-01,0.12582772655000002,0.4452718502,0.4289004373
2023-04-04,0.1154532976,0.3053337749,0.5792129189999999
2023-04-05,0.07017614330000001,0.3527485883,0.5770752966
2023-04-06,0.1895325926,0.2922070167,0.518260365
2023-04-07,0.0417358813,0.3722749584,0.585989177
2023-04-11,0.1518284721,0.2591936406,0.588977926
2023-04-12,0.0634440259,0.32471124900000004,0.6118447189999999
2023-04-13,0.0419030483,0.5232205859,0.434876373
2023-04-14,0.1507379514,0.480899684,0.368362359
2023-04-15,0.06677181930000001,0.4304614751,0.5027667140000001
2023-04-18,0.0512577194,0.5243652539,0.42437702890000006
2023-04-19,0.0720099812,0.5474033381,0.3805866911
2023-04-20,0.0524957081,0.4890216206,0.45848266400000004
2023-04-21,0.06477226529999999,0.1999084321,0.7353192820000001
2023-04-22,0.0836145563,0.4007096354,0.5156758191999999
2023-04-25,0.11122149910000001,0.38473930630000003,0.504039195
2023-04-26,0.2141862288,0.1959476705,0.589866115
2023-04-27,0.0388040652,0.603000156,0.35819576
2023-04-28,0.1001519646,0.4180082466,0.4818397834
2023-04-29,0.08022684420000001,0.29441947690000003,0.625353694
2023-05-02,0.04836513275,0.4654917338,0.48614315360000004
2023-05-03,0.0383892118,0.5931052265,0.3685055496
2023-05-04,0.04081063025,0.5699973336999999,0.38919201800000003
2023-05-05,0.0532236638,0.4482781924,0.49849813579999996
2023-05-06,0.11653697910000001,0.3962836525,0.48717937200000005
2023-05-09,0.080548007,0.45403243469999993,0.465419567
2023-05-10,0.1175663602,0.43354834750000004,0.44888529000000005
2023-05-11,0.05052868070000001,0.3652801209,0.584191201
2023-05-12,0.1286718195,0.5250782036999999,0.3462499727
2023-05-13,0.1787891145,0.3912085454,0.430002352
2023-05-16,0.1488225821,0.4163778041,0.434799603
2023-05-17,0.11466283669999999,0.463186336,0.4221508464
2023-05-18,0.07363431220000001,0.3293250371,0.5970406416999999
2023-05-19,0.0509005673,0.64653052,0.3025689171
2023-05-20,0.0399180959,0.3443505908,0.6157313010000001
2023-05-23,0.1496866882,0.4098339338,0.44047934990000004
2023-05-24,0.0415017071,0.5636747895,0.3948234835
2023-05-25,0.057987961399999996,0.4210807136,0.5209312944
2023-05-26,0.1544998328,0.3475862016,0.4979139654
2023-05-27,0.0858973909,0.3380580047,0.576044607
2023-05-31,0.1857353578,0.3154541842,0.49881045999999996
2023-06-01,0.0371899144,0.485387956,0.4774221470000001
2023-06-02,0.0760995529,0.3859902805,0.537910161
2023-06-03,0.07872515,0.5059700267,0.41530482399999996
2023-06-06,0.0966778453,0.5279669517000001,0.37535522509999997
2023-06-07,0.1202132489,0.5373346231,0.3424521316
2023-06-08,0.04027119755,0.417645761,0.5420830408999999
2023-06-09,0.05431681509999999,0.4217314362,0.523951744
2023-06-10,0.08446912403,0.46337380790000005,0.4521570502
2023-06-13,0.1280460728,0.49975102260000004,0.37220289970000003
2023-06-14,0.0915617585,0.405451219,0.50298703
2023-06-15,0.1682440235,0.3154660929,0.5162899000000001
2023-06-16,0.04594859895,0.5591026994,0.3949486863
2023-06-17,0.0515895334,0.39227404509999997,0.5561363955
2023-06-21,0.1511591524,0.4403555804,0.40848525420000004
2023-06-22,0.044972074099999995,0.5248995507,0.430128379
2023-06-23,0.09997409389999999,0.3689108216,0.531115073
2023-06-24,0.054465126100000004,0.2960714579,0.64946341
2023-06-27,0.1362754881,0.32175894635,0.541965565
2023-06-28,0.047375288,0.44176983820000004,0.51085487
2023-06-29,0.1234136626,0.4460483053,0.430538027
2023-06-30,0.02853409365,0.6311677895,0.34029812350000005
2023-07-01,0.0603207525,0.3923401777,0.5473390773
2023-07-04,0.20550930159999997,0.36804320980000005,0.4264474795
2023-07-06,0.0365144075,0.40709430339999997,0.5563912884000001
2023-07-07,0.039703838899999996,0.46981020019999997,0.4904859672
2023-07-08,0.11727460109999999,0.38081435669999997,0.501911057
2023-07-11,0.11964816125,0.5341389262,0.3462129263
2023-07-12,0.055902664899999996,0.3314856967,0.612611655
2023-07-13,0.0866685106,0.502352865,0.41097860299999994
2023-07-14,0.04986719215,0.40149201310000004,0.548640784
2023-07-15,0.07514836929999999,0.56030117,0.3645504193
2023-07-18,0.0314478027,0.6149292533999999,0.353622954
2023-07-19,0.11925589399999999,0.36348673530000003,0.5172573739999999
2023-07-20,0.0802301454,0.3957270837,0.524042779
2023-07-21,0.12071543685000001,0.5442287811,0.3350557858
2023-07-22,0.089530688,0.4227940203,0.487675274
2023-07-25,0.0675234141,0.572315119,0.3601614535
2023-07-26,0.11596518410000001,0.3628720795,0.521162728
2023-07-27,0.0644303059,0.3202294653,0.6153402113
2023-07-28,0.038701846299999995,0.4963907668,0.4649073914
2023-07-29,0.040931298399999996,0.4077117482,0.551356942
2023-08-01,0.09093255800000001,0.3332273216,0.5758401240000001
2023-08-02,0.06992199680000001,0.3793141264,0.5507638652
2023-08-03,0.09005146309999999,0.3554702872,0.5544782607000001
2023-08-04,0.0430940056,0.4305208575,0.526385142
2023-08-05,0.1219829245,0.5071409332,0.370876135
2023-08-08,0.0328069194,0.5653682733000001,0.40182482099999994
2023-08-09,0.1747141783,0.3224984353,0.5027873912
2023-08-10,0.10789119089999999,0.2854511098,0.606657721
2023-08-11,0.12925589399999998,0.3403240973,0.530419998
2023-08-12,0.0639141612,0.3435696727,0.5925161495
2023-08-15,0.0492569689,0.5440238944,0.4067191385
2023-08-16,0.1005927601,0.37430532899999996,0.525101905
2023-08-17,0.0622020389,0.4195576863,0.518240285
2023-08-18,0.0468179990375,0.448062575125,0.5051194213125
2023-08-19,0.74780065,0.15335386,0.098845474
2023-08-21,0.1259912426,0.34526729530000005,0.5287414746
2023-08-22,0.2976331382222222,0.32189649405555554,0.380470372
2023-08-23,0.04928719314285714,0.6076050871428571,0.3431077034285714
2023-08-24,0.202811284,0.25030222854545453,0.5468864807272728
2023-08-25,0.24476058855555557,0.3966142271111111,0.3586251761111111
2023-08-26,0.12787593466666666,0.5519474843333333,0.320176589
2023-08-28,0.36703031866666663,0.077048755,0.5559208833333333
2023-08-29,0.15024973737,0.4764002776,0.3733499737
2023-08-30,0.10527052093333333,0.44490727853333334,0.4498222088
2023-08-31,0.6285240202,0.21735404480000003,0.1541219284
2023-09-01,0.11925765985714284,0.4793248641428572,0.4014174847142857
2023-09-02,0.339236894,0.3284001296,0.33236296800000004
2023-09-05,0.29027157233333334,0.3985478886666667,0.31118054516666666
2023-09-06,0.255416490125,0.3862215645,0.358361943
2023-09-07,0.20908664636363639,0.6011890138181818,0.18972435263636364
2023-09-08,0.218063114,0.2178065149,0.5641303758999999
2023-09-09,0.011613912,0.9323648,0.05602125150000001
2023-09-11,0.22712928399999996,0.5635966929999999,0.20927401585714284
2023-09-12,0.3716695322857143,0.3159219702857143,0.31240845971428577
2023-09-13,0.08751683533333333,0.47973784766666666,0.4327453016666667
2023-09-14,0.2435561084705882,0.4890281907235294,0.26741570423529415
2023-09-15,0.1390977772,0.5163043706,0.3445978704
2023-09-16,0.0784015265,0.85353965625,0.06805882775
2023-09-18,0.0633692346,0.437246793,0.4993839532
2023-09-19,0.44475653542857146,0.41560160357142856,0.13964186485714286
2023-09-20,0.08127298454545455,0.6408240991818182,0.2779029222727273
2023-09-21,0.12038722075,0.46986132875000003,0.409751431625
2023-09-22,0.20200314964285715,0.41554464032142857,0.3824522185
2023-09-23,0.19258131,0.29348981350000003,0.51392887
2023-09-25,0.2710619153125,0.262210058125,0.4667280545
2023-09-26,0.123244392,0.624786822,0.251968803
2023-09-27,0.042797767477777776,0.7082790437777777,0.24892318266666663
2023-09-28,0.19517661618181814,0.2755143438181818,0.5293090397272727
2023-09-29,0.15836525335714285,0.5799718733571428,0.2616628885
2023-09-30,0.03380084766666667,0.46671245,0.4994867133333334
2023-10-02,0.05347204,0.49263759116666667,0.45389041550000003
2023-10-03,0.052908139375,0.66791351875,0.279178330875
2023-10-04,0.18180200325,0.38672216125000003,0.431475833125
2023-10-05,0.08294235088888889,0.49432126666666665,0.42273636566666667
2023-10-06,0.2466903244,0.4079159992,0.3453936741
2023-10-07,0.19589789424999998,0.45992093749999996,0.34418117975
2023-10-09,0.30349094167142854,0.5140312687142857,0.18247782257142856
2023-10-10,0.08008066618181818,0.571044151909091,0.3488752028181818
2023-10-11,0.19028309183333333,0.5333304033333334,0.27638651
2023-10-12,0.06395965516666667,0.5515135170833333,0.38452683249999997
2023-10-13,0.09732608888888888,0.5086042215555556,0.39406970333333335
2023-10-14,0.0111628293,0.950524418,0.038312787
2023-10-16,0.0472494354,0.43397892320000003,0.5187716516
2023-10-17,0.22213700321818183,0.48760297736363634,0.2902600302727273
2023-10-18,0.07532571983333333,0.45970464166666664,0.46496962766666666
2023-10-19,0.20474900470000001,0.47396100709999994,0.321289995
2023-10-20,0.10292741525,0.4278986356666667,0.46917393749999997
2023-10-21,0.449062609,0.34538509333333334,0.20555231
2023-10-23,0.22643554589999998,0.5001268486,0.2734376306
2023-10-24,0.054710447999999995,0.6170948345555556,0.3281947084444445
2023-10-25,0.2972887919090909,0.3416388317272727,0.36107235654545455
2023-10-26,0.35493752311111115,0.19429231888888887,0.4507701606666667
2023-10-27,0.20886841909090909,0.5747288568181819,0.21640272672727273
2023-10-28,0.08362322166666668,0.4960741533333333,0.42030261666666674
2023-10-30,0.2983559116,0.365200764,0.33644330359999997
2023-10-31,0.041342128345454546,0.5471418570909091,0.4115160188181818
2023-11-01,0.14070639725,0.613230787375,0.246062833125
2023-11-02,0.066556708,0.5275106751666666,0.4059326093333333
2023-11-03,0.2063182337857143,0.48785027957142857,0.3058314990714286
2023-11-04,0.25066451,0.4026531534,0.3466823516
2023-11-06,0.0909574546,0.41510079,0.49394171880000004
2023-11-07,0.1944596788888889,0.3846032724444444,0.4209370407777777
2023-11-08,0.23102415389999997,0.4926461339,0.2763297066
2023-11-09,0.13433914427272728,0.6807846637272728,0.18487622081818184
2023-11-10,0.11635655144444446,0.5769292494444445,0.30671419422222224
2023-11-11,0.011277068,0.9403394,0.0483835
2023-11-13,0.24286380333333332,0.371930928,0.38520532
2023-11-14,0.1812717027,0.5296606726,0.2890676084
2023-11-15,0.20147127080000002,0.5818200862,0.21670865949999998
2023-11-16,0.197889513375,0.5807271375,0.221383338625
2023-11-17,0.188167273,0.5954400412857143,0.21639269042857143
2023-11-18,0.02952587325,0.69752563525,0.272948485
2023-11-20,0.03868254775,0.8488117,0.11250574625
2023-11-21,0.15468648177777777,0.33697293333333334,0.5083405945555556
2023-11-22,0.21519350983333332,0.4445662179166667,0.3402402721666667
2023-11-23,0.0319893896,0.621749512,0.3462611026
2023-11-24,0.31468563,0.22262890266666666,0.4626855
2023-11-25,0.4418336578666667,0.4910035566666667,0.06716278966666667
2023-11-27,0.0328516595,0.360080065,0.60706832
2023-11-28,0.22000819985714287,0.5536322871428572,0.22635950600000002
2023-11-29,0.167398950875,0.575093815875,0.2575072515
2023-11-30,0.2519809141,0.5264128609500001,0.22160622550000003
2023-12-01,0.160750763,0.643937408,0.1953118258333333
2023-12-02,0.36997835,0.28770729500000003,0.34231433875
2023-12-04,0.0189123975,0.7369271415,0.24416043925
2023-12-05,0.1484297077142857,0.5418594409999999,0.3097108401428571
2023-12-06,0.1784745671111111,0.26097648333333334,0.5605489697777778
2023-12-07,0.05877291054166667,0.5384369240833333,0.40279014075
2023-12-08,0.0302655524,0.5584154022,0.4113190434
2023-12-09,0.10973975733333334,0.5611940365,0.3290662483333333
2023-12-11,0.203625174625,0.18895239100000003,0.607422418125
2023-12-12,0.26294051614285713,0.47851161214285715,0.2585478544285714
2023-12-13,0.16706243342857144,0.524474173,0.30846341257142856
2023-12-14,0.15138774216666664,0.49629721050000003,0.35231503633333333
2023-12-15,0.04781019433333333,0.6022495706666667,0.34994023811111113
2023-12-16,0.0454551835,0.7171428275,0.23740198649999997
2023-12-18,0.25881475983333335,0.5021405266666666,0.2390447145
2023-12-19,0.175268765,0.5632479246,0.26148332820000003
2023-12-20,0.044291220875,0.6259417389999999,0.32976705625
2023-12-21,0.34404386800000003,0.33859881399999997,0.317357300375
2023-12-22,0.09230774000000001,0.5212208425,0.3864714169166667
2023-12-23,0.6386591967499999,0.2356768375,0.12566395175
2023-12-26,0.2893802203333333,0.3435190833333333,0.36710075766666667
2023-12-27,0.17240872575,0.4936549065,0.33393637249999997
2023-12-28,0.134750873,0.2764312228,0.5888179388
2023-12-29,0.10334266119999999,0.20343338760000002,0.69322393
2023-12-30,0.108268835,0.5051373,0.38659394
2024-01-02,0.29424013225,0.3819787165,0.3237811735
2024-01-03,0.080192918,0.7630586925,0.15674838825
2024-01-04,0.17647570771428572,0.4686491747142857,0.3548751042857143
2024-01-05,0.235231952375,0.60115180625,0.163616214875
2024-01-06,0.100106046,0.434905458,0.46498851325
2024-01-08,0.0480278174,0.6722896368333333,0.2796825451666667
2024-01-09,0.025315653,0.62358069725,0.35110362775
2024-01-10,0.047988378916666664,0.5372612168333334,0.41475041375
2024-01-11,0.248270523,0.24028115457142857,0.5114483221428572
2024-01-12,0.114346237,0.4928328794166667,0.39282090349999993
2024-01-13,0.11952044412,0.7483141879999999,0.1321653746
2024-01-16,0.41499029966666673,0.11049235716666667,0.4745173596666667
2024-01-17,0.14265494772727275,0.5661340235454545,0.2912110200909091
2024-01-18,0.023688458783333335,0.4953809905,0.4809305445
2024-01-19,0.03011245916666667,0.6080596888333333,0.36182788099999996
2024-01-20,0.3159389129,0.4691636811666666,0.2148974145
2024-01-22,0.29120287125,0.45964823,0.249148855
2024-01-23,0.26302697445,0.51291918245,0.2240538276
2024-01-24,0.19419279120000002,0.3769901285714286,0.42881707942857145
2024-01-25,0.12226099877777778,0.6234149994444445,0.25432400466666666
2024-01-26,0.0677769775,0.5697995814166666,0.36242345091666667
2024-01-27,0.1789899097,0.5523145566000001,0.26869553980000005
2024-01-29,0.135342746125,0.6424683325,0.22218889675
2024-01-30,0.0172771795,0.92107233,0.0616504665
2024-01-31,0.16307154255555556,0.6061473252222223,0.23078113533333333
2024-02-01,0.064509408,0.6750833740769231,0.26040721138461537
2024-02-02,0.4166450704153846,0.2728133478461538,0.31054158453846153
2024-02-03,0.49337467349999997,0.068937553,0.4376877525
2024-02-05,0.0468415096,0.8010741816666666,0.15208428233333335
2024-02-06,0.21483873722222221,0.2763908116666667,0.5087704672222223
2024-02-07,0.15359820769230767,0.6571311883846154,0.18927058492307694
2024-02-08,0.30505259825,0.21173394750000002,0.48321344125
2024-02-09,0.15565921177777778,0.33678373344444446,0.5075570743333333
2024-02-10,0.25515560574999996,0.46685724949999996,0.27798716325
2024-02-12,0.2784958734,0.202055423,0.519448702
2024-02-13,0.13308261203333335,0.5603139323333334,0.3066034656666667
2024-02-14,0.22269172783333332,0.25387323933333333,0.5234350253333334
2024-02-15,0.10336683463636363,0.6304955652727272,0.2661376130909091
2024-02-16,0.07439567966666667,0.5867466201666667,0.3388577066666667
2024-02-17,0.34429371080000004,0.5221058705,0.13360042
2024-02-20,0.251237597125,0.163862785875,0.584899640875
2024-02-21,0.24983883420000003,0.3976557732,0.352505435
2024-02-22,0.26439207475,0.4139825735,0.32162534558333333
2024-02-23,0.190780569975,0.32916058383333335,0.48005885000000004
2024-02-24,0.039008903,0.58318054,0.37781059
2024-02-26,0.137255962,0.4700374595,0.3927065375
2024-02-27,0.13644303322222223,0.5382017777777778,0.32535521488888886
2024-02-28,0.14575885233333333,0.39010057305555557,0.4641405806666667
2024-02-29,0.09543639391666665,0.5651288625,0.33943474516666666
2024-03-01,0.02241393375,0.8401379975,0.13744805275
2024-03-02,0.09478440750000001,0.5583800791428571,0.3468355241428571
2024-03-04,0.27425336333333333,0.37038970366666674,0.3553569368333333
2024-03-05,0.3211525155555556,0.5215140614444445,0.157333429
2024-03-06,0.0842657632909091,0.4586156809090909,0.4571185454545455
2024-03-07,0.24596602657142858,0.3610760554285714,0.39295790014285714
2024-03-08,0.16057212427272727,0.4406097540909091,0.3988181374545455
2024-03-09,0.2825740164,0.1616395226,0.5557865000000001
2024-03-11,0.0221972,0.5789945,0.39880830199999995
2024-03-12,0.17907673533333335,0.4953619265,0.32556133075
2024-03-13,0.1753982106,0.5322040444,0.2923977432
2024-03-14,0.08947375199999999,0.38160987840000005,0.5289163697
2024-03-15,0.13574918766666666,0.6844377211111111,0.17981309811111112
2024-03-16,0.040326839571428574,0.6111575637142858,0.3485156017142857
2024-03-18,0.18426260042857143,0.41041177585714284,0.40532565842857143
2024-03-19,0.35384131939999997,0.47461336560000006,0.1715453324
2024-03-20,0.13302407620833331,0.4449915014166667,0.4219844445
2024-03-21,0.14039887966666667,0.5147183188888889,0.344882785
2024-03-22,0.27076575353846155,0.23452932011538463,0.49470494876923077
2024-03-23,0.017606496,0.757863465,0.22453004599999998
2024-03-25,0.1857145788,0.515122294,0.299163122
2024-03-26,0.2605078430909091,0.3869041476363636,0.3525880077272727
2024-03-27,0.15217063771428574,0.7324561085714285,0.1153732877142857
2024-03-28,0.20443594106250002,0.416612966875,0.378951086125
2024-03-29,0.024260946,0.8260624,0.14967674
2024-04-01,0.32357043516666667,0.4072506435,0.2691788901666667
2024-04-02,0.04568927528571428,0.6811306457142857,0.27318005885714286
2024-04-03,0.07041610157142857,0.4111429205714286,0.5184409864285714
2024-04-04,0.08416840519999999,0.4204801627,0.4953514415
2024-04-05,0.2737328774285714,0.2710231521428571,0.4552439625714286
2024-04-06,0.21359237325,0.27627261475,0.510134997
2024-04-08,0.16313310450000001,0.295118066125,0.5417488509999999
2024-04-09,0.225948295125,0.214922472875,0.55912924075
2024-04-10,0.12014151354166665,0.63886965325,0.24098883233333332
2024-04-11,0.06938436185714285,0.4313116572857143,0.4993040051428571
2024-04-12,0.0944441192,0.6305675046,0.2749884028
2024-04-13,0.027546529,0.8964920000000001,0.075961444
2024-04-15,0.2047470894,0.5971925588,0.198060313
2024-04-16,0.19535709822222222,0.4839405761111111,0.3207022998888889
2024-04-17,0.11552745684999999,0.635236513,0.2492360384
2024-04-18,0.2604377145,0.06096680666666667,0.6785955058333334
2024-04-19,0.3890915525384615,0.3025257825384615,0.308382659
2024-04-20,0.021620326999999998,0.604068405,0.37431122625
2024-04-22,0.1523941428,0.6174579222000001,0.23014794100000002
2024-04-23,0.18850880972727274,0.46661675254545454,0.34487444463636363
2024-04-24,0.03183150413,0.699891519,0.2682769811
2024-04-25,0.1378134119375,0.49820176112500003,0.36398483025
2024-04-26,0.2407247979692308,0.5598910276923077,0.19938418523076923
2024-04-27,0.05904277733333333,0.5750844321666667,0.3658727413333333
2024-04-29,0.42719368333333335,0.08607643366666667,0.4867298816666666
2024-04-30,0.015378869166666665,0.8349469116666667,0.14967419466666665
2024-05-01,0.287999479,0.5090809110909091,0.2029196347272727
2024-05-02,0.1074213984,0.627125935,0.26545269039999997
2024-05-03,0.0663909453,0.6046211161999999,0.3289879398
2024-05-04,0.1479512194,0.3870390106,0.465009768
2024-05-06,0.0684002615,0.492319962,0.439279805
2024-05-07,0.21426877816666667,0.24723886908333334,0.538492363
2024-05-08,0.1390059156111111,0.6996074757777778,0.16138660022222223
2024-05-09,0.09429215377777776,0.41204683444444445,0.49366103144444445
2024-05-10,0.18223387070000002,0.5081873771,0.30957876240000004
2024-05-11,0.136079265,0.043710832500000005,0.820209875
2024-05-13,0.278347409,0.344292908,0.37735967249999997
2024-05-14,0.221939039,0.2363818677222222,0.5416790888888889
2024-05-15,0.08050962054545455,0.495987042,0.4235033690909091
2024-05-16,0.298645928,0.3718718941,0.3294821734
2024-05-17,0.12732341,0.599729415,0.2729471925
2024-05-18,0.053574738999999996,0.451134365,0.49529088000000004
2024-05-20,0.22117677625,0.5895008305,0.18932239725
2024-05-21,0.04527375945,0.5316091522999999,0.42311708295
2024-05-22,0.12551253734,0.5530334686,0.3214539878
2024-05-23,0.26937687309090913,0.4396681111818182,0.29095500209090913
2024-05-24,0.18874540042857144,0.6438023848571428,0.1674521747142857
2024-05-25,0.236650781,0.5741551133333334,0.18919407333333335
2024-05-28,0.08921596033333334,0.4099782846666667,0.5008057466666667
2024-05-29,0.34006917679166665,0.33395091083333334,0.32597991600000004
2024-05-30,0.061305572714285717,0.5544522671428572,0.3842421681428571
2024-05-31,0.09415827344444444,0.4789644096666667,0.4268772966666667
2024-06-01,0.2861762154,0.5156215802,0.19820220700000002
2024-06-03,0.231686798,0.5852483836666666,0.18306480716666665
2024-06-04,0.23351216488888887,0.3565483026666667,0.4099395181111111
2024-06-05,0.08522540225,0.41341066587499997,0.50136393875
2024-06-06,0.09704494625,0.72143127275,0.18152380525
2024-06-07,0.15685313039999998,0.5416024282,0.30154442540000004
2024-06-08,0.07452417266666668,0.57003963,0.3554362366666666
2024-06-10,0.11727079225,0.21788239499999998,0.664846795
2024-06-11,0.2741533827,0.2355222817,0.49032434040000006
2024-06-12,0.1406765254888889,0.7883226955555556,0.0710007998888889
2024-06-13,0.10451773111111111,0.427040056,0.46844218744444444
2024-06-14,0.33582625250000003,0.24484004040000001,0.41933371900000005
2024-06-15,0.03589514125,0.61073665075,0.35336821575
2024-06-17,0.0608359946,0.3176113832,0.621552635
2024-06-18,0.05406501994545455,0.7375428363636364,0.20839215363636365
2024-06-19,0.29329336500000003,0.540214438,0.16649219
2024-06-20,0.09478760850000001,0.38829183516666665,0.5169205533333333
2024-06-21,0.07437139818181819,0.5818367490909091,0.3437918441818182
2024-06-22,0.0138506978,0.9198283,0.06632102
2024-06-24,0.034230228,0.6669288411111112,0.2988409222222222
2024-06-25,0.0305212174,0.7099986620000001,0.259480092
2024-06-26,0.2210659073,0.3467275561,0.432206544
2024-06-27,0.05193054588888889,0.408080105,0.5399893566666667
2024-06-28,0.13260845899999998,0.5996260883333333,0.267765438
2024-06-29,0.009694756,0.95151395,0.03879125
2024-07-01,0.2890154466,0.3379061084,0.37307843279999997
2024-07-02,0.0500899029,0.670550883,0.2793592031
2024-07-03,0.15014523700000001,0.4336009067272727,0.4162538696363636
2024-07-04,0.48588604,0.327339963,0.18677400500000002
2024-07-05,0.10439547185714286,0.7369621014285714,0.158642417
2024-07-08,0.1780042725,0.6515169025,0.17047888925
2024-07-09,0.1436478135,0.597046737,0.259305439875
2024-07-10,0.23324218787499998,0.5790998685,0.18765792925
2024-07-11,0.14175651469230768,0.47650804784615386,0.381735445
2024-07-12,0.1098235681111111,0.5422649485555556,0.3479114343333334
2024-07-13,0.15302524,0.5441860233333333,0.30278878
2024-07-15,0.29771994708571425,0.4340436192857143,0.2682364487142857
2024-07-16,0.16793520912499998,0.283503523125,0.5485612725
2024-07-17,0.1779323521111111,0.393777709,0.428289927
2024-07-18,0.1808340045,0.29589681309090915,0.5232691974545455
2024-07-19,0.20308909256250002,0.5145403749999999,0.282370524375
2024-07-20,0.18809108260000001,0.2923218842,0.519587027
2024-07-22,0.1455462004,0.42489052219999995,0.4295632622
2024-07-23,0.11465714745454546,0.4637961367272727,0.4215467227272727
2024-07-24,0.07550334802857142,0.6126584422857143,0.3118382224285714
2024-07-25,0.16738028725,0.3953013916,0.4373183451
2024-07-26,0.14686609469999998,0.2764000739,0.5767338352
2024-07-27,0.03964683,0.643830925,0.31652226
2024-07-29,0.05725365357142857,0.5982681314285714,0.34447820542857144
2024-07-30,0.017393926,0.93648326,0.04612281
2024-07-31,0.10750387692857144,0.4609371795714286,0.4315589614285714
2024-08-01,0.1866902546,0.506995192,0.3063145368
2024-08-02,0.13194049489166668,0.70778954625,0.16026997341666668
2024-08-03,0.02402834125,0.900708265,0.075263386
2024-08-05,0.03572943975,0.73707047,0.22720008975
2024-08-06,0.0984516558,0.5981962195333334,0.30335211793333333
2024-08-07,0.142211306,0.5426537871111111,0.31513489577777776
2024-08-08,0.040028009875,0.50402938675,0.455942600125
2024-08-09,0.051826364666666666,0.42896324888888887,0.5192103988888889
2024-08-10,0.023035032666666667,0.8221647666666666,0.15480022066666665
2024-08-12,0.23959687883333333,0.19672591633333333,0.56367722
2024-08-13,0.13082495944444444,0.3188722983333333,0.5503027044444444
2024-08-14,0.11841412658333333,0.5498373386666667,0.3317485485
2024-08-15,0.47750318399999997,0.305112153,0.21738467011111112
2024-08-16,0.068532065,0.4994577475,0.432010205625
2024-08-17,0.05504458633333333,0.5182105606666667,0.42674486666666667
2024-08-19,0.12941959416666668,0.33964743441666667,0.5309329633333334
2024-08-20,0.14888935855555555,0.28208477933333337,0.56902586
2024-08-21,0.022551410875,0.8438743075,0.1335743255
2024-08-22,0.06397284790909091,0.6083940367272728,0.3276330912727273
2024-08-23,0.070193567125,0.6436881154999999,0.286118325
2024-08-24,0.477375822,0.479729771,0.0428944195
2024-08-26,0.042304933249999996,0.64671167775,0.31098338075
2024-08-27,0.05820640127272727,0.5549474369999999,0.3868461549090909
2024-08-28,0.03065190233333333,0.6166372346666666,0.35271088899999997
2024-08-29,0.19985143246153847,0.46198982307692305,0.3381587653846154
2024-08-30,0.17845322563636365,0.4735906883636364,0.3479560676363636
2024-08-31,0.16516965,0.372476568,0.4623538
2024-09-03,0.173591070375,0.42638906475,0.4000198615
2024-09-04,0.13131616733333332,0.46498267644444446,0.40370115766666664
2024-09-05,0.082264243625,0.47492249625,0.442813251625
2024-09-06,0.05045810161111111,0.532887701,0.4166542031111111
2024-09-07,0.0309736064,0.664442652,0.3045837892
2024-09-09,0.2362758025,0.6935199415,0.0702042555
2024-09-10,0.0998410629090909,0.4943553908636364,0.40580353663636365
2024-09-11,0.18855344238888888,0.42140928122222227,0.39003727
2024-09-12,0.3126023151,0.3795606753,0.3078370277
2024-09-13,0.02504711859090909,0.680164726,0.2947881517272727
2024-09-14,0.08437655066666666,0.30791018766666667,0.6077133033333334
2024-09-16,0.17578862050000002,0.531312425,0.2928989475
2024-09-17,0.20840056131428572,0.43975606600000006,0.35184337
2024-09-18,0.4286346655,0.2004683315,0.37089699187499997
2024-09-19,0.03954024418181818,0.6297688495454545,0.3306909097272727
2024-09-20,0.20480649885714283,0.5160475957142857,0.27914589928571426
2024-09-21,0.16413138075,0.6113739364999999,0.22449468625
2024-09-23,0.08123479033333335,0.144369392,0.7743958333333333
2024-09-24,0.15659752222222223,0.4531891981111111,0.39021331800000003
2024-09-25,0.1593857921,0.28528868269999996,0.5553255485999999
2024-09-26,0.29682770433333333,0.35061851394444443,0.35255377755555556
2024-09-27,0.19274421877777778,0.5036219851111111,0.30363378044444445
2024-09-28,0.22560291475000002,0.22643519325,0.547961915