,omega,alpha,beta,gamma,x,sample,omega_wo_exo,alpha_wo_exo,beta_wo_exo,omega_with_exo,alpha_with_exo,beta_with_exo,gamma_with_exo,without_exo_MSE,with_exo_MSE,without_exo_logll,with_exo_logll,without_exo_opt_suc,with_exo_opt_suc
50,0.1,0.1,0.2,0.1,"[[], []]",0,0.22185194980348438,0.15204101782612262,0.04631528189108639,0.08760644792292349,0.13180561171893193,0.17180771147940316,0.10757340265108763,0.019664821715523195,0.000809811782278228,-917.9109111900644,-847.1758480881273,True,True
51,0.1,0.1,0.2,0.1,"[[], []]",1,0.1981639047476261,0.17618743302585216,0.1433364181719647,0.08515438918422644,0.11788922840377736,0.3016654204253409,0.08773789030688002,0.02231137866671375,0.0011922037291009723,-946.2590838997548,-908.1920474922457,True,True
52,0.1,0.1,0.2,0.1,"[[], []]",2,0.18920844667850167,0.1581352798270044,0.19035931666019837,0.12334731443383333,0.15038641718425874,0.05114195700382279,0.1066543474890634,0.023111663628251657,0.001253045270302702,-945.2751120462542,-877.8752403910861,True,True
53,0.1,0.1,0.2,0.1,"[[], []]",3,0.15802009963941208,0.11829720005933704,0.31554743549325565,0.10774436641964608,0.1163368850823517,0.20667323640792704,0.0778106632348879,0.021622976210668957,0.0016314555518257379,-926.9416566793302,-884.1110746166925,True,True
54,0.1,0.1,0.2,0.1,"[[], []]",4,0.09150980023705907,0.05911950678605798,0.5795481524966082,0.06374871418570453,0.06388667808883143,0.3244210584272008,0.10111262906848147,0.019152460543778352,0.0012113239484433413,-875.6259206163331,-820.4435980299734,True,True
55,0.1,0.1,0.2,0.1,"[[], []]",5,0.18351379106321403,0.2482811132126544,0.1434503999664373,0.1248695820820968,0.1180780206090759,0.09229821301069828,0.10018454669006135,0.029260458139893853,0.0007519294733742957,-943.9446149251756,-882.042868985196,True,True
56,0.1,0.1,0.2,0.1,"[[], []]",6,0.20595009720911445,0.043984734940937804,0.16095541490230866,0.11980542176538166,0.022976963502108604,0.19522500676770022,0.09038530826818661,0.018935464054100418,0.001969131798487577,-891.2076510784216,-846.7650081205273,True,True
57,0.1,0.1,0.2,0.1,"[[], []]",7,0.2690441311636344,0.06280480340837281,0.00014243383598206628,0.14504549425360208,0.06202048154542436,0.055014540977790495,0.10935234886582963,0.019598050414030458,0.0019961210716005697,-950.8586730835253,-887.318305443157,True,True
58,0.1,0.1,0.2,0.1,"[[], []]",8,0.20779558019546324,0.07237494208772703,0.18628978594826007,0.091495094702413,0.04192413618844815,0.32654264923941306,0.08187050411778314,0.022716876335036343,0.002000831431099923,-936.4820928332417,-887.5466294801969,True,True
59,0.1,0.1,0.2,0.1,"[[], []]",9,0.22314488340835612,0.17122217302403472,0.10393625063054193,0.12113703652991055,0.09208689420933688,0.09498845626381727,0.12448087780317581,0.02158663166897229,0.0020304669321083045,-976.0338194051268,-912.10940026279,True,True
60,0.1,0.1,0.2,0.1,"[[], []]",10,0.04592104479328618,0.029082662103378835,0.7947636918959435,0.11469398509644217,0.05561144806841424,0.14749104592717535,0.09955984771513736,0.019957397680870834,0.0012579085030590357,-893.7141564994836,-832.1610880928117,True,True
61,0.1,0.1,0.2,0.1,"[[], []]",11,0.25813873954041505,0.129946923429019,0.00044875709411633716,0.0995082316922326,0.09104051090459114,0.2467566641008928,0.0948814080023856,0.020237971834172162,0.0005555184053669105,-965.096157466435,-916.9898212792843,True,True
62,0.1,0.1,0.2,0.1,"[[], []]",12,0.23047205200027518,0.15108087416213214,0.012512313663084935,0.0833728432384362,0.09138407279775743,0.2678281657487403,0.09040481309851406,0.023103954557551876,0.0008975351507888566,-916.0359245126009,-863.8671404623564,True,True
63,0.1,0.1,0.2,0.1,"[[], []]",13,0.20700588308171558,0.08400752763180974,0.18553515877606905,0.13105058970918507,0.11135007951302257,0.006230403195117209,0.12316515692768053,0.019295364704406945,0.0022299856712461605,-941.3725757622788,-867.4245367766097,True,True
64,0.1,0.1,0.2,0.1,"[[], []]",14,0.13905876956194543,0.12168851240818089,0.41164449770409084,0.08642306344126763,0.14274271377853226,0.22018050469840286,0.0973586292810999,0.023223105942191142,0.0010737689619872719,-963.3762156557558,-898.3230335717258,True,True
65,0.1,0.1,0.2,0.1,"[[], []]",15,0.18423501062672057,0.16040552111646328,0.18827558693137847,0.0905360513758196,0.12248840682026253,0.2132925066829253,0.09550314840897535,0.02215943694665368,0.0006646084860845649,-928.8528207233152,-877.9053452824431,True,True
66,0.1,0.1,0.2,0.1,"[[], []]",16,0.13659844485672482,0.15365024013359493,0.4015689757129357,0.09102638384923455,0.1500252518237633,0.31648871874889895,0.07512264006038606,0.021252533312905292,0.003480016335122767,-977.1904051672462,-944.2776096824011,True,True
67,0.1,0.1,0.2,0.1,"[[], []]",17,0.26196639523558896,0.10456487164273373,0.00026807654114799036,0.10198288542218391,0.0831943390630258,0.20389162468370414,0.10352244924009209,0.026103750883158416,0.0005503086820252895,-958.5877975868473,-900.7956672996947,True,True
68,0.1,0.1,0.2,0.1,"[[], []]",18,0.21269363532600968,0.048707017011675846,0.21397830082056912,0.10028429558646826,0.07743293554103742,0.23246996486590388,0.09557239180745121,0.02465348128080347,0.0005937829150322221,-955.4134969017879,-903.405473250105,True,True
69,0.1,0.1,0.2,0.1,"[[], []]",19,0.11638825798592209,0.1582834879354284,0.4744800010120189,0.12645405154488035,0.17487340586712583,0.1863157882037725,0.07766419571178947,0.02500907518800739,0.0037608560656420707,-991.1359589468316,-967.0981323672862,True,True
70,0.1,0.1,0.2,0.1,"[[], []]",20,0.19844437025637413,0.10684977532521378,0.1833934372589168,0.1008451655808349,0.06549829106393325,0.24125663773342823,0.09342795297605286,0.017835401078341553,0.0008396848765270523,-930.3649199020488,-883.728348710712,True,True
71,0.1,0.1,0.2,0.1,"[[], []]",21,0.23763228971337166,0.10356707597688077,0.053205307888810185,0.09912186449237673,0.07462574022449113,0.20085273618086008,0.10601964090542394,0.02119038880810653,0.0006900693307271022,-936.1299972339486,-874.4170759718063,True,True
72,0.1,0.1,0.2,0.1,"[[], []]",22,0.22832163136770392,0.12659063936221734,0.031017362010866172,0.1236721956947432,0.07847848908481211,0.12368249404638836,0.08374548897945383,0.024912376448056495,0.0022415709830601377,-910.4658270310337,-858.1689022700734,True,True
73,0.1,0.1,0.2,0.1,"[[], []]",23,0.20474991021504466,0.07780921525460588,0.19807072112026358,0.11846364355172748,0.0747477100760176,0.12326259635567509,0.11264706814772187,0.020301198673283335,0.0010545523380847569,-940.5609602837512,-886.6710842796755,True,True
74,0.1,0.1,0.2,0.1,"[[], []]",24,0.19593474132313152,0.08230778957968693,0.19712115287205087,0.10996166006702443,0.07735917259448706,0.16950389604151267,0.08832478818265982,0.02149447554690742,0.0014701457666031915,-916.0450173219242,-857.2956281601759,True,True
75,0.1,0.1,0.2,0.1,"[[], []]",25,0.2191707876800215,0.050105153652253175,0.19666223179372525,0.14211449859825048,0.11406651249906734,0.02527178568480192,0.09520040832640336,0.029830538946911248,0.001515283514102287,-960.1264808497913,-884.7017718714347,True,True
76,0.1,0.1,0.2,0.1,"[[], []]",26,0.2265516095715627,0.07652176697884668,0.17477908546445017,0.10999974986145625,0.03452870532973359,0.19585757230106818,0.11818325819383067,0.021315652510323465,0.0025006636285135136,-981.4451626264188,-900.7034940551264,True,True
77,0.1,0.1,0.2,0.1,"[[], []]",27,0.18980673302899745,0.08487882796742909,0.16772698391559082,0.08857732225045323,0.07996618878693014,0.19805537527412914,0.09305740958008483,0.024026013885786714,0.0016025226312993658,-875.9927131776741,-817.7141529267888,True,True
78,0.1,0.1,0.2,0.1,"[[], []]",28,0.2221623403777717,0.15650309725805184,0.0822112797469421,0.11255057722477434,0.13405553458097244,0.1708362682586648,0.09533642875727735,0.023301532087478878,0.000858984114381626,-950.0360124328482,-910.1459048399968,True,True
79,0.1,0.1,0.2,0.1,"[[], []]",29,0.20865945300983313,0.10598449589347424,0.18169379433671018,0.07129500512659843,0.09078900307759846,0.29310851666568777,0.10513629547802934,0.02175562113138271,0.0007999281283733788,-958.2945569342714,-881.1666325602085,True,True
80,0.1,0.1,0.2,0.1,"[[], []]",30,0.19172955544313217,0.11487275548705222,0.18117255732375384,0.08165970902835863,0.05101015006559948,0.2848845637426459,0.10159445229314897,0.020360919561236153,0.0010482598772419865,-913.5404687531964,-854.8738620567362,True,True
81,0.1,0.1,0.2,0.1,"[[], []]",31,0.09159784117198722,0.07980671578133278,0.586625512112522,0.09142978021685878,0.08943187184698294,0.20416907288295486,0.10207662981467744,0.02033807642208071,0.0005951783948402221,-920.4233988522549,-866.3254281220497,True,True
82,0.1,0.1,0.2,0.1,"[[], []]",32,0.10773303837763279,0.06453302774366133,0.5804147146747298,0.09986967926448145,0.08581293854334224,0.25544199640842685,0.10647995507855267,0.019167206618579482,0.0011543075962895536,-983.0609574986746,-939.2629200526482,True,True
83,0.1,0.1,0.2,0.1,"[[], []]",33,0.13921769159735775,0.11316826083682904,0.3971472903216704,0.09218915466617099,0.09388791169353868,0.2389073351307512,0.1041154098167093,0.018305393482512963,0.0005632162010765929,-937.1090722885895,-881.9968776168544,True,True
84,0.1,0.1,0.2,0.1,"[[], []]",34,0.18226761858992696,0.149450978500911,0.19851418534543755,0.1109690334123323,0.15118357988370631,0.1774661490709392,0.08047986809960515,0.017895104636839975,0.0015993908461616505,-924.3639249080466,-892.3373461312342,True,True
85,0.1,0.1,0.2,0.1,"[[], []]",35,0.20941123599109343,0.13708631741327915,0.19043120677971398,0.10088069597737631,0.11113941311595885,0.19112515489162768,0.11232692335870602,0.021795439800333476,0.0011008131141403154,-990.1821875078411,-922.138687911533,True,True
86,0.1,0.1,0.2,0.1,"[[], []]",36,0.22260098559326683,0.09039046178806769,0.18747968603048706,0.09760839718399619,0.10044281380140845,0.17200136519239748,0.12471886762508669,0.022567557246100597,0.0020384283727768304,-990.866511610188,-921.7860745662437,True,True
87,0.1,0.1,0.2,0.1,"[[], []]",37,0.2084221341628353,0.21873880805759177,0.011092167527351144,0.13004346645941647,0.1749124325558011,5.185039712003155e-06,0.09066916121986208,0.02127025907927168,0.0023036528070774966,-891.1928374896146,-838.352712981801,True,True
88,0.1,0.1,0.2,0.1,"[[], []]",38,0.16605097811996616,0.11261967408290154,0.3403459982876156,0.1102249167511834,0.09989337972158635,0.2033560069244808,0.09943907960965766,0.021728602222778715,0.0005979174197688125,-978.0764001608633,-923.6344464008736,True,True
89,0.1,0.1,0.2,0.1,"[[], []]",39,0.08886956004466189,0.12071029529095535,0.5912322019436514,0.10954551042361707,0.1502608689760123,0.1415052446713533,0.10660617004611082,0.022781425312926186,0.0013339780362094924,-979.9695335015248,-925.8516798100358,True,True
90,0.1,0.1,0.2,0.1,"[[], []]",40,0.1882426192967293,0.15591321212164738,0.18956007578638703,0.10068652383670947,0.13081944664035036,0.12600534909700806,0.11494117028734331,0.022229671730818516,0.0011611264308916775,-938.4201808774071,-870.9615865748463,True,True
91,0.1,0.1,0.2,0.1,"[[], []]",41,0.11506795509485107,0.10875222991639769,0.537745513628074,0.07672908136828091,0.11985645641746216,0.30862578177911515,0.10573353904728859,0.02145767170379068,0.002275134155540948,-1017.1533569520724,-950.2382843497301,True,True
92,0.1,0.1,0.2,0.1,"[[], []]",42,0.10968020264490455,0.09852204971276625,0.4850112213362407,0.0836470010012793,0.09439871265703248,0.32530664018459227,0.0701371977956129,0.021086552195685167,0.0026039668407752295,-893.3729531346947,-855.4799778118564,True,True
93,0.1,0.1,0.2,0.1,"[[], []]",43,0.2191745145428019,0.19121946739970141,5.439720376058128e-05,0.08688976158449918,0.13857091672071117,0.22046667529112302,0.08777292147064204,0.020198863162583583,0.00123603040858877,-900.52331010559,-853.1335430404492,True,True
94,0.1,0.1,0.2,0.1,"[[], []]",44,0.20087816936662842,0.10814896099705973,0.18289081350335892,0.10816699283555392,0.05723347011594599,0.2399225326479344,0.08939850458086489,0.021054719338827667,0.0010953232054876961,-939.2369025877359,-892.578019721917,True,True
95,0.1,0.1,0.2,0.1,"[[], []]",45,0.25747357149806954,0.09545639398082913,0.00041951783415032276,0.11632230264482715,0.09727527141969224,0.19356586952767033,0.08925772738326221,0.02024519937037683,0.0006920946770628235,-943.6702234581301,-902.3711824819893,True,True
96,0.1,0.1,0.2,0.1,"[[], []]",46,0.21437820167611693,0.1418146584248909,0.1307504429724163,0.09404124329947335,0.08682693798950378,0.2646223318774773,0.09389559336342486,0.02338465937593288,0.0006641597058087517,-960.166193884395,-910.7155113597568,True,True
97,0.1,0.1,0.2,0.1,"[[], []]",47,0.1314239624326157,0.1143868197314757,0.41764323265465386,0.08463572569944115,0.1191241787780177,0.2943642381222106,0.0818056968783451,0.018390451817346824,0.0013187691943542079,-930.0062295298279,-885.5637161200572,True,True
98,0.1,0.1,0.2,0.1,"[[], []]",48,0.18356845465762933,0.200815251857444,0.19421482986192112,0.08755133967535948,0.12776819416207835,0.21158591933774903,0.09689640423653902,0.03257312686667447,0.0008233536992145336,-958.6249342306457,-887.0602852681656,True,True
99,0.1,0.1,0.2,0.1,"[[], []]",49,0.254556686479912,0.1317925936713522,0.0022744856322286884,0.08257298426259053,0.08884782728771057,0.291368122808429,0.099697147506803,0.024881341667586102,0.0007379954075887315,-957.6626324275367,-906.1403519136501,True,True
100,0.1,0.1,0.2,0.25,"[[], []]",0,0.4049969421097056,0.15955058703523697,0.00806230306040624,0.08866266058048651,0.12340822370742328,0.17320441961789765,0.2554114088031292,0.11946871289862457,0.0008503890926770211,-1251.4730139249025,-1114.6431567152272,True,True
101,0.1,0.1,0.2,0.25,"[[], []]",1,0.3203039194751041,0.20143255031462784,0.15814584607001073,0.08288826406989439,0.1181627637140036,0.27762102606551176,0.2317293733289829,0.13548389028831917,0.0025784391801530015,-1263.6182184079205,-1174.4434397756897,True,True
102,0.1,0.1,0.2,0.25,"[[], []]",2,0.37348395466348283,0.18269798451559682,0.08676041340889684,0.1260952844684318,0.14713143055043137,0.09244458674731686,0.2538139310652507,0.14059576381846198,0.002387523403278649,-1277.7639569275523,-1147.3179207812916,True,True
103,0.1,0.1,0.2,0.25,"[[], []]",3,0.2695801760204519,0.12041940518929421,0.32258096883863524,0.11809242437567671,0.11366371711976297,0.19486560960940824,0.20819899939759365,0.1324739830881612,0.0046541488082586235,-1255.2808974004254,-1159.3777956249362,True,True
104,0.1,0.1,0.2,0.25,"[[], []]",4,0.16605720929291376,0.06821722653449984,0.5519665849730536,0.0599762083628811,0.06493186408686422,0.2803914342078028,0.25338927309998555,0.11349015614527341,0.0017829013706912348,-1201.0619165861724,-1084.8722782595617,True,True
105,0.1,0.1,0.2,0.25,"[[], []]",5,0.31545691292945655,0.29892454879080144,0.120234119533243,0.1323014465931941,0.10815592837457969,0.12907738491480292,0.24244380531959311,0.19700229740350367,0.001205928401394196,-1272.7104624030083,-1152.0721610567596,True,True
106,0.1,0.1,0.2,0.25,"[[], []]",6,0.3304335225128031,0.057019056267643045,0.19245572966818222,0.12341095706285143,0.022279956102243367,0.21889750373234348,0.22987028024906264,0.11256292882406067,0.005771397841863329,-1207.8252935272571,-1108.664781281116,True,True
107,0.1,0.1,0.2,0.25,"[[], []]",7,0.4638756604958913,0.07144970430080075,6.593467824800391e-05,0.1467422341391311,0.05913914955000861,0.11229107360153585,0.2698259992574141,0.11683113142942993,0.00632902225538987,-1281.0851924227645,-1156.73862591637,True,True
108,0.1,0.1,0.2,0.25,"[[], []]",8,0.34033225159186214,0.09299921138623904,0.21156465294504248,0.09809310825247657,0.056228814177700454,0.28930874614254637,0.21228173787171487,0.13650245453082197,0.005169737318032528,-1267.4320374370482,-1162.9804798652183,True,True
109,0.1,0.1,0.2,0.25,"[[], []]",9,0.39828475693217713,0.19325105992943298,0.07970761575344558,0.11262103317050011,0.08951146777501454,0.14192854310112804,0.29774186600905844,0.13157558269048497,0.00595263440030218,-1314.097656796981,-1187.5158401792326,True,True
110,0.1,0.1,0.2,0.25,"[[], []]",10,0.09195594393268035,0.045511816650073186,0.7501199765093135,0.11637088469197399,0.0629480720053401,0.16874174039506043,0.24407040036905067,0.11729953423009924,0.002690293457550514,-1217.3812621616482,-1092.7176052314917,True,True
111,0.1,0.1,0.2,0.25,"[[], []]",11,0.442862344487041,0.14403983131495632,0.0002393334789556405,0.10260705752551434,0.09144220276303285,0.23150524058455285,0.2426298300543637,0.12308070251332703,0.00046638324127312204,-1294.7909091599327,-1190.868250384179,True,True
112,0.1,0.1,0.2,0.25,"[[], []]",12,0.38197392450316003,0.1752029039903696,0.03770826642816209,0.0788694210894405,0.09713764512711881,0.25091675487584447,0.23188071919800032,0.14104881214874282,0.001627492317357009,-1247.8770380325636,-1139.4192629839827,True,True
113,0.1,0.1,0.2,0.25,"[[], []]",13,0.34715746253218155,0.0885112588474316,0.21340277981609887,0.13240343865198773,0.10879301945215769,0.05970824089151372,0.2878243295810752,0.11754036801841385,0.005134973381544781,-1276.711556426049,-1138.9664621124307,True,True
114,0.1,0.1,0.2,0.25,"[[], []]",14,0.3299846464829541,0.14286503466702372,0.23546041870782597,0.08827868401495181,0.1424347484664983,0.20231265257645062,0.24178034587937325,0.14087602520377795,0.0025149064132927385,-1305.1816812917355,-1176.910110425913,True,True
115,0.1,0.1,0.2,0.25,"[[], []]",15,0.36538588213937445,0.1849563975804024,0.07894622069581257,0.09013571446348491,0.11252723785315501,0.21488610571412073,0.2383535408515937,0.13474255942983854,0.0008238978193076631,-1259.643298321512,-1153.5177250117827,True,True
116,0.1,0.1,0.2,0.25,"[[], []]",16,0.2305262891112646,0.16226408875202447,0.3978671087405945,0.09852197878432836,0.1540090219193431,0.2793836492120793,0.20375610949628567,0.12406681542970442,0.010396533120998287,-1291.705803860842,-1211.8894901790495,True,True
117,0.1,0.1,0.2,0.25,"[[], []]",17,0.45856776679162425,0.10944519020557977,0.00029644313362921194,0.0995515986102295,0.08260948890974122,0.21293797716292223,0.25570200635637774,0.16006898584345147,0.0006133447633530882,-1295.4787962651,-1176.3366158017336,True,True
118,0.1,0.1,0.2,0.25,"[[], []]",18,0.23185591541553807,0.06061048901858948,0.4828575628412428,0.10255507125020862,0.08998730072088448,0.21190486653025928,0.24486170012673975,0.14904896885937077,0.0003562555935139712,-1292.1031782683554,-1183.0047207912282,True,True
119,0.1,0.1,0.2,0.25,"[[], []]",19,0.20338824373639305,0.16810023376446181,0.4551567380381387,0.13647761615123788,0.1775853366227205,0.1656359779615075,0.22776605309214143,0.14334674167507766,0.008312972730934669,-1305.4833687799987,-1237.6390540705047,True,True
120,0.1,0.1,0.2,0.25,"[[], []]",20,0.3213313894880461,0.12246112947552105,0.21615207308778678,0.09649043518307815,0.06312262315875555,0.248466625909424,0.24082536142461913,0.10902135969617402,0.0016290001278900527,-1257.6672661175028,-1156.10666890388,True,True
121,0.1,0.1,0.2,0.25,"[[], []]",21,0.4210535080052415,0.13653375212286395,0.013410545260248494,0.10407585489224504,0.08433702757721737,0.18349312602859474,0.2591923111384667,0.12896526995221821,0.0007279329238068005,-1268.4444336326992,-1145.9407696492372,True,True
122,0.1,0.1,0.2,0.25,"[[], []]",22,0.4088408265173515,0.1432317020109596,0.0004705602223628591,0.13216703925462642,0.07597716249522916,0.15166217938662088,0.21347311806198016,0.15147381236656968,0.00804385056211937,-1245.8833741807412,-1135.9435914377057,True,True
123,0.1,0.1,0.2,0.25,"[[], []]",23,0.155627798819948,0.07352750052033011,0.6110003110268506,0.11293629175319586,0.08339370389218684,0.14803440433755963,0.2791223060481286,0.12409341060953558,0.002473040460352273,-1270.3171350297675,-1158.589633156028,True,True
124,0.1,0.1,0.2,0.25,"[[], []]",24,0.19923898206643073,0.09069259478203215,0.49583638729813995,0.11515524767339251,0.08281163029011751,0.17445954758209392,0.22510540495003892,0.13061281446598902,0.004007869658497021,-1252.8284955435738,-1136.7122685344023,True,True
125,0.1,0.1,0.2,0.25,"[[], []]",25,0.37443555904775844,0.05613635909960858,0.2224918142223147,0.1490469939860162,0.11903612106310839,0.07329007904139255,0.2361262440258731,0.18086724398827864,0.0040812112157144545,-1305.8897382355512,-1161.827143336866,True,True
126,0.1,0.1,0.2,0.25,"[[], []]",26,0.48389631893535184,0.09922080605595487,0.0012066836708449931,0.11034235130720281,0.03920732613950836,0.21602552791799934,0.27361819237079166,0.12838178574756973,0.006053680655809112,-1322.3079769597457,-1173.4599085461998,True,True
127,0.1,0.1,0.2,0.25,"[[], []]",27,0.31687681974730597,0.09590791339695581,0.19580008203685825,0.08658432405354363,0.08032940024371318,0.200979257160632,0.23107822637928616,0.143722126935109,0.004090116712887427,-1213.0992291846744,-1094.1284822011696,True,True
128,0.1,0.1,0.2,0.25,"[[], []]",28,0.36560757635835334,0.17112187938115458,0.10219347266019209,0.10422808651427355,0.1287037959350159,0.19858555543680953,0.2489026628921918,0.14179261347213307,0.0013266113502476949,-1271.2596837307024,-1177.9930985803703,True,True
129,0.1,0.1,0.2,0.25,"[[], []]",29,0.3971740012212149,0.1209228105647598,0.11848503845716069,0.07008667355026107,0.08938326284633633,0.2656421329691396,0.25341469083513607,0.13296797598279356,0.0009250103170423936,-1300.3222505197616,-1155.2746890264925,True,True
130,0.1,0.1,0.2,0.25,"[[], []]",30,0.36816923872379204,0.1485338054192735,0.0809083039806468,0.08008184403857563,0.05331931376997,0.2679905437747598,0.2479126310995089,0.1243129167731193,0.002110482210526203,-1243.6152062322478,-1124.402456542875,True,True
131,0.1,0.1,0.2,0.25,"[[], []]",31,0.16411106038358375,0.09050885516450041,0.5695286053044197,0.08760752016702222,0.09146544311707056,0.20426518258475884,0.2521594005197324,0.12286624352387766,0.0005290040933284711,-1255.7439924912721,-1143.8299664845104,True,True
132,0.1,0.1,0.2,0.25,"[[], []]",32,0.20445514635912215,0.06396988922778628,0.5459528087446401,0.10312935115369706,0.08685467605065313,0.22056934142693935,0.28037416048693625,0.11499654660104097,0.004163761812487144,-1309.8307290624523,-1212.7488776491457,True,True
133,0.1,0.1,0.2,0.25,"[[], []]",33,0.25508799144469413,0.1323247979013428,0.3484147689729305,0.094666635486447,0.09477814757443305,0.21949964138699654,0.2579549847737802,0.11087486740974642,0.0005347446653080565,-1260.1367727080008,-1146.102882154499,True,True
134,0.1,0.1,0.2,0.25,"[[], []]",34,0.29922062517400777,0.14651603845019662,0.2247231506448456,0.10967079678569394,0.14405639480312635,0.19205507400436952,0.21952173046838563,0.10793116660076886,0.003145466780523905,-1242.4149001750313,-1164.1775637719018,True,True
135,0.1,0.1,0.2,0.25,"[[], []]",35,0.39848069757284504,0.1675047432637405,0.11368491065070345,0.09848764431870681,0.11053891829966529,0.19525000222069053,0.2735403923562023,0.13281190666453788,0.002614463820155206,-1327.6134292942008,-1196.3364924593873,True,True
136,0.1,0.1,0.2,0.25,"[[], []]",36,0.38800226397795695,0.08870464674880565,0.20319273130207693,0.09363635679527088,0.10115080426967517,0.17804320408431426,0.2953556233417763,0.13798178755364351,0.005857947517886614,-1334.790883635595,-1202.9552752116308,True,True
137,0.1,0.1,0.2,0.25,"[[], []]",37,0.3398843450130302,0.24326755329632255,0.0425161924448647,0.14650069505818697,0.17218489547921015,0.020988494352328538,0.22558504422540715,0.1274040868173091,0.007624525460087225,-1218.4773842518441,-1106.618081189624,True,True
138,0.1,0.1,0.2,0.25,"[[], []]",38,0.33590238919291227,0.12737731381177905,0.23810326027998924,0.11585761514106564,0.0995492051430221,0.20049283660225453,0.24914683292952267,0.13205926727947026,0.0005522770058754517,-1308.6565598360553,-1196.424210057275,True,True
139,0.1,0.1,0.2,0.25,"[[], []]",39,0.1491083570593184,0.11825202714615148,0.60619341455612,0.11399659887533226,0.14393805608708907,0.14203589416213108,0.26672073055565404,0.13488925794977388,0.003065661583855538,-1313.523609143043,-1201.0627841417806,True,True
140,0.1,0.1,0.2,0.25,"[[], []]",40,0.34521437119615417,0.17055172212140757,0.14878977054613754,0.1000834091869153,0.13277491451853957,0.12526845674044593,0.2818105156529935,0.135651614486794,0.0035210724836107618,-1273.4697793011796,-1140.2424819926323,True,True
141,0.1,0.1,0.2,0.25,"[[], []]",41,0.3555836508714976,0.14407971133547468,0.23945609885980285,0.07983996623682976,0.12055299103954975,0.2699726900778733,0.25832933430097993,0.12654948017880288,0.0053349613666237965,-1356.224493690639,-1224.891660860998,True,True
142,0.1,0.1,0.2,0.25,"[[], []]",42,0.17276422192810037,0.11123582247389581,0.5060019408223904,0.10153647305128445,0.10902082547511015,0.23802440580742312,0.1980107926076622,0.12827653343230552,0.006864967221972466,-1212.3672630151837,-1124.3690678699456,True,True
143,0.1,0.1,0.2,0.25,"[[], []]",43,0.36929747224785725,0.21666450939908968,3.750139872006376e-05,0.08794270274970836,0.13241765881654038,0.21056739254431617,0.22354664411963446,0.12269834427670216,0.0029755575972315582,-1224.080528005401,-1121.404186156709,True,True
144,0.1,0.1,0.2,0.25,"[[], []]",44,0.42221173384041943,0.14304003436335663,0.0013171323995322143,0.11220451178823466,0.05673946907504089,0.2440763247024343,0.22703219297758406,0.12809608025849648,0.002837779278889307,-1265.345231157841,-1165.0846667655687,True,True
145,0.1,0.1,0.2,0.25,"[[], []]",45,0.43850696383985427,0.10076405973248295,0.0014312752128002844,0.117862734078581,0.09825124130242935,0.20791409075350037,0.23051037507295793,0.12377797504055939,0.0009599024410450152,-1265.5248049852814,-1170.2159196145208,True,True
146,0.1,0.1,0.2,0.25,"[[], []]",46,0.35921008873081006,0.16078337783548208,0.14523914818877812,0.09798705051569108,0.08320621093873054,0.24920810154708867,0.23751611463517974,0.14326873899176906,0.0009368914149062979,-1291.483977043079,-1185.0077735206314,True,True
147,0.1,0.1,0.2,0.25,"[[], []]",47,0.22883746090607573,0.12365410130517211,0.4038914016242719,0.08788476359588085,0.1222976680088263,0.2613700287744452,0.21551064794149813,0.11172150924895773,0.003438382656987641,-1252.7338683753192,-1154.705931271038,True,True
148,0.1,0.1,0.2,0.25,"[[], []]",48,0.35401413891879663,0.25579093924881,0.11205735516222932,0.08297904207116158,0.12577108401861964,0.21317524598792625,0.24082715170145008,0.21210505989626358,0.0018783158754460702,-1305.0514138082187,-1167.0942344353841,True,True
149,0.1,0.1,0.2,0.25,"[[], []]",49,0.4322641959503418,0.16055983578255004,0.00037225002956225593,0.08522655601522537,0.0921474776018937,0.25359826167999844,0.25188751323387765,0.15371724541515333,0.0009255264479523902,-1287.9347974848486,-1179.7297370118774,True,True
200,0.1,0.1,0.8,0.1,"[[], []]",0,2.8155809934342254e-08,0.16868239112242916,0.8313176090918081,0.16271687803082402,0.10971701163072724,0.7196968451554114,0.14644461985572635,0.2845930799712476,0.0299897204580455,,-4779.532576528259,False,True
201,0.1,0.1,0.8,0.1,"[[], []]",1,0.17016545037892467,0.10255318432326929,0.8189775687936223,0.06959330098954525,0.08756472754945048,0.8398227460838508,0.09059275795846652,0.07034125990684262,0.02079328486450851,-4890.845179194437,-4886.588013532117,True,True
202,0.1,0.1,0.8,0.1,"[[], []]",2,4.413956835371371e-07,0.36196789574601845,0.6380317389852758,0.108528869600555,0.12112245451223005,0.7883264171083725,0.07606001255342633,1.3239020220565738,0.021039030475046988,-4987.390838179262,-4840.678342820243,True,True
203,0.1,0.1,0.8,0.1,"[[], []]",3,0.17060533796940217,0.11863229685385063,0.7965833471318585,0.06079177451296072,0.1151415332272933,0.8108954087494298,0.09095179852938384,0.06624315119207573,0.02637885888926238,-4846.547367181493,-4842.624516242714,True,True
204,0.1,0.1,0.8,0.1,"[[], []]",4,1.7071119041869816e-05,0.2926334679948576,0.7073643709017854,0.04471606125065278,0.06756091823873446,0.841629175357148,0.11243697816755571,0.5203908348107252,0.036512496262882346,-4829.963952247128,-4740.9296481016245,True,True
205,0.1,0.1,0.8,0.1,"[[], []]",5,0.2224020512227647,0.14936394078768842,0.7420768938725459,0.12869278856901967,0.1352005523287282,0.7591900827265909,0.08930042032554711,0.1032148517555029,0.03677481820378463,-4847.15755063706,-4842.563732906125,True,True
206,0.1,0.1,0.8,0.1,"[[], []]",6,0.13855481308075557,0.05315834060359746,0.867831059569525,0.06814223756061602,0.048062494040603435,0.8690482765990695,0.08500207178823795,0.0983706323342832,0.05443831484570527,-4789.027406377152,-4784.602445031676,True,True
207,0.1,0.1,0.8,0.1,"[[], []]",7,1.4576288617410397e-06,0.3584941929696564,0.6415014605605092,0.0948790209684311,0.061793841424252906,0.8589539051505414,0.0636059592038886,1.0376914435527214,0.04004442584308887,-4998.895041874164,-4845.5514301020485,True,True
208,0.1,0.1,0.8,0.1,"[[], []]",8,2.2936098075769137e-23,0.0786350820024797,0.9213650243306488,0.1127806961880027,0.06706304736138713,0.8280640757533922,0.08702469311692704,0.19280943658102098,0.032832584602087385,-4868.310848273994,-4836.480556676268,True,True
209,0.1,0.1,0.8,0.1,"[[], []]",9,1.0546794527327195e-07,0.2953591093027399,0.704640858681247,0.019214778033980896,0.0705961515076141,0.8674836108252019,0.10964100864643063,0.9422493423275966,0.035770518607466016,-4987.848661101914,-4875.077909467732,True,True
210,0.1,0.1,0.8,0.1,"[[], []]",10,0.15009157387431704,0.06792494047959191,0.8442685700536005,0.06147942980168214,0.06580402979974953,0.8465273008716419,0.09772135282564587,0.08030150562761162,0.02745706317064059,-4768.671541899176,-4761.980525998886,True,True
211,0.1,0.1,0.8,0.1,"[[], []]",11,0.17552467830374893,0.09690746937991788,0.8202224458937627,0.1152837730481168,0.0994444900459582,0.8041991787916011,0.08751849109238523,0.057830085633271695,0.006600755722146238,-4882.436367421248,-4879.185410985205,True,True
212,0.1,0.1,0.8,0.1,"[[], []]",12,0.23049849782510307,0.10084224464746148,0.7755841845750049,0.018920716964189246,0.06426304882039634,0.8540021143729485,0.1298304052310078,0.06837353179030217,0.041432511872687136,-4814.044703993496,-4804.904812329092,True,True
213,0.1,0.1,0.8,0.1,"[[], []]",13,7.496016488354312e-13,0.1110107953270748,0.8889903252031859,0.11661837624623876,0.1032335760033041,0.7917165974382256,0.08569150853672979,0.2009855867112817,0.0043588192785593985,-4852.874749427827,-4814.375927579086,False,True
214,0.1,0.1,0.8,0.1,"[[], []]",14,0.27570413500411833,0.14088022924579444,0.7259402428900086,0.17834181919615383,0.14119305538989052,0.7265317354255334,0.09355284950500335,0.09177991880358283,0.044399056153070555,-4862.7593525217335,-4858.534637804031,True,True
215,0.1,0.1,0.8,0.1,"[[], []]",15,0.19017501028577552,0.13440029754804864,0.7707464417494381,0.051141341935882705,0.11310927936149916,0.8093353623145986,0.10430223077352072,0.08044376179612142,0.014987523516961403,-4833.787504287732,-4827.272508293131,True,True
216,0.1,0.1,0.8,0.1,"[[], []]",16,0.0,0.10402397585982542,0.8959760313754496,0.19724444659186094,0.15962239823251823,0.7305927898818154,0.08419258738594303,0.5014358568043776,0.20794457200168873,-4983.725186140567,-4952.176507758095,True,True
217,0.1,0.1,0.8,0.1,"[[], []]",17,0.1864293238670234,0.0805998676362844,0.8274328855444246,0.10026470891136421,0.07167803258757949,0.8287596780309954,0.09398575199852598,0.08477866696964075,0.025759362895703342,-4862.682949711218,-4857.507614221602,True,True
218,0.1,0.1,0.8,0.1,"[[], []]",18,2.5073382627393147e-06,0.3211607882936499,0.678838642444952,0.08414591788820969,0.08032630392869873,0.8332317382183432,0.08714593375266926,0.8609340709708921,0.010996998731894692,-4967.465123651045,-4861.307396429155,True,True
219,0.1,0.1,0.8,0.1,"[[], []]",19,0.22308707128057337,0.1618751617202189,0.7581388531640604,0.2023187598585301,0.16525330445778716,0.7484500341799333,0.03841874760905232,0.4919825076734346,0.45476961335101446,-4993.8614672814265,-4993.401694278094,True,True
220,0.1,0.1,0.8,0.1,"[[], []]",20,0.22167780109011015,0.09712323935482091,0.7884236462663907,0.07872576139036398,0.07313706191275225,0.8354371215475676,0.09846927807352789,0.050320283069139084,0.021285019559716505,-4830.237791389568,-4826.1660383475655,True,True
221,0.1,0.1,0.8,0.1,"[[], []]",21,5.784123453721419e-08,0.2584706621134647,0.7415301879206856,0.055484452494743076,0.0678359582335033,0.8542430740059807,0.09400688483370719,0.6095070018865842,0.024365568652708138,-4905.021592719453,-4822.7377541415035,True,True
222,0.1,0.1,0.8,0.1,"[[], []]",22,1.7314288037952552e-07,0.3007840209541581,0.6991724982506907,0.15969266955071737,0.09580476149143244,0.7915073867808776,0.03944414130520653,0.6082418836768566,0.047739045778310576,-4873.462286693472,-4786.2033477630675,True,True
223,0.1,0.1,0.8,0.1,"[[], []]",23,0.2546300829595941,0.09644909122912439,0.7713859393321408,0.003716120979715394,0.00935164164915205,0.986527844743518,0.004724429045290044,0.07013008466746165,0.3061985037450803,-4834.332060873768,-4842.899703659998,True,True
224,0.1,0.1,0.8,0.1,"[[], []]",24,8.134661598989719e-35,0.11066569562927218,0.8893343155359268,0.16206504867920177,0.07630543507909106,0.7888357784473533,0.07269422180147433,0.20888394329709742,0.05143613641556524,-4827.887540761416,-4783.451569030743,True,True
225,0.1,0.1,0.8,0.1,"[[], []]",25,0.20964447387772583,0.08836045053661516,0.803776345092815,0.11610214480203176,0.06938103743099316,0.8296099148170584,0.07310619590790514,0.09621472042827714,0.03328087557947204,-4841.52641731905,-4837.042413860734,True,True
226,0.1,0.1,0.8,0.1,"[[], []]",26,9.1368997564246e-07,0.0978884951343103,0.9022062423566514,0.07230524648153935,0.07503007585666496,0.8131705282430844,0.15958990304599296,0.24627048933036974,0.03841086669716579,-4904.734870582409,-4863.832328411838,False,True
227,0.1,0.1,0.8,0.1,"[[], []]",27,2.605460927683083e-07,0.2963451111663401,0.7036545188552779,0.037090909944209556,0.06709409575955674,0.8577744373196653,0.08161717297627265,0.5758960871341058,0.06018165417891187,-4852.51726366669,-4727.554442943663,True,True
228,0.1,0.1,0.8,0.1,"[[], []]",28,0.24014802794552378,0.09860884307505599,0.7869625628338682,0.1317624495456529,0.10373950315491338,0.7844291285362919,0.11321544143386124,0.06878508633057079,0.01395934278044268,-4893.111876590099,-4888.682606219337,True,True
229,0.1,0.1,0.8,0.1,"[[], []]",29,0.12699383477240944,0.09197421428123168,0.8452856893452607,0.021847327781032332,0.08976554826957678,0.8238175357491926,0.14903153523902132,0.0670034606485034,0.024437246342307897,-4842.879805692287,-4830.44148346997,True,True
230,0.1,0.1,0.8,0.1,"[[], []]",30,0.12133653222389824,0.07365446574204114,0.8599937316365296,0.01629402975657879,0.06185438855084168,0.8760024181976043,0.09869667493468136,0.07691984186447755,0.03676037924949118,-4799.979971441235,-4792.508867731983,True,True
231,0.1,0.1,0.8,0.1,"[[], []]",31,0.15292667421302253,0.11160990961381943,0.8078317961849013,0.04279843561089783,0.09706399295639735,0.825172057598692,0.10197198144930814,0.06256245051828906,0.010236623214783733,-4811.578777854563,-4804.452440100738,True,True
232,0.1,0.1,0.8,0.1,"[[], []]",32,0.29688711461293577,0.12629252550349235,0.7446098378099709,0.2212543437334148,0.13246971035996802,0.7364600594828035,0.0863656806147736,0.08907303315277644,0.06192703903224301,-4932.428870458785,-4930.793308711844,True,True
233,0.1,0.1,0.8,0.1,"[[], []]",33,0.4022541670821243,0.14294530805249567,0.6527146791323613,0.1888750199605418,0.10626137833812621,0.7202323623034012,0.16297637902876475,0.08568266182301201,0.032497090032372174,-4843.1817702103235,-4836.220301541807,True,True
234,0.1,0.1,0.8,0.1,"[[], []]",34,0.2080388975593462,0.14118222294595925,0.7591625751853925,0.1316540904232621,0.1377213581511793,0.7737083119095202,0.05854275237252355,0.09741636083979759,0.06568318793327052,-4859.920440063206,-4858.828314803284,True,True
235,0.1,0.1,0.8,0.1,"[[], []]",35,0.22516091330722052,0.10789083663355366,0.7899318549949842,0.1285770456346168,0.1065927025827743,0.7766656632834525,0.12445452349106753,0.06722832271418798,0.01495795297030375,-4903.840065083397,-4897.650381962073,True,True
236,0.1,0.1,0.8,0.1,"[[], []]",36,9.468556024820722e-07,0.4592993162903482,0.5407002491955422,0.09125613507616441,0.10389500527481509,0.7833571251351472,0.14972451658613786,1.8654709583719011,0.021079464206528856,-5164.812426614353,-4890.215984241982,True,True
237,0.1,0.1,0.8,0.1,"[[], []]",37,2.156349662553786e-09,0.1645709900877282,0.8354284255702444,0.05248977597356342,0.10243800892322433,0.8204997546992133,0.0888415352705271,0.6647769227520989,0.019817084940605037,-4852.731334362212,-4774.508522752033,True,True
238,0.1,0.1,0.8,0.1,"[[], []]",38,0.3734834435611814,0.12440011229334363,0.7015267047372191,0.2816684353863256,0.11858787173775112,0.7068311458657816,0.09153089824311697,0.09390243261398783,0.03528686475111669,-4897.503235558826,-4895.258286069095,True,True
239,0.1,0.1,0.8,0.1,"[[], []]",39,5.496852579808595e-07,0.3896405776392922,0.6103593628617054,0.09297709102050017,0.1462302807021162,0.7693588729851862,0.10385507788168122,2.134159811286452,0.11710511154107422,-5033.13714883603,-4905.1869743918905,True,True
240,0.1,0.1,0.8,0.1,"[[], []]",40,0.28928199716841163,0.1431443509901056,0.7070365958430754,0.22513500119954674,0.13056344274871534,0.7060716240755007,0.08969669204109615,0.08733371229105846,0.02967913271986292,-4821.288410727803,-4818.409832829481,True,True
241,0.1,0.1,0.8,0.1,"[[], []]",41,0.23674962684905776,0.14610746428628765,0.7588693295799419,0.07645598743946012,0.12396309410970142,0.7670657822380847,0.19137496369305645,0.16310381465663493,0.12144813999383795,-4959.711767796068,-4950.053036747638,True,True
242,0.1,0.1,0.8,0.1,"[[], []]",42,0.4292014431971157,0.12781766447929588,0.6358174290794534,0.0035952042560660103,6.373030692787008e-05,0.9952952119887348,0.004911951443017857,0.09236420072780019,0.37660883253040267,-4800.846470216928,-4814.8045356549055,True,True
243,0.1,0.1,0.8,0.1,"[[], []]",43,0.16260077500921435,0.1317413504084411,0.78266278299813,0.08749516979957705,0.13803009196570248,0.7761372820714166,0.07919052598040502,0.07323493916371256,0.03466785050081059,-4795.481216147277,-4791.389899110515,True,True
244,0.1,0.1,0.8,0.1,"[[], []]",44,2.161061522847718e-07,0.27932720145601625,0.7206726980599422,9.20140614161524e-06,0.06400843645907327,0.8774244861782249,0.11857048703914358,0.8050283678575089,0.04236172213493768,-4953.24473812396,-4848.937415265453,True,True
245,0.1,0.1,0.8,0.1,"[[], []]",45,2.359508901808109e-06,0.3076300834182518,0.6923686499309457,0.14834969245565835,0.09864413767605651,0.8062382431543317,0.05036786383268576,0.9494750945056017,0.018037925328374893,-4966.1466374386355,-4872.306355872499,True,True
246,0.1,0.1,0.8,0.1,"[[], []]",46,0.00011985817535503986,0.2837789828841964,0.7162480756866586,0.10219767477771248,0.07248926239370912,0.8121360754796825,0.13283964017109623,0.7158353766516447,0.030540199287271214,-5004.430682903438,-4878.368126390936,False,True
247,0.1,0.1,0.8,0.1,"[[], []]",47,0.21569581678348626,0.13768516604432582,0.7589708707727508,0.09233198693558813,0.12187602344531724,0.7848513015688522,0.10234547965972934,0.07548514275036687,0.01725498839988522,-4850.186772621975,-4845.389363458279,True,True
248,0.1,0.1,0.8,0.1,"[[], []]",48,1.5747146100803188e-06,0.32926541852990665,0.6707112717920715,0.07695201916024742,0.10290874704756321,0.7933446165413536,0.12118534917247667,1.033936067088384,0.009431933782226455,-4958.367735031014,-4836.851832712285,True,True
249,0.1,0.1,0.8,0.1,"[[], []]",49,0.14042936207281723,0.09841512006782005,0.8365435854507312,0.06813855470846661,0.1036824135930486,0.8166194976358311,0.10258610465366362,0.0883783061943471,0.016653031141657653,-4885.728369236928,-4879.062222603433,True,True
250,0.1,0.1,0.8,0.25,"[[], []]",0,0.5517365530741929,0.1253235541925554,0.6958281262395184,0.14237589739847503,0.10346313443118461,0.749488979891746,0.3258333247822172,0.36421400053070535,0.07568469903121904,-5114.6599732113145,-5099.935126045813,True,True
251,0.1,0.1,0.8,0.25,"[[], []]",1,0.2768556850704538,0.10822321435723181,0.8187147196350989,0.026768595548010615,0.08199381987185876,0.8522682714366212,0.2283946870527399,0.4057897840847002,0.09895897104831138,-5217.964453633187,-5208.875586143226,True,True
252,0.1,0.1,0.8,0.25,"[[], []]",2,0.34409302693961763,0.13698458815509335,0.7655770930551288,0.11370221715250084,0.12035421927381228,0.7897995717861966,0.20564306773304902,0.4546472704900868,0.06987729437712364,-5173.960946746329,-5166.515233771323,True,True
253,0.1,0.1,0.8,0.25,"[[], []]",3,0.2925956682591719,0.1223092375486155,0.7949695363145942,0.03072027813536453,0.1158672556331076,0.8122057058559475,0.22903434857132215,0.37847414334301005,0.10435785454746767,-5180.702437088551,-5172.3192719884655,True,True
254,0.1,0.1,0.8,0.25,"[[], []]",4,3.073052863369901e-06,0.25204417855950123,0.7479555178214033,0.02299735286015817,0.06888951263164515,0.8303679111660603,0.2836735880162915,1.3538010260363176,0.1126747719208034,-5133.52792422699,-5056.474455930349,True,True
255,0.1,0.1,0.8,0.25,"[[], []]",5,0.3319546048718549,0.1538726838459154,0.7547184911337157,0.1483178856990874,0.13453860832743206,0.7652772626914339,0.21242632599355127,0.5619846614518615,0.1440623957021797,-5174.324203472652,-5165.886910961413,True,True
256,0.1,0.1,0.8,0.25,"[[], []]",6,0.24385169497861747,0.06031288313074183,0.8583970073910261,0.04965551370392447,0.04977007685291365,0.8659373468435845,0.22506557765915416,0.43285244634755715,0.15954755350342797,-5108.232100885672,-5098.595749147546,True,True
257,0.1,0.1,0.8,0.25,"[[], []]",7,5.181030301821546e-06,0.3797236609384145,0.6202695351701184,0.14953620813229743,0.06733198949734259,0.8333947725240889,0.193890007148881,3.487527615124759,0.10922974856908299,-5338.545369587678,-5164.229614113759,True,True
258,0.1,0.1,0.8,0.25,"[[], []]",8,3.9209137008046316e-07,0.13581472114407006,0.8641861583857273,0.1382201968011053,0.06918196790996659,0.8222249202663235,0.2224959761386074,0.8350991540795104,0.10943019284516209,-5232.886285763825,-5165.113817794915,True,True
259,0.1,0.1,0.8,0.25,"[[], []]",9,3.1617662083837327e-10,0.14034542421258295,0.8596461674585373,0.002251780413153155,0.07330963363885151,0.8570013862705603,0.2511047552583262,1.3422386860189477,0.0987253372909003,-5266.9565662619425,-5201.819228668093,True,True
260,0.1,0.1,0.8,0.25,"[[], []]",10,0.28234400394581266,0.07684988354223532,0.826761014969706,0.051896666267814966,0.06876165552056962,0.8397399236815135,0.23941526632103116,0.38893902568020694,0.08031413032989163,-5089.145795807564,-5075.973279642291,True,True
261,0.1,0.1,0.8,0.25,"[[], []]",11,0.2654403719572779,0.10072010814878897,0.8284122268785179,0.13624065554998946,0.10292371343582601,0.7959877414538257,0.23526783718574865,0.3570846846582911,0.0269900714336498,-5211.67395101644,-5204.102055890782,True,True
262,0.1,0.1,0.8,0.25,"[[], []]",12,0.4308582912245823,0.11448410733090773,0.7549481892818516,7.494155654938203e-05,0.06635128947152842,0.8436500083860773,0.286957593821605,0.3792894198644395,0.12276316458247322,-5151.305784161118,-5136.25138615286,True,True
263,0.1,0.1,0.8,0.25,"[[], []]",13,3.534293427063278e-07,0.33080763785129025,0.6691923185167609,0.14417035923933885,0.10446005835837241,0.7856846132162251,0.22324057229471442,2.472737101376703,0.023737687354148804,-5267.359976139513,-5134.829794714004,True,True
264,0.1,0.1,0.8,0.25,"[[], []]",14,0.4871467096235065,0.14563591317839514,0.7208394778068951,0.010448771942925967,0.04503905860627443,0.9424254843769201,0.036180177085309156,0.48434572796384145,1.2915743917600244,-5199.828457821259,-5220.075202054381,True,True
265,0.1,0.1,0.8,0.25,"[[], []]",15,0.33706999748734356,0.14503067864680588,0.7597542001997434,0.022418622665847578,0.1132012673603246,0.8085763590208601,0.25341251116085756,0.460272037259082,0.053997360346917773,-5167.072993956598,-5155.390028208788,True,True
266,0.1,0.1,0.8,0.25,"[[], []]",16,3.2148672734582265e-05,0.2776868663157138,0.7223326223038449,0.19867199621132936,0.15930550837821145,0.7434166114340519,0.24410342711127217,4.990321780025663,0.7050049697641805,,-5271.711314156502,False,True
267,0.1,0.1,0.8,0.25,"[[], []]",17,0.33013359587229674,0.08708337696731153,0.8203588406099788,0.1136591899635611,0.07154268234259177,0.8237846078679494,0.24257485911464305,0.4787557169304202,0.09732059150814207,-5198.209119290934,-5187.246236651499,True,True
268,0.1,0.1,0.8,0.25,"[[], []]",18,4.951292106004499e-06,0.2738221377683648,0.7261480422087718,0.024392126460334316,0.12366595411300144,0.8513582206632907,0.15140240247947,2.198426340764889,0.7366487621628139,-5281.284436822937,-5202.205256922755,True,True
269,0.1,0.1,0.8,0.25,"[[], []]",19,0.4265389446242024,0.17198847296147252,0.7383252688110913,0.008990739507790543,0.0956210297048049,0.9030459061083074,0.01689153983990037,1.738063103832383,3.4715253318940906,-5320.607828919477,-5336.700500267401,True,True
270,0.1,0.1,0.8,0.25,"[[], []]",20,0.36892562509886395,0.0982847378261967,0.7911957093258521,0.06343278568881933,0.07297909044681292,0.8351412865484245,0.24844603392472323,0.3046360260835145,0.07382164229540539,-5158.640805353183,-5149.998517474999,True,True
271,0.1,0.1,0.8,0.25,"[[], []]",21,7.327206761349243e-06,0.2186770021140018,0.7813190007174841,0.01865215069036118,0.0678335230286289,0.8611644627431295,0.22090660629941414,1.650809672444258,0.08976911856292516,-5217.100363927126,-5148.123767727186,True,True
272,0.1,0.1,0.8,0.25,"[[], []]",22,2.691601757815531e-06,0.31183681570271066,0.6881621173397902,0.2002769452888423,0.09687845398461106,0.7899790858663951,0.1466299308905896,2.076666011817015,0.15965355998045586,-5213.522540228468,-5117.393975858236,True,True
273,0.1,0.1,0.8,0.25,"[[], []]",23,0.4182078818832653,0.10589597542658488,0.7697997968977567,0.15290390710509202,0.08194287896666948,0.7880960589614059,0.2857593234693279,0.3877403411169729,0.059137283543445246,-5161.812499391675,-5151.780467353466,True,True
274,0.1,0.1,0.8,0.25,"[[], []]",24,0.4248042658730652,0.09716051236746773,0.765933658539121,0.18688669474960784,0.07590949148237873,0.8007130112070734,0.18798272784684325,0.40509567879084407,0.17348692757412795,-5122.195781756551,-5115.187275651234,True,True
275,0.1,0.1,0.8,0.25,"[[], []]",25,0.34178685527804864,0.0926508173499255,0.8076755487465955,0.1278668470655212,0.06846334827750931,0.8331717617915515,0.19242535179610523,0.557409415448718,0.1268899492055125,-5181.679148330682,-5171.835277584817,True,True
276,0.1,0.1,0.8,0.25,"[[], []]",26,1.020968796077301e-06,0.33152208524592025,0.6684776615056992,0.05827228960552074,0.07524563330236278,0.8106561434310262,0.35636013275331857,3.2356948655198554,0.1295493281896207,-5335.509441676426,-5189.097399256565,True,True
277,0.1,0.1,0.8,0.25,"[[], []]",27,0.18466024062507802,0.07297625561927665,0.8619797615621864,0.024827557453619267,0.07183859101316362,0.8428213698957296,0.2114632811970907,0.5642539259470086,0.18218933461991652,-5070.282515478623,-5058.13239939335,True,True
278,0.1,0.1,0.8,0.25,"[[], []]",28,0.4955605835671545,0.13483981506448373,0.7333617520662103,0.13153463977237145,0.10257346312978985,0.7898767238959286,0.28122511114720294,0.4386864527549413,0.05222303152750343,-5220.532198455439,-5211.8269672977185,True,True
279,0.1,0.1,0.8,0.25,"[[], []]",29,9.538895914993479e-07,0.2770579597082365,0.7229418491926821,6.832884973831652e-05,0.09180568441436664,0.8136210837387448,0.32745679412395773,2.732472148293588,0.06210533849882391,-5276.634107100707,-5157.973899107561,True,True
280,0.1,0.1,0.8,0.25,"[[], []]",30,0.24645375296436525,0.0851947732335686,0.8369136524943774,0.02318427064631778,0.06879369062811432,0.8463926940952308,0.24961524110037003,0.3808752217601406,0.08915674782293032,-5128.236178912289,-5114.892802610425,True,True
281,0.1,0.1,0.8,0.25,"[[], []]",31,0.2765356756409009,0.12369382020000667,0.7940618105675994,0.024425962800611694,0.10066805565841658,0.8170764522919886,0.24464389934237973,0.36581153785323633,0.03496061321579656,-5147.633718706588,-5135.497168930411,True,True
282,0.1,0.1,0.8,0.25,"[[], []]",32,6.530710192287973e-07,0.344731576279293,0.6552679564630038,0.28935583106422186,0.13499026314263082,0.7349530469066977,0.2430026642502871,4.88819239032426,0.2032254760214424,-5404.058069827198,-5254.655503584905,True,True
283,0.1,0.1,0.8,0.25,"[[], []]",33,0.5953848941576068,0.15196643280125643,0.6745061160267241,0.1922340043596634,0.09849597762006539,0.7445596814525836,0.3637314765115849,0.39101685763418703,0.10324162279597666,-5165.623695106465,-5153.348128397904,True,True
284,0.1,0.1,0.8,0.25,"[[], []]",34,2.2496297430238048e-08,0.3847663163832381,0.6152336799186496,0.1402856282715166,0.13792314865077845,0.7744035347987348,0.18924774883477963,5.016040670166652,0.19682960943649958,-5326.854383935132,-5181.081544666506,False,True
285,0.1,0.1,0.8,0.25,"[[], []]",35,0.3866526765216237,0.11128478508348687,0.7880765515327778,0.009149543117678743,0.0446087717465495,0.9475596471711962,0.01940711343031944,0.3788473339235776,1.0372939118765119,-5236.816034044186,-5247.9684189183545,True,True
286,0.1,0.1,0.8,0.25,"[[], []]",36,0.37238995463621805,0.11791884607914256,0.785132393559391,0.00602262205849408,0.05339158508634221,0.9434407228752201,0.01031504702486049,0.3838495820658188,1.0452172370670139,-5233.1695582914635,-5246.828241702526,True,True
287,0.1,0.1,0.8,0.25,"[[], []]",37,1.625993288889457e-15,0.1823089809770302,0.8176784305379454,0.03598036981715689,0.10431106108116095,0.8188536482005492,0.21104860170006948,2.2833125210457283,0.07539281256599742,-5191.137448934075,-5097.454262271241,True,True
288,0.1,0.1,0.8,0.25,"[[], []]",38,0.4592589780042457,0.11458979842752792,0.7631695279902573,0.2522493217401842,0.10521382646068123,0.7589705434976908,0.25450735112374134,0.4238686281920272,0.06228439783916934,-5225.041694351332,-5218.769754189225,True,True
289,0.1,0.1,0.8,0.25,"[[], []]",39,7.184965304149573e-08,0.317931404344085,0.6820690616301666,0.08776869508233592,0.14560603787743176,0.7712114922020923,0.251699792654707,5.184147386024333,0.38161617158798217,-5326.033399187194,-5232.9090663952775,True,True
290,0.1,0.1,0.8,0.25,"[[], []]",40,0.4461615320680463,0.15320758318584887,0.7150578962596379,0.23304572028063295,0.12300679454667933,0.7372134339651782,0.2376750278056657,0.4787074516285075,0.0696658790415578,-5147.239309734651,-5140.345606055878,True,True
291,0.1,0.1,0.8,0.25,"[[], []]",41,0.3847529437312871,0.15483271279012337,0.7581890585299061,0.05163980635045041,0.12400295763955997,0.7690029344746244,0.41119007417689574,0.7494255426302016,0.400735766086589,-5293.361841740273,-5278.015446134573,True,True
292,0.1,0.1,0.8,0.25,"[[], []]",42,0.7237593195967427,0.14284351679108864,0.6297302548112215,0.05170402911637896,5.168352768353282e-47,0.9089681450395991,0.2521314553348653,0.4556638305755806,0.9175478193616903,-5130.651228771172,-5134.901711905404,True,False
293,0.1,0.1,0.8,0.25,"[[], []]",43,0.2850063081422591,0.13282481379063987,0.780163898516359,0.10304123398503219,0.1393182889432048,0.7701672014672423,0.20208208116972826,0.36729502830691435,0.11172565150825586,-5122.448224414146,-5114.217669686578,True,True
294,0.1,0.1,0.8,0.25,"[[], []]",44,1.1054436179929948e-07,0.30128759475231465,0.6987122182964225,4.698617104440651e-05,0.07049029391062082,0.8596536595045059,0.24544207557350947,2.9525065073201184,0.08526980127270446,-5301.284651506663,-5177.35941878709,True,True
295,0.1,0.1,0.8,0.25,"[[], []]",45,2.343611595370844e-06,0.2760174359695201,0.7239823338943702,0.17347742716787917,0.0976377664217601,0.8098287811949023,0.16232558530001914,2.6088344276863915,0.059697619776420484,-5273.473917078153,-5193.625453923582,True,True
296,0.1,0.1,0.8,0.25,"[[], []]",46,6.29934043690813e-06,0.19171339425560222,0.8082833203003925,0.0038119185585569117,0.017427163735183264,0.9803155855025122,0.004924078090938552,1.3531059423285032,1.3957815724331089,-5272.2380204370875,-5236.165187284879,True,True
297,0.1,0.1,0.8,0.25,"[[], []]",47,0.3895306172224512,0.1380317667486247,0.7523912217324288,0.08391650087125305,0.12193873932407204,0.7857786411693357,0.25362354529304104,0.36044145421551627,0.06243603711430628,-5177.018851845883,-5167.46143410229,True,True
298,0.1,0.1,0.8,0.25,"[[], []]",48,1.3732667267394895e-06,0.3784963155734857,0.621502986418046,0.030508219229487918,0.09950894122596887,0.8050889834794445,0.29010006664247423,4.386902788102498,0.04190139453918414,-5329.285912155004,-5173.60627338168,True,True
299,0.1,0.1,0.8,0.25,"[[], []]",49,0.249708659355968,0.10244858771849882,0.8314629568643159,0.06559957091566088,0.10586676079924094,0.8087394886083297,0.25407614906328957,0.489420275334662,0.053401395350191304,-5220.291521532723,-5207.571511428616,True,True
0,0.1,0.1,0.2,0.02,"[[], []]",0,0.11531247283473293,0.14186584783461129,0.15879315182438428,0.08977594056828272,0.14199765787260593,0.16083049998110627,0.026290433492659117,0.001467046500881692,0.000792823545894719,-612.140207870081,-599.2957694987989,True,True
1,0.1,0.1,0.2,0.02,"[[], []]",1,0.1252318701782206,0.13874368320727345,0.16304995287529928,0.10201446858766679,0.12793025466952815,0.23777404082822065,0.012242088153684803,0.0015777971702167401,0.0008304672942253927,-663.3866644351998,-661.2651760698423,True,True
2,0.1,0.1,0.2,0.02,"[[], []]",2,0.11942726493768085,0.1409600360536419,0.1669913288527093,0.1219395442642268,0.14565674055303188,2.594287861573263e-06,0.025798463522908554,0.0015857906927316697,0.0008235186222041853,-639.149447107928,-627.1737570182864,True,True
3,0.1,0.1,0.2,0.02,"[[], []]",3,0.09791767976509688,0.11474891172880364,0.30716367137492173,0.09121117301055727,0.11696483005585673,0.2741848356621282,0.01155169440713564,0.0014663308971071367,0.0007788746638228973,-629.7781488157158,-626.3572843313412,True,True
4,0.1,0.1,0.2,0.02,"[[], []]",4,0.052805924063536035,0.05217728399844581,0.6072353780474679,0.04634179046704322,0.056538022330281795,0.5329477278864314,0.018658644485619588,0.0017496661991055343,0.001075306437432595,-583.1424916764697,-575.8073689905674,True,True
5,0.1,0.1,0.2,0.02,"[[], []]",5,0.11563746975507008,0.17083653348318129,0.168211178615209,0.12356642998284224,0.1317384714893737,0.014013808597995878,0.024379020825324744,0.0017888455385399213,0.0007449381293522558,-641.8142680022775,-630.8275695193057,True,True
6,0.1,0.1,0.2,0.02,"[[], []]",6,0.13427261259078774,0.038585248193052625,0.13459660494071785,0.13120593712391745,0.038380554116894956,0.06344748058565684,0.016115461402089793,0.0015734343960086073,0.0009288322663814315,-611.8478554056918,-607.7067889497047,True,True
7,0.1,0.1,0.2,0.02,"[[], []]",7,0.14158923789479644,0.050900982327997744,0.1331645353200617,0.13770072259152508,0.06725646676733808,8.529507838854706e-07,0.024775923619078138,0.0015653094140588924,0.0008132803640893296,-651.1312192711055,-639.2162472238597,True,True
8,0.1,0.1,0.2,0.02,"[[], []]",8,0.136043173709623,0.040972963523088234,0.1524979218621603,0.07290474728470903,0.028439835382537755,0.4554075024381777,0.013600872939902585,0.0018473727831505504,0.0011541063281036536,-634.7476471801122,-629.5055461440393,True,True
9,0.1,0.1,0.2,0.02,"[[], []]",9,0.12751597346464022,0.1311738752992211,0.16069434951500716,0.13166917987788895,0.09713558236304115,2.1005198709197e-05,0.029733473741062458,0.0014829683757385597,0.0008775865770246035,-664.6022846104165,-653.9935256109949,True,True
10,0.1,0.1,0.2,0.02,"[[], []]",10,0.12825951031554264,0.0239576267684506,0.1734874338911021,0.12019321929154768,0.04253065345924959,0.0767087936366546,0.02235837193401726,0.0017176880387955362,0.0009052604867494874,-602.4350996984202,-592.8437668184799,True,True
11,0.1,0.1,0.2,0.02,"[[], []]",11,0.13281169615419555,0.10127909975095022,0.1575125674445719,0.10141074401189773,0.09245681326861425,0.24115190547016951,0.017300526872965603,0.001408951313968403,0.0006342632658791794,-666.1123023683178,-661.2363552925217,True,True
12,0.1,0.1,0.2,0.02,"[[], []]",12,0.12233111264852478,0.10410055411931758,0.14965396942798154,0.09726255178749302,0.0942463613371208,0.20529796334994857,0.01710076430933836,0.001559009738642405,0.0006853075276692072,-612.7176576569178,-606.5031909964567,True,True
13,0.1,0.1,0.2,0.02,"[[], []]",13,0.12632634148977817,0.09274344444060235,0.16113812931131102,0.11942224427518336,0.10966929217738593,2.5997035257565947e-06,0.03281092264595296,0.0013521062287603538,0.0009636393843835597,-632.7420954631486,-616.9792334257238,True,True
14,0.1,0.1,0.2,0.02,"[[], []]",14,0.07963213072991718,0.12195929467083716,0.4224082569207093,0.07947571017406437,0.13813643424537908,0.2845951914316693,0.020375240504650696,0.0016315780383901683,0.0007626080103873235,-645.5339602431914,-635.6828832754422,True,True
15,0.1,0.1,0.2,0.02,"[[], []]",15,0.11617034303205966,0.14545718554097037,0.16669066035239027,0.0952488765406509,0.13784943823982967,0.18615576409560416,0.018621953447752065,0.0015849696998938144,0.0007065528765272564,-625.4980164395715,-619.3058536780783,True,True
16,0.1,0.1,0.2,0.02,"[[], []]",16,0.08781719649137358,0.1406869668077786,0.40087907306917087,0.07993170344709856,0.13869358514829777,0.397708709233739,0.009181897258637346,0.002039195081156043,0.0014766343000122287,-699.355810494193,-697.8138376932396,True,True
17,0.1,0.1,0.2,0.02,"[[], []]",17,0.15688225260190078,0.09867618738655805,0.00020952402086320558,0.13116792849079825,0.09456553711567997,0.02669390986037422,0.020952033473149966,0.0016535675104817082,0.0006560596737159797,-648.9914272534436,-641.8591421797788,True,True
18,0.1,0.1,0.2,0.02,"[[], []]",18,0.13363346434600115,0.04899531082929871,0.17280879769555407,0.09279571791288319,0.061329933760495094,0.2955644410029152,0.01691327174425896,0.0017377922736056184,0.0007300998897258756,-644.7285505567872,-639.1078732472556,True,True
19,0.1,0.1,0.2,0.02,"[[], []]",19,0.07980967097888396,0.1505613791733929,0.4463511953564714,0.07706966791971687,0.14908387061882744,0.44886376191488886,0.0024233770809073698,0.002624282815514245,0.0023880553098360124,-713.5166540620588,-713.3994787557707,True,True
20,0.1,0.1,0.2,0.02,"[[], []]",20,0.12961353248884408,0.08348366238995818,0.1534541378381604,0.12693182579156803,0.07797347261283531,0.07490212532073608,0.016932362156556406,0.001328951618638539,0.0006916855398597397,-634.9620642676463,-630.0648243099175,True,True
21,0.1,0.1,0.2,0.02,"[[], []]",21,0.13026837064250632,0.0687671131991868,0.1564892974232736,0.09269619836593894,0.06269410821396526,0.249915524964881,0.02321584080707009,0.0015416436434609138,0.000755721011443585,-631.1788213850272,-621.6618857341189,True,True
22,0.1,0.1,0.2,0.02,"[[], []]",22,0.11880438402470608,0.1004036034261166,0.16096128767785764,0.11375418218632885,0.08827570462429736,0.10341753781582162,0.01492730456354916,0.0017020221841830992,0.0008541107421391623,-602.2546168725686,-596.7354105487452,True,True
23,0.1,0.1,0.2,0.02,"[[], []]",23,0.13238805070483212,0.05413834870371674,0.16856170583349211,0.13496963789779365,0.05744414392221704,0.01835130925036141,0.023033876290096535,0.0015516733725813657,0.0007909764144298583,-639.3913665488966,-632.6729834154281,True,True
24,0.1,0.1,0.2,0.02,"[[], []]",24,0.12541460897875895,0.06325491250413459,0.15660147979380945,0.11156306890204536,0.06763224285106452,0.12366246733613319,0.017357693786926278,0.0016455779561301148,0.0008417391262898394,-604.0016793791356,-595.4182087249643,True,True
25,0.1,0.1,0.2,0.02,"[[], []]",25,0.13136963190490222,0.05679169534027779,0.16743764524389457,0.13116042004300701,0.08817608803766917,2.2447279075444015e-05,0.02101274742531232,0.0018890276185084217,0.000711134970051232,-635.6476492178673,-622.7923006631025,True,True
26,0.1,0.1,0.2,0.02,"[[], []]",26,0.14212305662441058,0.05254892261984425,0.1458131688508538,0.1354839354661317,0.037704519006751404,0.009678977833090987,0.03296249877946365,0.0016456010158680421,0.0013252983197086024,-663.5952558480407,-645.9760069241125,True,True
27,0.1,0.1,0.2,0.02,"[[], []]",27,0.11745460137292278,0.07709988317292425,0.1438436642264807,0.10279966230208126,0.08489354311490432,0.10643459622809485,0.018676675412677066,0.001914644791459818,0.0010188164792188999,-564.9274702881722,-557.520035874157,True,True
28,0.1,0.1,0.2,0.02,"[[], []]",28,0.12699066124573336,0.13397687383552062,0.15888256783401197,0.13394118983775383,0.13993175649510917,0.04472184952923168,0.013028932422779605,0.0016152849377319657,0.0008819296977187856,-663.8297299449197,-661.2434374926252,True,True
29,0.1,0.1,0.2,0.02,"[[], []]",29,0.1265966920392283,0.0979233714087649,0.16308993217938464,0.06636728785929015,0.08837893184481203,0.3732574054326127,0.02518068200228441,0.0014570375832262169,0.000759608432302534,-639.2244616291844,-624.1406616131609,True,True
30,0.1,0.1,0.2,0.02,"[[], []]",30,0.12457951138694738,0.08204918461737067,0.15675370411922693,0.08273929188040303,0.0536550530708495,0.3105286957316423,0.021726210113570628,0.0014723000030763863,0.0007812091176107436,-613.1697655775456,-604.9171709517449,True,True
31,0.1,0.1,0.2,0.02,"[[], []]",31,0.12321226796853181,0.08387865280281555,0.1622655500177186,0.12661260868215674,0.09328385294873832,9.801217915633422e-06,0.021218356646816445,0.0014540961238052276,0.0007293785455547752,-612.3708551151853,-604.9826420484459,True,True
32,0.1,0.1,0.2,0.02,"[[], []]",32,0.06216934200767939,0.07351008424550223,0.5921839205000724,0.07074596397987354,0.08833704031652043,0.44906189379247596,0.016056116095609363,0.0016096121333593382,0.0008794003515481759,-689.1443519602257,-685.393912590639,True,True
33,0.1,0.1,0.2,0.02,"[[], []]",33,0.0865883548320625,0.09803706380487733,0.40437006286603444,0.07280732710935553,0.09116364995686738,0.37565476343256393,0.021341826003981892,0.0013578482585106702,0.0006708406603952935,-646.7689754697259,-638.8331672728631,True,True
34,0.1,0.1,0.2,0.02,"[[], []]",34,0.08723420836477394,0.14290372334286333,0.3568517037361496,0.08290301586507097,0.1474033479907056,0.33051451244746344,0.008316571006919874,0.001549612665605617,0.0010835056596104563,-642.1888560636504,-640.9533283502999,True,True
35,0.1,0.1,0.2,0.02,"[[], []]",35,0.13128292555604046,0.11297811107700818,0.1697751876389108,0.10281996688549892,0.11032084959596249,0.18198090988757568,0.026156206162071347,0.0015141892066991485,0.0007603465609070588,-677.134537193281,-665.2839484654943,True,True
36,0.1,0.1,0.2,0.02,"[[], []]",36,0.1326473294900321,0.09620900235127253,0.16871057232774528,0.10838112722807283,0.09983609202241753,0.1265767547884382,0.03056418071027947,0.0015138450083701021,0.0008745088536061126,-670.3879540443952,-657.9470279615539,True,True
37,0.1,0.1,0.2,0.02,"[[], []]",37,0.13295864920137182,0.18097284028116453,8.691543259865711e-05,0.11699759488576326,0.1671558031598322,1.43716642317325e-06,0.018080932775998437,0.0017688001197701043,0.0009759660487760074,-595.3142806322472,-588.9325346768895,True,True
38,0.1,0.1,0.2,0.02,"[[], []]",38,0.0869782977363493,0.10079095839377887,0.4232497134484139,0.09252407965628175,0.10342860005411753,0.28461351462851686,0.01906715858257963,0.0015598124981922173,0.0006852663311685242,-676.1440664343413,-669.5962455528405,True,True
39,0.1,0.1,0.2,0.02,"[[], []]",39,0.06462649986582902,0.13792665630652826,0.5116033766572818,0.0673594220797024,0.15282767592667929,0.3857275396057404,0.017210381817760325,0.0020477897244545584,0.0011530717221031799,-673.20805133794,-666.8488831899572,True,True
40,0.1,0.1,0.2,0.02,"[[], []]",40,0.11830479400615306,0.13514927369115562,0.1706164576934344,0.10110294340841877,0.12178023377084071,0.13813072632829598,0.025243912165542552,0.0015226053538416587,0.000691804641211773,-631.5134536815476,-620.7532076411663,True,True
41,0.1,0.1,0.2,0.02,"[[], []]",41,0.0974139765114166,0.12075410617708114,0.3722403137630933,0.06740178058526859,0.11391727960581818,0.4049001090710704,0.024700686365660873,0.0017104411321104266,0.001176035973793432,-704.0037244227334,-692.3653370291329,True,True
42,0.1,0.1,0.2,0.02,"[[], []]",42,0.11926288640113077,0.09268799198265434,0.1743787181554663,0.05677660862162028,0.06890645282987247,0.5206217583630599,0.010185373878594068,0.001468916831929474,0.0009401064401018226,-608.6867614534573,-605.710603209451,True,True
43,0.1,0.1,0.2,0.02,"[[], []]",43,0.13669060856330578,0.1709013781583132,0.00016976567536045744,0.09344421294998653,0.15385632289896903,0.17978071432008919,0.01658863715752457,0.001634141643720251,0.0008296528200895113,-608.1465152462241,-603.5461431493719,True,True
44,0.1,0.1,0.2,0.02,"[[], []]",44,0.12968294288653684,0.08492843293267499,0.16202365293287888,0.10101841360770712,0.06797668035480238,0.25283057282359195,0.015537293247261715,0.0014671901827099409,0.000721217219920575,-643.4893143187898,-638.858044916275,True,True
45,0.1,0.1,0.2,0.02,"[[], []]",45,0.13346574734823502,0.08817571315021563,0.15303669652955768,0.14513380121092026,0.1014873264982694,7.3657804865334245e-06,0.013431166856056479,0.0014039155188551873,0.0007477233117289315,-656.5891617245182,-653.278220296589,True,True
46,0.1,0.1,0.2,0.02,"[[], []]",46,0.12925267837490625,0.11069915641160476,0.1567605515757642,0.09792724072114109,0.09498310136883262,0.24940918871716192,0.01715973254829588,0.0014853469812364265,0.0006290292554020514,-657.7532905278878,-652.9452647359727,True,True
47,0.1,0.1,0.2,0.02,"[[], []]",47,0.12250722471991335,0.11929667504044075,0.1701600044252378,0.07021591513197352,0.1067268537833502,0.40801725759496804,0.013779945071668423,0.0013355665502366076,0.0007427891089135452,-640.6306343646837,-636.0995317528178,True,True
48,0.1,0.1,0.2,0.02,"[[], []]",48,0.1159479063895703,0.15846188150400697,0.16548051270325606,0.09544312715356307,0.13552374814733686,0.17246987715393394,0.02036187132873251,0.0019718987301680676,0.0006943620036012055,-632.1303576320518,-620.6588414585866,True,True
49,0.1,0.1,0.2,0.02,"[[], []]",49,0.13125781071770137,0.0969831135598262,0.15826577484139873,0.07375202740868964,0.08098658063239882,0.38948507928867143,0.019473755573772705,0.0015719863748793125,0.0006810782854638616,-656.2834664930973,-650.4237471275243,True,True
50,0.1,0.1,0.8,0.02,"[[], []]",0,0.22417855538789935,0.12040172498741303,0.6725594310357285,0.18533276611076754,0.12068413484390174,0.6652051988239699,0.047546337799509404,0.01353277165556611,0.01522472984263717,-1731.678188984463,-1729.5086971497308,True,True
51,0.1,0.1,0.8,0.02,"[[], []]",1,0.13015445391277353,0.1031906256094499,0.797183198113385,0.1097490225866704,0.1003819657325816,0.8033720481184252,0.017051822161080307,0.005708072010424052,0.003839190030530185,-1834.0316333016342,-1833.6585260123227,True,True
52,0.1,0.1,0.8,0.02,"[[], []]",2,0.11170812613490798,0.12081614475924542,0.7873163635550731,0.10262588867841474,0.12110787773225115,0.7894427633274015,0.00756052153396048,0.007914256322225982,0.00710547923874303,-1782.1485377625627,-1782.0529329859069,True,True
53,0.1,0.1,0.8,0.02,"[[], []]",3,0.10567527350799313,0.11596734852180753,0.796184440761102,0.08570684536920316,0.11669100469629633,0.8009644114686096,0.01493643301993059,0.006058741773711785,0.006024170699747345,-1779.3589268483547,-1779.072608206499,True,True
54,0.1,0.1,0.8,0.02,"[[], []]",4,0.07141322670697842,0.0687855242965951,0.8617016071030557,0.04787647611020743,0.06501076523382752,0.8635433874734717,0.025877153231249717,0.013381323812988963,0.014389911617360956,-1697.6597232523436,-1696.2427748410607,True,True
55,0.1,0.1,0.8,0.02,"[[], []]",5,0.142276529632183,0.13830971534151926,0.7462708380146299,0.1207166652385068,0.13598380296857618,0.7479230589105129,0.022993869292938274,0.012539620735566422,0.009772864191452471,-1787.685786441945,-1786.7975982514333,True,True
56,0.1,0.1,0.8,0.02,"[[], []]",6,0.08422544269320262,0.0468080210715302,0.8759412135587032,0.08359767730976707,0.04646418807127475,0.876512129683635,2.9433786907847817e-05,0.02222545020675128,0.02275255963603648,-1744.6459371934332,-1744.6451593450038,True,True
57,0.1,0.1,0.8,0.02,"[[], []]",7,0.0689123630717579,0.053786365796746,0.8881127585134533,0.06650618232498022,0.056016679087397526,0.8853344198332684,0.004704091283196601,0.020475743247932807,0.01760789911429764,-1797.428668826562,-1797.3951648047905,True,True
58,0.1,0.1,0.8,0.02,"[[], []]",8,0.10342631165167508,0.06557922491328168,0.845230647515088,0.09466083039333256,0.06406886548927884,0.8400263488600296,0.01549330739373883,0.012302937698307937,0.01110517150751245,-1775.383390656519,-1774.994426031925,True,True
59,0.1,0.1,0.8,0.02,"[[], []]",9,0.0894675504265701,0.08099936726832814,0.8489029444133548,0.052087601091028876,0.07276829044845882,0.8623226433972273,0.028530355569470745,0.008081891909132393,0.008212865146966699,-1815.857770786032,-1814.5098594591357,True,True
60,0.1,0.1,0.8,0.02,"[[], []]",10,0.07841621626395877,0.05912455792432501,0.8670843460031005,0.05989005943286342,0.06052501200897416,0.8631107365019446,0.022997685168222676,0.014259357861395412,0.01165852505498394,-1721.9824152043898,-1720.8830280554482,True,True
61,0.1,0.1,0.8,0.02,"[[], []]",11,0.10462380071291615,0.09312849335899841,0.8256342079530483,0.09719838626316075,0.09285178271054627,0.8227155969514132,0.00986412438779998,0.00474428234747625,0.002365541252053988,-1822.2647962915003,-1822.1481169849674,True,True
62,0.1,0.1,0.8,0.02,"[[], []]",12,0.11437891239907734,0.08185854019483492,0.8142848031426106,0.04335525808892451,0.06427468395655347,0.8585511984218005,0.04047302746842946,0.008567020299325177,0.013790860667910767,-1741.8243607649704,-1739.2364488847854,True,True
63,0.1,0.1,0.8,0.02,"[[], []]",13,0.10126684152455186,0.09935843878906393,0.8142003224537856,0.09466283834970114,0.10037859794760279,0.8066800445464973,0.013871798794230424,0.002473254486694101,0.0005980606569304784,-1764.189807091034,-1763.8798174964875,True,True
64,0.1,0.1,0.8,0.02,"[[], []]",14,0.16123961445793517,0.13820042288133264,0.7306655623519774,0.14303548036635078,0.1410760359630679,0.7292036303284734,0.01730487884915333,0.013539154716584267,0.013780310277325023,-1790.0759574650874,-1789.6230336318015,True,True
65,0.1,0.1,0.8,0.02,"[[], []]",15,0.10483254454308101,0.11997552930171272,0.791617295987966,0.05973510370555309,0.11128881259258261,0.8152517179365084,0.028313392188171214,0.0068190996146175915,0.005424554016083918,-1766.483537459029,-1765.0200196129683,True,True
66,0.1,0.1,0.8,0.02,"[[], []]",16,0.1975073635217997,0.158789833948048,0.710683486319628,0.19656057750186112,0.15940713945200774,0.7117260671291,3.3321673493839035e-05,0.06593078487535645,0.06877193108496645,-1902.680840914624,-1902.6722877926134,True,True
67,0.1,0.1,0.8,0.02,"[[], []]",17,0.10674815436559919,0.07575058288102385,0.8358552889111662,0.09121302321977534,0.07287089334721387,0.8371718241230471,0.014809635102089385,0.007758320249687522,0.006620008559116428,-1792.6270515134454,-1792.2298370935857,True,True
68,0.1,0.1,0.8,0.02,"[[], []]",18,0.10301238227604911,0.07904078812126578,0.8349465280974904,0.09163838513797369,0.0797078539312691,0.8337237592496112,0.011767905243515083,0.005652242615730212,0.003303940242742818,-1793.0045589954145,-1792.7840083090643,True,True
69,0.1,0.1,0.8,0.02,"[[], []]",19,0.15820702740396742,0.16683399541910016,0.7382456535560115,0.1579667853367204,0.16783850616428056,0.7383784837121725,1.0886465865365865e-06,0.1473720795455336,0.15387931584729925,-1936.8796025578881,-1936.8706705018797,True,True
70,0.1,0.1,0.8,0.02,"[[], []]",20,0.12068271593604704,0.08003646897084817,0.8160865853157485,0.09422816514457762,0.07530133252147737,0.8285348081237724,0.01752137470264839,0.006823035276075826,0.006350938905435474,-1771.898618629999,-1771.562266229052,True,True
71,0.1,0.1,0.8,0.02,"[[], []]",21,0.13950571356093824,0.07540875401289793,0.8013233902961269,0.09756475231910326,0.07211569172399585,0.8211226394871449,0.02431904859630299,0.010853443184157686,0.008000914142305597,-1765.8230108670236,-1764.7967054246221,True,True
72,0.1,0.1,0.8,0.02,"[[], []]",22,0.11451070453482623,0.09550950568346507,0.7976129785151476,0.11377227431748277,0.09573478627213168,0.7980406436947226,3.4937234536405576e-09,0.008024602995529595,0.008027293490951035,-1719.093827600605,-1719.0929734466629,True,True
73,0.1,0.1,0.8,0.02,"[[], []]",23,0.16719797997141447,0.08908287661125024,0.7677210803530865,0.14938697860040678,0.08657930348277658,0.7679590598338111,0.01965400099380486,0.0069773910995469205,0.005255820899353167,-1776.4293108204938,-1776.0466228300718,True,True
74,0.1,0.1,0.8,0.02,"[[], []]",24,0.16148014785026193,0.07816608641609284,0.7676138137982363,0.149452824155095,0.07638301484581354,0.7701496270760432,0.010947897588062859,0.01774723634907791,0.01688666855315599,-1717.7895897218887,-1717.560784999538,True,True
75,0.1,0.1,0.8,0.02,"[[], []]",25,0.12502898168570697,0.07275761455459161,0.816611340374652,0.11639321400064757,0.07248980418363213,0.8172771561432697,0.008406886810704004,0.011529501728519222,0.008738470818913319,-1763.7613094886992,-1763.578066953091,True,True
76,0.1,0.1,0.8,0.02,"[[], []]",26,0.09215480434264924,0.06996508847389132,0.8554595004986545,0.07451524181599084,0.07450893220572838,0.8234008442246448,0.052209585227996305,0.009792716330954174,0.011275877559675547,-1810.559156725646,-1807.366143881493,True,True
77,0.1,0.1,0.8,0.02,"[[], []]",27,0.06814487004513053,0.06639263967878441,0.8626897599232494,0.055529249935903253,0.06612224871418489,0.8610731511497308,0.013824663024097301,0.022794933925363872,0.020839553468676476,-1661.7635240872146,-1661.2683655051012,True,True
78,0.1,0.1,0.8,0.02,"[[], []]",28,0.18034100703505462,0.11451138626936608,0.7468714087039906,0.14736744727347115,0.1095006905979339,0.7627406355553413,0.020314509962542044,0.008094863633891756,0.004825760513780546,-1835.238647848627,-1834.9034294907794,True,True
79,0.1,0.1,0.8,0.02,"[[], []]",29,0.08640204978918417,0.09031323957985157,0.8371532093690943,0.04947829747918511,0.09070597233445137,0.8240606761834856,0.05026463768245727,0.004142461136974416,0.0075430591139536984,-1772.6528720628278,-1768.5972124518855,True,True
80,0.1,0.1,0.8,0.02,"[[], []]",30,0.04705843799791992,0.05569732018268567,0.9019528186281472,0.021658853255692955,0.05292293243807105,0.9047802775308303,0.024947576368653673,0.018103944811413933,0.018575836550717983,-1741.229926197477,-1739.359305097854,True,True
81,0.1,0.1,0.8,0.02,"[[], []]",31,0.08346871284866988,0.09633815697419053,0.8291004188177701,0.04620196962677257,0.09048467003162068,0.8411580863967668,0.029770831957739243,0.005663597804654878,0.004596994920857162,-1740.3248321369392,-1738.386618924987,True,True
82,0.1,0.1,0.8,0.02,"[[], []]",32,0.18090339422299512,0.12683389779880574,0.7446300388243325,0.17819334712490756,0.12772763436920131,0.7444246964556905,0.0030198654328462437,0.019736581787744793,0.02064174351424795,-1877.331076035843,-1877.3233818381927,True,True
83,0.1,0.1,0.8,0.02,"[[], []]",33,0.25305957074235397,0.1303647254109898,0.6601993744413075,0.19610036911859557,0.1176233670562301,0.6791674059444732,0.0523487340933836,0.013865093420414688,0.012534036279945886,-1792.912141277817,-1791.0903591764902,True,True
84,0.1,0.1,0.8,0.02,"[[], []]",34,0.11848906690067156,0.1382626220039426,0.7706548396275097,0.11791445004543762,0.13808278896596693,0.7710859951693784,2.853339747474635e-06,0.023158828878088268,0.0229929005526464,-1807.0398808042648,-1807.0409748451275,True,True
85,0.1,0.1,0.8,0.02,"[[], []]",35,0.12788272053585725,0.10044650985993979,0.8024415134556616,0.10748317648545318,0.10411444146236179,0.7886598445410137,0.032245793975041084,0.005850267655382297,0.003939876944054741,-1837.4787811266758,-1836.273637243782,True,True
86,0.1,0.1,0.8,0.02,"[[], []]",36,0.14280275030388975,0.10609149055730781,0.7824769856380144,0.10829062013379273,0.10420277214371725,0.780397247521152,0.03867302907530161,0.0042492722011790015,0.0037967462471184825,-1824.2944049314656,-1823.266047004294,True,True
87,0.1,0.1,0.8,0.02,"[[], []]",37,0.10609075569570445,0.11343478103847726,0.7899066974182801,0.06516936403920212,0.10188791589268206,0.8172977280844513,0.023376731507376198,0.0066217196451505474,0.0054202172030556085,-1721.4852862627338,-1720.3542970477959,True,True
88,0.1,0.1,0.8,0.02,"[[], []]",38,0.2584275423115745,0.12531922377800567,0.6764778242468368,0.25504281650207783,0.12439195693450705,0.6750645484344125,0.004767527781702645,0.01638710195968073,0.015207684607191964,-1840.1562803174709,-1840.142223324433,True,True
89,0.1,0.1,0.8,0.02,"[[], []]",39,0.12430136037779338,0.15542052408722207,0.7579546196556228,0.09803484950369336,0.1490874830108808,0.7628999385500635,0.025177321996507723,0.052301917224876565,0.04041941785126886,-1844.731706864073,-1844.0399944144192,True,True
90,0.1,0.1,0.8,0.02,"[[], []]",40,0.19319947144155078,0.13150777739908776,0.7022745985729745,0.18902449989401154,0.13111736713953506,0.7002955865299457,0.007538391623332652,0.009799078581864231,0.008713062769521225,-1764.5341610300375,-1764.4658072795528,True,True
91,0.1,0.1,0.8,0.02,"[[], []]",41,0.1574598667974334,0.13560603623308254,0.7569503089712161,0.09631990429696276,0.12513492657672676,0.760385769136968,0.07048757022693637,0.03148085941381332,0.03735121240590613,-1892.2183295835644,-1888.7395039866396,True,True
92,0.1,0.1,0.8,0.02,"[[], []]",42,0.2585498601234437,0.1103604463500783,0.6530351921521197,0.20176827228743824,0.10011934095875488,0.6966826160177158,0.021020964699315237,0.01587409549913581,0.01146138239422269,-1739.8241554007575,-1739.4615057072265,True,True
93,0.1,0.1,0.8,0.02,"[[], []]",43,0.09454027066305183,0.13421808961413376,0.7851627715562871,0.07761005423257594,0.13667241615521836,0.783196097685164,0.016704908714443967,0.013818240111839545,0.012586485722448467,-1738.382290885635,-1737.825586678377,True,True
94,0.1,0.1,0.8,0.02,"[[], []]",44,0.07854685756037519,0.08117727431091679,0.8546679028672656,0.01934013703975176,0.0617953479214561,0.8859414497418518,0.044152820205365054,0.006572329275435561,0.01770331581343418,-1791.7651134084515,-1789.2169166037484,True,True
95,0.1,0.1,0.8,0.02,"[[], []]",45,0.12645484591982886,0.10200981369736682,0.79888638322186,0.12582796109113845,0.10177988709188666,0.7994381039211852,6.461243999681091e-06,0.004029794573604984,0.0039374612246767,-1821.2960367629792,-1821.2967816123653,True,True
96,0.1,0.1,0.8,0.02,"[[], []]",46,0.18923573528978804,0.0838002174909803,0.7623650448810079,0.10845251056452518,0.07386545547713311,0.8082359950897495,0.03519848471655756,0.010739965760005866,0.009319568341409422,-1814.7433136305178,-1813.2500446808517,True,True
97,0.1,0.1,0.8,0.02,"[[], []]",47,0.1165163544516598,0.12327913786714163,0.7842154406280142,0.09250459757358438,0.1206516257630477,0.787856357705177,0.02224753649107511,0.008188462577198094,0.005294931256674216,-1793.9039627862528,-1793.26132632016,True,True
98,0.1,0.1,0.8,0.02,"[[], []]",48,0.1388733867889537,0.1133408732364872,0.7670409220779035,0.10306244328575753,0.10806425467174337,0.775388787482664,0.02980092071691837,0.00584018220384002,0.0026916338578792985,-1762.0820254732962,-1760.633234192375,True,True
99,0.1,0.1,0.8,0.02,"[[], []]",49,0.08525976652827634,0.09611154406543765,0.8376216832736297,0.0679588729492686,0.10012621572199966,0.8290077513814054,0.023256950701878276,0.009018419811396044,0.0063992644420467005,-1816.928360929953,-1815.8589715385776,True,True
