adjusted_date,mean_pos_sentiment,mean_neg_sentiment,mean_neutral_sentiment,mean_pos_preamble_sentiment,mean_neg_preamble_sentiment,mean_neutral_preamble_sentiment
1/1/24,0.9327496,0.018449845,0.048800554,0.8836374,0.019422077,0.09694044
1/10/21,0.007311584,0.9746353,0.018053148,0.0075826105,0.9701563,0.022261105
1/11/23,0.260249033,0.5703996753333334,0.169351335,0.22491515033333334,0.5347777566666666,0.24030705666666666
1/12/20,0.068412475,0.030966438,0.90062106,0.037841678,0.027355934,0.93480235
1/12/23,0.008780401,0.97181195,0.019407649,0.012818551,0.9613524,0.025829047
1/2/20,0.00859736,0.94116604,0.050236702,0.00982069,0.92875767,0.061421633
1/2/23,0.28180527566666663,0.317478195,0.4007165366666667,0.30092203933333334,0.31806317666666667,0.38101479000000005
1/2/24,0.015147576,0.87350816,0.111344196,0.017542345,0.8211072,0.16135049
1/3/22,0.008827427,0.9712246,0.019947924,0.007907389,0.97015387,0.021938689
1/3/23,0.13053687366666666,0.6842453133333333,0.185217827,0.07460116616666666,0.6545574873333333,0.2708413493333333
1/3/24,0.021364318,0.83377312,0.14486255,0.020837467999999998,0.8592440349999999,0.1199185375
1/4/21,0.15020147,0.010988438,0.83881,0.08480963,0.011092847,0.9040975
1/4/22,0.50665078,0.446757615,0.046591574499999996,0.271694905,0.65577273,0.072532392
1/4/23,0.013700964,0.938568,0.047731053,0.01412387,0.93506515,0.050811026
1/4/24,0.9019046,0.022053273,0.07604219,0.7872545,0.04613993,0.1666055
1/5/20,0.024002165,0.047912944,0.9280849,0.016824253,0.055630367,0.92754537
1/5/21,0.8811023,0.08028934,0.03860839,0.8077262,0.12550169,0.06677206
1/5/23,0.025408367,0.82777596,0.14681564,0.042314224,0.67340225,0.28428346
1/5/24,0.4410008796666666,0.3409234626666667,0.21807561766666664,0.302548103,0.35394113400000005,0.3435107693333333
1/6/22,0.0126414215,0.8686019,0.11875667,0.010426848,0.9003687,0.08920457
1/6/23,0.09761958,0.07115274,0.8312277,0.044571433,0.053800236,0.90162826
1/6/24,0.4289527,0.49100074,0.080046594,0.23044688,0.65877354,0.11077957
1/7/20,0.02798364,0.056791645,0.9152247,0.020153979,0.09912351,0.8807225
1/7/22,0.008223678,0.97581,0.015966374,0.009640606,0.9726881,0.017671362
1/7/23,0.13721408,0.013919406,0.8488666,0.089539334,0.013607878,0.89685285
1/7/24,0.021066822,0.92706776,0.051865365,0.024442015,0.8802995,0.09525858
1/8/22,0.0154237915,0.9291072,0.055469032,0.031442873,0.8273144,0.14124279
1/8/24,0.0919416075,0.502131315,0.40592705500000004,0.060954575,0.5422351750000001,0.39681030000000006
1/9/20,0.0866371,0.23169957,0.6816634,0.03823364,0.3028936,0.6588728
1/9/22,0.11940634,0.01624687,0.86434674,0.10261311,0.018293131,0.87909377
10/1/20,0.031402934,0.15614302,0.8124541,0.030319776,0.0824167,0.88726354
10/1/22,0.033581823,0.21527515,0.75114304,0.02675797,0.23166217,0.74157983
10/1/24,0.06967223,0.4174165,0.5129113,0.0589921,0.12770979,0.8132981
10/10/19,0.007522046,0.95334417,0.039133728,0.0088429265,0.9356441,0.055512927
10/10/22,0.023787517,0.7612325,0.21497998,0.027551228,0.74609405,0.22635467
10/10/23,0.12214164,0.019221833,0.85863656,0.11280928,0.01790083,0.86928993
10/11/21,0.25054633319999997,0.3354031773333333,0.41405051433333334,0.25734930716666665,0.335024508,0.4076262033333333
10/11/22,0.013425527,0.9645573,0.022017226,0.009309987,0.97226703,0.018423097
10/11/23,0.025952872666666665,0.75379519,0.22025192166666666,0.030583495999999998,0.64985309,0.31956341200000005
10/12/22,0.033221748,0.2416411,0.7251372,0.03581696,0.16128697,0.80289614
10/2/21,0.31467622666666667,0.12307914733333335,0.5622446133333333,0.19940128000000001,0.21418027166666667,0.5864184333333333
10/2/23,0.77908736,0.00820295,0.21270975,0.69590175,0.009997112,0.29410112
10/3/21,0.13148889,0.028095935,0.8404151,0.110588804,0.029849675,0.85956156
10/3/22,0.022546903,0.4892386715,0.48821445350000003,0.01963734725,0.488394088,0.49196851599999997
10/4/23,0.3316022,0.008810057,0.65958774,0.20074792,0.008928325,0.7903238
10/5/20,0.011720701,0.9054094,0.082869895,0.0140868705,0.85654414,0.12936898
10/5/21,0.042347327,0.83358157,0.12407112,0.036327012,0.82249415,0.14117879
10/6/20,0.028739993,0.7039134,0.26734662,0.028717218,0.6966668,0.27461594
10/6/21,0.53285414,0.16469033,0.30245557,0.4875015,0.14440188,0.36809662
10/6/22,0.2098089965,0.040106565,0.750084425,0.091183119,0.024514095,0.884302795
10/6/24,0.1277765985,0.355777636,0.51644577,0.11491378599999999,0.22646005649999998,0.65862617
10/7/22,0.041473325,0.16466337,0.79386336,0.03222351,0.22469328,0.7430832
10/7/24,0.446005713,0.5107608775,0.0432333685,0.3507446815,0.530932775,0.118322581
10/8/21,0.12948581,0.14080303200000002,0.729711185,0.11598830500000001,0.03249381875,0.8515178750000001
10/8/22,0.481374599,0.1328747815,0.38575065,0.4670514015,0.076626835,0.45632174000000003
10/9/22,0.057080228,0.095195904,0.8477239,0.03927597,0.0723164,0.88840765
11/10/19,0.089828675,0.47889938249999997,0.431271917,0.075490889,0.47374349,0.45076564750000003
11/11/20,0.07319432,0.47197506,0.45483065,0.064554505,0.42944622,0.50599927
11/11/21,0.13422057833333334,0.30786428066666666,0.5579151433333334,0.111162021,0.193032269,0.69580573
11/11/22,0.012971681333333332,0.9289428733333334,0.05808544766666666,0.010560566166666667,0.9293791333333333,0.06006029166666666
11/12/21,0.5258791,0.010857397,0.46326342,0.41323137,0.010756687,0.57601196
11/2/22,0.034092788,0.863159,0.10274818,0.032014504,0.8550444,0.11294105
11/2/23,0.13900623,0.72948414,0.13150968,0.038609054,0.87827533,0.08311558
11/3/21,0.03953607,0.78703856,0.1734254,0.09022065,0.5139019,0.3958774
11/3/22,0.012795879,0.9682156,0.018988607,0.009363988,0.96884847,0.021787565
11/3/24,0.016032536,0.92403877,0.059928667,0.020578418,0.8923428,0.08707876
11/4/22,0.053537062499999996,0.0193692345,0.9270936750000001,0.0473731765,0.016145121,0.93648175
11/4/23,0.011805572,0.92763704,0.060557354,0.012726665,0.93917185,0.048101414
11/4/24,0.022365944,0.9384085,0.039225556,0.050113957,0.885439,0.064447165
11/5/20,0.046118567,0.3989288346666667,0.5549526053333333,0.031376281,0.24606076899999998,0.7225629433333335
11/5/22,0.041972615,0.29914784,0.6588796,0.038996354,0.21105501,0.7499486
11/5/23,0.13881621,0.14917728,0.71200645,0.19446751,0.063364,0.7421685
11/5/24,0.037267607,0.22344235,0.7392901,0.030431064,0.15780447,0.8117644
11/6/23,0.042217597,0.0651767,0.8926058,0.036238406,0.047133617,0.916628
11/6/24,0.49388027,0.012569127,0.49355063,0.4454602,0.0111881755,0.54335165
11/7/24,0.0608616285,0.4728361205,0.466302265,0.0468205275,0.461760713,0.491418735
11/8/21,0.035704277,0.043073222,0.9212225,0.024510773,0.03473852,0.94075066
11/9/23,0.45539500499999996,0.179790915,0.364814025,0.44877184750000004,0.16226224625000002,0.38896589
11/9/24,0.07493721,0.021561872,0.903501,0.07886359,0.015694095,0.9054423
12/1/21,0.03733271,0.03789857,0.92476875,0.02800453,0.032629695,0.9393658
12/1/23,0.07023197,0.026954567,0.9028135,0.05337783,0.03221501,0.9144071
12/1/24,0.1129428925,0.5200896856666667,0.36696740699999997,0.10272099,0.4897642995,0.40751470566666664
12/10/23,0.1494221,0.010875319,0.8397026,0.18488315,0.011030982,0.80408585
12/11/21,0.3230473,0.3641535,0.31279922,0.3918769,0.30623278,0.30189028
12/11/23,0.02363193,0.40655574,0.5698123,0.024998978,0.26993805,0.705063
12/12/19,0.04853004,0.029030737,0.9224392,0.046090707,0.028577931,0.92533135
12/12/23,0.11352520249999999,0.476471494,0.410003285,0.075202714,0.47238031,0.4524169575
12/2/21,0.10681582,0.07740995,0.8157742,0.12505984,0.112885155,0.762055
12/2/24,0.2367309616666667,0.23012808066666668,0.5331409266666666,0.22817479766666668,0.327248484,0.4445767166666667
12/3/20,0.0141560985,0.9314002,0.054443765,0.015184135,0.9264234,0.058392413
12/4/21,0.6109349,0.109823816,0.27924126,0.6173342,0.10710431,0.2755615
12/4/22,0.016493347,0.8737385,0.10976808,0.04077808,0.15011278,0.80910915
12/4/24,0.013856146,0.9050123,0.081131525,0.015564979,0.8916966,0.09273849
12/5/20,0.28256537175,0.47157438700000004,0.24586025649999999,0.1859621525,0.481090176,0.3329477185
12/5/21,0.019353863,0.836707355,0.14393880350000002,0.01866685,0.848709315,0.13262377
12/5/22,0.8638722,0.022145741499999996,0.11398208300000001,0.744005825,0.037236875,0.2187572965
12/5/23,0.06166909933333334,0.22483764466666667,0.7134932900000001,0.057955081,0.21053807133333333,0.7315068733333333
12/5/24,0.54996,0.012103251,0.43793675,0.5969172,0.013631175,0.38945156
12/6/20,0.017062774,0.92488295,0.05805421,0.015514313,0.9192278,0.06525796
12/6/24,0.06265810666666667,0.5742782599999999,0.3630636383333334,0.080802722,0.5251976733333333,0.3939995733333333
12/7/22,0.0862211975,0.29648003525,0.61729872,0.097745099,0.35695362399999997,0.5453012150000001
12/7/23,0.112297036,0.7829945,0.104708366,0.08675177,0.7605229,0.15272526
12/8/20,0.90340793,0.019194635,0.07739747,0.32617733,0.014683595,0.6591391
12/8/21,0.047482256,0.44798294,0.50453484,0.029290032,0.39755103,0.5731589
12/8/22,0.32623540966666664,0.378948923,0.294815635,0.27607713866666667,0.3625406663333333,0.3613821873333333
12/9/22,0.02336368,0.78146625,0.19517007,0.02624352,0.68485296,0.28890345
12/9/24,0.76636916,0.009902805,0.22372809,0.6217022,0.013486807,0.364811
13/1/21,0.01239289925,0.93481003,0.052796997500000005,0.011557343500000001,0.9182913500000001,0.0701513475
13/1/23,0.024836637,0.9436198,0.031543657,0.016400235,0.9564243,0.027175479
13/10/21,0.025622683,0.8697728,0.10460461,0.02366225,0.849114,0.12722374
13/10/22,0.033901475,0.938458,0.027640428,0.032918185,0.94029903,0.02678276
13/11/19,0.431994857,0.0403687835,0.5276363550000001,0.343094356,0.033122978000000004,0.62378267
13/11/22,0.07571318,0.04251436,0.88177246,0.04338975,0.029121563,0.9274886
13/11/23,0.5690018,0.01589512,0.41510302,0.534098,0.0161633,0.44973862
13/12/22,0.20712712,0.7483486,0.044524286,0.68027973,0.2617294,0.057990856
13/12/23,0.088523929,0.486021891,0.42545421675000006,0.06254224475,0.4872916475,0.45016609924999995
13/2/20,0.048481744,0.08681373,0.86470455,0.040917356,0.071827,0.8872556
13/2/21,0.077768266,0.01228707,0.90994465,0.045641802,0.014744929,0.9396133
13/4/21,0.0620385685,0.2100103085,0.727951075,0.0496069025,0.081420545,0.8689725500000001
13/4/23,0.0671903,0.016526762,0.91628295,0.046123777,0.021027714,0.93284845
13/5/20,0.010466258,0.9619824,0.027551323,0.010121393,0.9574513,0.032427263
13/5/21,0.02138029366666667,0.7382101933333334,0.240409515,0.024131107333333332,0.7429231,0.23294580333333334
13/5/22,0.031270436,0.78228584,0.18644369833333332,0.0229835515,0.7555997733333332,0.22141669
13/5/24,0.032981787,0.7830512,0.18396701,0.024025114,0.836042,0.13993289
13/6/24,0.06745470671428572,0.48619187971428574,0.4463534254285714,0.08790608528571428,0.43807234342857143,0.4740215557142857
13/7/20,0.029490657,0.8797322,0.09077715,0.05842396,0.34777802,0.5937981
13/7/21,0.023955490500000003,0.6514268999999999,0.3246176,0.028951321500000002,0.5867207249999999,0.384327935
13/7/22,0.02601401,0.43443748,0.53954846,0.028516661,0.5311213,0.44036198
13/7/23,0.11985908,0.012852251,0.8672887,0.1231533,0.012641628,0.86420506
13/8/20,0.04133689,0.020250138,0.938413,0.039799675,0.020734929,0.9394654
13/8/23,0.043670863,0.032236125,0.92409307,0.037713267,0.027105913,0.9351808
13/8/24,0.0823301965,0.417349409,0.500320385,0.048689574,0.256165875,0.69514455
13/9/22,0.03127582,0.74881333,0.21991098,0.031759318,0.6759483,0.29229242
13/9/23,0.08330971749999999,0.36102219950000003,0.5556680700000001,0.067081577,0.386111103,0.54680733
13/9/24,0.0481883225,0.339673535,0.612138125,0.038496495,0.3287204165,0.632783045
14/1/20,0.4125659,0.009795755,0.5776383,0.24474001,0.009965081,0.7452949
14/1/21,0.19141856,0.009398423,0.79918295,0.22654678,0.00892592,0.7645273
14/1/22,0.008286409,0.9716376,0.020076022,0.009213959,0.97070026,0.02008584
14/10/21,0.008095186,0.9572922,0.034612548,0.008476187,0.95487374,0.03665005
14/11/22,0.02585226,0.57832724,0.3958204,0.0250978,0.3897983,0.58510387
14/11/23,0.1779704,0.79228574,0.02974384,0.81102943,0.13149254,0.057478063
14/12/22,0.022162007,0.78115165,0.19668633,0.023989195,0.75338286,0.22262788
14/12/23,0.401367975,0.110481738,0.488150248,0.383838454,0.11637418,0.499787325
14/2/20,0.7125379,0.009546747,0.27791536,0.22541462,0.010092357,0.76449305
14/2/23,0.24344738800000001,0.2671398915,0.48941272,0.171064794,0.173748739,0.6551865
14/3/21,0.101859108,0.3933986,0.504742305,0.079604995,0.31979007400000004,0.6006048900000001
14/3/24,0.21986334,0.20992462,0.57021207,0.17519714,0.0878878,0.7369151
14/4/21,0.3360137,0.038113021500000004,0.62587328,0.337141838,0.0299373925,0.63292073
14/4/22,0.077372601,0.699346703,0.223280694,0.055418847,0.63299435375,0.3115868075
14/4/23,0.18428409,0.6199736,0.19574235,0.059736717,0.8222015,0.118061766
14/5/20,0.0259864645,0.4699697675,0.504043813,0.0273002025,0.450963868,0.52173594
14/5/21,0.482499733,0.045324032,0.472176205,0.49285192,0.0310125525,0.476135473
14/5/24,0.46556672,0.2005432,0.3338901,0.2721743,0.122054175,0.60577154
14/6/21,0.028790489000000002,0.65498951,0.3162200325,0.035586230499999996,0.61105283,0.353360925
14/6/22,0.008329409,0.9624619,0.029208688,0.007896743,0.9647797,0.02732351
14/6/24,0.530581246,0.144375583,0.325043169,0.43793760800000003,0.13051153399999998,0.43155084400000004
14/7/20,0.064587935,0.32946896866666664,0.6059430906666666,0.06482199066666668,0.32152774666666667,0.6136502806666667
14/7/21,0.038170314500000004,0.503467385,0.458362259,0.0246292745,0.49274279000000004,0.48262791200000005
14/7/22,0.2690547725,0.355980605,0.37496464,0.460043244,0.1107882615,0.42916855000000004
14/7/23,0.24106547,0.65618926,0.10274533,0.15461247,0.7698949,0.0754926
14/7/24,0.13267057,0.2573236,0.61000586,0.0720558,0.09488309,0.8330611
14/8/24,0.033370808,0.29688632,0.6697428,0.022923216,0.22205889,0.7550179
14/9/20,0.18682685,0.7288168,0.08435633,0.14718592,0.7710183,0.08179577
14/9/23,0.011229894,0.9453809,0.043389123,0.0087755015,0.9518131,0.039411355
15/1/21,0.06014162,0.164304655,0.7755536999999999,0.046251661,0.19876984,0.75497852
15/1/24,0.021488348,0.9088842,0.06962743,0.06502864,0.59853053,0.3364409
15/10/20,0.06692315,0.023700759,0.9093761,0.032673188,0.03727167,0.93005514
15/10/22,0.023462906,0.7715233,0.20501375,0.035210654,0.7169067,0.24788259
15/11/19,0.075882964,0.6667297,0.2573874,0.07391265,0.2826808,0.6434065
15/11/22,0.088724345,0.058579028,0.85269666,0.03962228,0.042983934,0.91739374
15/11/23,0.7762361,0.17928948,0.044474438,0.7247579,0.19673118,0.07851099
15/12/21,0.20055666500000002,0.2273411605,0.572102125,0.14805212099999998,0.2762867065,0.575661165
15/12/22,0.2453764015,0.55494923,0.19967437,0.257512183,0.37560147,0.36688634
15/2/22,0.08761982,0.038889689000000005,0.8734905,0.0603761815,0.0550931175,0.8845307
15/2/23,0.1962807459,0.5027156287,0.30100362399999997,0.1775619582,0.4812655960000001,0.34117244
15/2/24,0.018192123666666667,0.8015431466666666,0.18026471866666668,0.016594558666666665,0.79933044,0.18407501666666667
15/3/21,0.06303257500000001,0.1234225745,0.81354484,0.056548884,0.1328470135,0.8106040999999999
15/3/24,0.014353111,0.93222445,0.0534224,0.012550181,0.9315534,0.05589635
15/4/21,0.055718103,0.48751307,0.456768793,0.031161090000000002,0.47995326699999996,0.4888856865
15/4/22,0.049848598,0.0525850582,0.8975663519999999,0.0326513566,0.0456757576,0.9216728919999999
15/4/24,0.01601137675,0.96306366,0.0209249395,0.03342715725,0.93982315,0.026749688
15/5/22,0.041809075,0.03822877,0.91996217,0.034884885,0.029427199,0.93568796
15/5/24,0.47061692,0.031893153,0.497489905,0.30839594000000004,0.046714923,0.64488916
15/6/22,0.0173626645,0.8359101,0.1467272505,0.0172424115,0.72550084,0.25725673849999997
15/7/20,0.0284526245,0.52095914,0.45058825799999996,0.0273072145,0.510851392,0.46184142850000004
15/7/21,0.02558114,0.73535526,0.2390636,0.03958801,0.68803036,0.27238163
15/7/23,0.020128215,0.8015268,0.1783449,0.036212325,0.56371427,0.40007338
15/7/24,0.08436955,0.44608262,0.4695478,0.071490996,0.20429458,0.72421443
15/8/23,0.008839117,0.9376058,0.053555083,0.009347075,0.9255993,0.06505362
15/8/24,0.06728766,0.016104242,0.91660815,0.061910003,0.014741439,0.9233486
15/9/23,0.022340455,0.8213180533333334,0.1563415016666667,0.027623866666666663,0.6876294266666667,0.28474671300000004
16/1/24,0.055498376,0.09620873,0.8482929,0.040988155,0.09245321,0.8665586
16/10/23,0.04560817,0.69876295,0.2556289,0.04332784,0.66506004,0.29161212
16/11/20,0.032269247,0.07314062,0.8945902,0.026831845,0.045944527,0.9272236
16/11/21,0.0245360265,0.68838988,0.287074097,0.02707692,0.57568051,0.3972425225
16/11/22,0.1262393345,0.4774232225,0.39633746999999997,0.05744594,0.43835726399999997,0.504196785
16/11/23,0.38291254249999995,0.49072096249999997,0.1263664555,0.413262064,0.484208732,0.10252921000000001
16/12/19,0.12281448,0.74735534,0.12983012,0.099322386,0.6803192,0.22035834
16/12/21,0.049866706000000004,0.024863016,0.92527023,0.052641645,0.0287567915,0.9186016
16/12/22,0.0100578135,0.941099575,0.048842634999999995,0.010779427000000001,0.9442591499999999,0.044961373
16/12/23,0.022341661,0.91781026,0.059848145,0.014766962,0.9384448,0.04678812
16/2/21,0.13255395,0.019203449,0.84824264,0.12042798,0.018253885,0.8613181
16/2/23,0.120222646,0.7839743800000001,0.0958029965,0.0288087495,0.9080175749999999,0.063173681
16/2/24,0.013143101,0.9188972,0.0679597,0.013761978,0.9104305,0.07580764
16/3/21,0.235371665,0.443759554,0.320868805,0.181864561,0.464341015,0.35379442
16/3/24,0.05276031,0.85930216,0.087937586,0.0442212,0.88048965,0.07528916
16/4/20,0.04404376,0.077652514,0.87830377,0.034750137,0.04638345,0.9188664
16/4/21,0.1410557775,0.20748582,0.6514583199999999,0.0936368915,0.175452245,0.73091093
16/4/24,0.0652713465,0.6316221766666666,0.3031064623333333,0.03688386266666667,0.7056652333333333,0.25745093933333335
16/5/22,0.022572411,0.4081536,0.569274,0.021700501,0.3025384,0.67576104
16/5/23,0.46680133333333335,0.03689223066666667,0.49630643999999996,0.24603060333333335,0.2700898503333333,0.4838795333333333
16/5/24,0.01747175,0.90148836,0.08103988,0.022756878,0.8336921,0.143551
16/6/21,0.54817514,0.2954008095,0.1564239935,0.47430824699999996,0.23930026899999998,0.2863915025
16/6/22,0.040422942,0.032534707,0.92704237,0.02753551,0.041216217,0.93124825
16/6/23,0.3408843,0.02799995,0.63111573,0.18643148,0.029683562,0.78388494
16/7/21,0.2590599,0.0116163455,0.7293238,0.31420836,0.009614843,0.67617685
16/7/22,0.028461672,0.7634081,0.2081302,0.024487229,0.78294593,0.19256689
16/7/23,0.1419153,0.034566227,0.8235185,0.10243729,0.08204916,0.81551355
16/7/24,0.075925431,0.0738840545,0.850190535,0.06778277,0.035791735000000005,0.89642548
16/8/21,0.04194609,0.24605706,0.7119969,0.03347611,0.1809777,0.7855462
16/8/22,0.012959124,0.8228307,0.16421022,0.020046081,0.45336616,0.5265877
16/8/24,0.031450033,0.13203092,0.83651906,0.021443853,0.20303242,0.7755238
16/9/21,0.33739725,0.0124481605,0.65015459,0.209183195,0.0127457765,0.778071045
16/9/23,0.011442379666666667,0.9546946899999998,0.033862889,0.011784992333333333,0.9503914,0.03782362433333333
17/1/23,0.043086952,0.3698464925,0.587066575,0.054793553,0.26611206849999997,0.679094385
17/1/24,0.015487331,0.9175529,0.06695972,0.012354765,0.92929596,0.05834922
17/10/22,0.4939673,0.46423513,0.041797545,0.657348,0.29411295,0.048539046
17/10/23,0.0188863335,0.80397862,0.1771350515,0.0254474485,0.701249735,0.2733028065
17/11/20,0.034620214,0.020168222,0.9452116,0.05768041,0.01587106,0.9264485
17/11/21,0.014829703,0.9444564,0.040713865,0.024864325,0.8895225,0.085613236
17/11/22,0.013434359,0.82607295,0.1604926815,0.015081817,0.75838105,0.2265371985
17/11/23,0.010257065499999999,0.922005935,0.067737022,0.01095743025,0.93531415,0.0537284125
17/12/21,0.016776746,0.9444969,0.03872629,0.022667307,0.7731214,0.20421131
17/12/22,0.018373057,0.8517248150000001,0.129902105,0.022733178,0.73360465,0.24366216999999998
17/2/21,0.018686697,0.89356065,0.087752685,0.019098932,0.8973758,0.08352517
17/2/22,0.007728047,0.9736289,0.018643191,0.00807978,0.9725371,0.019383151
17/2/23,0.0625713675,0.78606531,0.151363335,0.046383671,0.70530925,0.24830705
17/2/24,0.07263473,0.06417223,0.863193,0.04369107,0.0722714,0.8840376
17/3/22,0.8937153,0.032009967,0.07427462,0.8462889,0.0644661,0.08924493
17/3/23,0.028510615,0.49233958,0.4791498,0.023549328,0.36977318,0.60667753
17/4/20,0.034410335,0.6481663,0.3174233,0.03543933,0.598448,0.36611268
17/4/22,0.080503404,0.03049705,0.8889996,0.03688627,0.049199518,0.91391414
17/4/23,0.03747251066666666,0.6480231366666667,0.31450433333333333,0.035286850333333335,0.63434749,0.3303657053333333
17/4/24,0.4691950735,0.4865063215,0.0442986325,0.45621797350000004,0.4790693685,0.064712693
17/5/20,0.09832206,0.30898148,0.5926964,0.08954482,0.14706232,0.76339287
17/5/21,0.2675895,0.43814534,0.29426515,0.19755754,0.14651485,0.65592766
17/5/22,0.16006898614999998,0.524631343,0.315299665,0.10964281899999999,0.5123136149999999,0.3780435065
17/5/23,0.061534107,0.08571307,0.8527528,0.041577216,0.09114335,0.86727947
17/5/24,0.14277703,0.71513593,0.14208709,0.10990032,0.70168006,0.18841963
17/6/21,0.45306477,0.018191295,0.528744,0.18960944,0.016351018,0.7940395
17/6/22,0.0267376865,0.695313665,0.277948627,0.0227410735,0.78943132,0.18782760799999998
17/6/23,0.5750068,0.0746063,0.35038695,0.5004687,0.052513644,0.4470176
17/7/23,0.4973470266666667,0.37666875333333333,0.12598419333333336,0.4829751009999999,0.3387313766666667,0.1782935
17/7/24,0.01679305,0.7714317500000001,0.211775155,0.019932526,0.652691075,0.32737639500000004
17/8/20,0.078565426,0.031102944,0.89033157,0.045442242,0.052554,0.90200377
17/8/21,0.0200700555,0.78705658,0.192873408,0.0217909895,0.752097215,0.22611175
17/8/24,0.022758432,0.71363896,0.26360267,0.02882816,0.59185237,0.37931943
17/9/23,0.11771843,0.7720883,0.11019323,0.07506709,0.8082977,0.11663526
18/1/22,0.45917192,0.4328883,0.107939854,0.6293006,0.0829572,0.28774217
18/1/23,0.27251744,0.020141127,0.70734143,0.20572676,0.019480158,0.7747931
18/10/23,0.11964694,0.82738006,0.052972954,0.19595371,0.6891492,0.114897095
18/11/19,0.032957483,0.071304016,0.8957385,0.026670143,0.04076406,0.93256575
18/11/20,0.70318997,0.014707086,0.28210288,0.41361365,0.021688173,0.56469816
18/11/21,0.33946564,0.0140814885,0.646452865,0.285340015,0.013795826,0.700864185
18/11/23,0.0377876425,0.48610940199999997,0.476102943,0.0276200535,0.486992945,0.4853869265
18/12/23,0.018559167,0.89198434,0.08945653,0.022065163,0.7806239,0.19731095
18/2/22,0.011653665,0.86380803,0.124538259,0.01442889525,0.8584723750000001,0.127098675
18/3/21,0.033424623,0.29264125,0.67393416,0.029067423,0.14350906,0.8274235
18/3/22,0.086429514,0.049903322,0.86366725,0.061546627,0.028138645,0.9103147
18/3/24,0.11083472600000001,0.4992386475,0.389926659,0.048413178,0.48217978,0.4694070575
18/4/22,0.151470869,0.4292942225,0.41923491,0.11718680100000001,0.300231331,0.5825819299999999
18/4/24,0.53538299,0.059322447,0.405294633,0.457491055,0.116587235,0.425921745
18/5/20,0.0334085665,0.6982531,0.268338335,0.042718478500000004,0.53441388,0.42286761000000006
18/5/21,0.11458151,0.7117162,0.1737023,0.043552015,0.89732975,0.059118252
18/5/24,0.008503538,0.9659611,0.025535388,0.009615363,0.95999795,0.030386792
18/6/22,0.010540046,0.9687442,0.020715699,0.012634468,0.9614263,0.025939256
18/6/24,0.017779417,0.95776623,0.024454383,0.028792784,0.92205995,0.0491472
18/7/23,0.06421338,0.03180218,0.9039845,0.06522193,0.03172435,0.90305376
18/7/24,0.048684279,0.46080454800000004,0.49051119,0.0496436645,0.40915703400000003,0.541199295
18/8/20,0.01689709,0.8412607,0.14184223,0.01850024,0.67612886,0.30537084
18/8/21,0.044267673,0.017828153,0.9379041,0.031179497,0.022348182,0.94647235
18/8/22,0.06576733,0.038217463,0.89601517,0.07172475,0.021053813,0.9072215
18/8/23,0.036382735,0.54400712,0.41961017500000003,0.0306582875,0.525589175,0.443752568
18/9/20,0.0108841425,0.9409335,0.048182387,0.016063608,0.9039332,0.080003224
18/9/23,0.14582992,0.7999314,0.054238632,0.11081855,0.7857032,0.1034783
18/9/24,0.5914934,0.015623663,0.39288294,0.5895493,0.019574935,0.39087576
19/1/21,0.25849336,0.008006959,0.73349965,0.26386374,0.008988674,0.7271476
19/10/20,0.14385691,0.0119755315,0.8441676,0.182622,0.014187619,0.8031903
19/10/22,0.3246025,0.61815983,0.05723766,0.6185027,0.3057137,0.075783655
19/10/23,0.0602811705,0.7979448,0.14177400799999998,0.0839619325,0.80509195,0.11094615199999999
19/11/23,0.07918283,0.3048919,0.61592525,0.08450681,0.23807146,0.67742175
19/12/19,0.08859941,0.3066879,0.60471267,0.064932175,0.094993934,0.8400739
19/12/20,0.115391314,0.015946617,0.86866206,0.12092257,0.01349186,0.86558557
19/12/22,0.02670373433333333,0.5021050893333333,0.4711911866666667,0.020522657666666666,0.52624426,0.45323307333333335
19/2/21,0.7017856,0.25404426,0.044170108,0.089387946,0.8683408,0.042271346
19/2/24,0.3130040865,0.48957032699999997,0.1974256,0.2383653735,0.489314973,0.2723197
19/3/20,0.09593188133333334,0.5834751566666666,0.3205929566666667,0.06276396066666667,0.45810666666666666,0.47912938899999996
19/4/21,0.033758573,0.621601,0.3446404,0.019753046,0.7567327,0.22351432
19/4/22,0.14044650574999998,0.497321387,0.3622321015,0.08940841249999999,0.4931429815,0.41744866550000004
19/4/23,0.11247767,0.58159226,0.30593002,0.06225832,0.3917607,0.54598093
19/4/24,0.2007964025,0.50180587,0.297397742,0.205200356,0.503697885,0.29110173
19/5/21,0.0552147665,0.521486525,0.423298674,0.0511384985,0.511230705,0.437630801
19/5/22,0.016018919,0.862966785,0.1210143,0.017571399,0.862050145,0.12037843200000001
19/5/23,0.04841554,0.11271423,0.83887017,0.042140286,0.07472857,0.8831311
19/6/21,0.011200562,0.96948785,0.019311612,0.014500147,0.9635195,0.021980412
19/7/23,0.4111272,0.055351667,0.5335211,0.34886542,0.041429684,0.6097049
19/7/24,0.012192171,0.9517766,0.03603124,0.014679029,0.9410104,0.044310577
19/8/22,0.04608685,0.031818043,0.9220951,0.035391282,0.02951804,0.9350907
19/9/23,0.38882747,0.48991078,0.12126174,0.45747802,0.33171695,0.21080501
2/1/24,0.90477216,0.055428267,0.039799526,0.8858091,0.053105377,0.061085466
2/10/19,0.021738004,0.5276928,0.45056924,0.019117592,0.42285767,0.5580247
2/10/21,0.017852645,0.91961837,0.06252894,0.011567743,0.9564304,0.03200182
2/10/23,0.017885747,0.8534352999999999,0.128678985,0.02127926,0.7647967,0.2139240265
2/11/19,0.04378782,0.7621422,0.19407001,0.028618198,0.8151736,0.15620811
2/11/21,0.32171534333333335,0.017878975000000002,0.66040567,0.25011669166666667,0.016513514,0.7333697933333333
2/11/22,0.043224313800000004,0.648609065,0.308166672,0.0390644977,0.603812765,0.35712275
2/11/23,0.014159089,0.9059666,0.07987435,0.017960798,0.8879743,0.09406494
2/12/20,0.060311764,0.060063194,0.8796251,0.08774707,0.04210324,0.87014973
2/12/22,0.082963906,0.017784892,0.89925116,0.070154615,0.016967675,0.91287774
2/2/21,0.053869810500000004,0.4840106755,0.4621195245,0.0396141225,0.47984232800000004,0.48054356175
2/2/22,0.5201252633333333,0.13888254933333333,0.340992149,0.43695428266666675,0.19266475333333333,0.370380972
2/2/24,0.927856,0.019102842,0.053041127,0.91723114,0.018478787,0.06429006
2/3/20,0.059984628,0.031481896,0.9085335,0.061784867,0.023772,0.9144432
2/3/21,0.6258869,0.020628676,0.35348445,0.69266045,0.014631335,0.2927082
2/3/22,0.121247695,0.0128295915,0.8659227,0.0842863395,0.0148236155,0.90089008
2/3/23,0.07204013,0.26615986,0.6618,0.05430817,0.18478803,0.7609038
2/3/24,0.072777477,0.17049092500000002,0.756731625,0.0484998395,0.10752668500000001,0.84397352
2/4/20,0.007552511,0.974778,0.01766949,0.008203275,0.97373307,0.018063745
2/4/21,0.9476408,0.023259362,0.02909989,0.9183911,0.022018963,0.059589956
2/4/24,0.007593776,0.9749342,0.017471956,0.0076384516,0.97276556,0.019595923
2/5/20,0.0075521977,0.9673458,0.025101952,0.00841559,0.9621393,0.029445047
2/5/21,0.6052469,0.011857789,0.38289526,0.47189558,0.011597809,0.51650655
2/5/22,0.062182907,0.8295482,0.10826887,0.18338421,0.4437528,0.372863
2/5/24,0.026249286,0.8508223,0.12292827,0.031817548,0.80699134,0.16119106
2/6/20,0.014876775,0.8823769,0.10274637,0.033418547,0.10291782,0.8636637
2/6/21,0.233002597,0.18263131500000002,0.584366025,0.259331245,0.117340423,0.6233283199999999
2/6/22,0.0210987515,0.385222999,0.59367825,0.0188239,0.38170059,0.5994755199999999
2/7/20,0.015512220666666666,0.6565552093333333,0.3279326003333333,0.0134202334,0.6384843233333334,0.34809540666666666
2/7/21,0.123179756,0.84563994,0.031180268,0.08935817,0.87344867,0.037193093
2/7/23,0.06835651,0.7002203,0.23142318,0.052373186,0.66099644,0.28663036
2/7/24,0.09857687866666666,0.8282616666666667,0.073161468,0.194077315,0.6672695033333333,0.138653151
2/8/22,0.035368826,0.6115048,0.35312638,0.03480327,0.45620197,0.50899476
2/8/24,0.02422994666666667,0.8935940933333333,0.08217593466666667,0.028157552333333336,0.8555058666666667,0.11633659333333335
2/9/20,0.03986377,0.46832484,0.49181136,0.04422186,0.053903125,0.90187496
2/9/21,0.025017260100000004,0.7153568633333333,0.25962586866666665,0.021249770133333335,0.7446234533333334,0.23412678
20/1/21,0.031143995,0.03555637,0.9332996,0.025106074,0.035528727,0.93936515
20/1/24,0.85312456,0.07945048,0.06742498,0.8350616,0.07788284,0.087055504
20/10/22,0.024738886999999998,0.95516443,0.020096711,0.0980040595,0.8568610999999999,0.045134849000000005
20/11/20,0.9322727,0.010034586,0.057692748,0.9176547,0.010313209,0.07203211
20/11/21,0.01820425,0.8402964,0.14149946,0.012331489,0.8708833,0.11678524
20/11/23,0.0165822775,0.8461895349999999,0.1372282,0.016560922999999998,0.80741235,0.17602671
20/12/21,0.007585392200000001,0.97111328,0.021301291,0.00777327685,0.97140948,0.020817210000000003
20/12/22,0.05914655,0.3621474,0.5787061,0.08846761,0.111413226,0.80011916
20/12/23,0.018836351,0.8805152,0.10064837,0.015831245,0.8836531,0.10051568
20/2/21,0.090796016,0.32528946,0.5839145,0.057287794,0.06255677,0.8801554
20/2/24,0.13639064,0.07578099,0.7878283,0.09986851,0.10416124,0.79597026
20/3/20,0.01191447075,0.8817829500000001,0.106302545,0.0120523263,0.825251575,0.16269612
20/3/21,0.12246358,0.055161558,0.8223748,0.05096359,0.12190818,0.82712823
20/3/23,0.0378921,0.92173177,0.040376168,0.048821587,0.899943,0.051235385
20/3/24,0.116047515,0.53669695,0.347255575,0.07034107,0.36599705,0.56366186
20/4/21,0.11462196,0.137208525,0.7481694750000001,0.08375186800000001,0.11969786800000001,0.7965503
20/4/22,0.2279450685,0.461161903,0.310893025,0.1032742585,0.46871956950000004,0.42800616999999996
20/4/23,0.08431970450000001,0.31030715000000003,0.60537314275,0.035769881749999996,0.34494306150000004,0.6192870567500001
20/4/24,0.671485435,0.018443163,0.310071407,0.5900540000000001,0.0195920225,0.39035397499999996
20/5/20,0.08316229,0.1689457415,0.747892015,0.075291755,0.236656346,0.68805186
20/5/21,0.717700175,0.0149247245,0.267375015,0.52627488,0.0135375815,0.460187515
20/5/22,0.09472062,0.22895189500000002,0.67632745,0.07232801999999999,0.20817588,0.7194960800000001
20/7/20,0.071081677,0.3693861923333333,0.55953214,0.07671897583333333,0.3563338946666667,0.566947161
20/7/23,0.42660128666666663,0.515359788,0.05803892766666666,0.63897031,0.3023331593333333,0.058696536333333334
20/7/24,0.068199172,0.35601589,0.57578495,0.047137428,0.237392467,0.715470105
20/8/21,0.1149812445,0.4802509445,0.40476777,0.20145738100000002,0.48512310399999997,0.31341953699999997
20/8/24,0.37859306,0.09828063000000001,0.5231263500000001,0.31480351500000003,0.10679495,0.578401525
20/9/22,0.065818205,0.050076794,0.884105,0.04277494,0.041801557,0.9154235
20/9/23,0.0202825675,0.94531563,0.034401778,0.018454850000000002,0.941729975,0.0398151965
21/1/22,0.06669142,0.62598115,0.30732745,0.07133667,0.25799313,0.6706703
21/1/23,0.028924478,0.61790675,0.35316885,0.027738843,0.2637949,0.70846623
21/10/21,0.95096403,0.025105175,0.023930779,0.942032,0.019526748,0.038441326
21/11/19,0.0862056325,0.22063614,0.69315823,0.042747995,0.1224770185,0.834774985
21/12/20,0.043830949,0.74061955,0.215549461,0.0955272725,0.546944435,0.35752825499999996
21/12/22,0.04327119766666667,0.26306903333333337,0.69365979,0.03216694433333333,0.25222710833333334,0.7156059300000001
21/2/24,0.21164747,0.013807379,0.7745452,0.1374849,0.012198715,0.8503164
21/4/21,0.4276212,0.010328787,0.56205004,0.3091251,0.010052228,0.6808227
21/4/22,0.17525132575000002,0.383156503125,0.4415922075,0.10112174325,0.3512246515,0.5476536085
21/5/22,0.09591733,0.47782174,0.426261,0.07521587,0.09381473,0.8309694
21/5/24,0.019125948,0.76737297,0.21350107,0.028513895,0.5782096,0.39327645
21/6/22,0.043620889999999996,0.467509945,0.48886917500000004,0.037930585,0.5441262450000001,0.41794325
21/6/23,0.7040947,0.0300798,0.26582545,0.6639677,0.021610519,0.31442168
21/6/24,0.17605984,0.010244071,0.8136961,0.12077578,0.009673033,0.8695512
21/7/22,0.37402201100000004,0.4480052783333333,0.1779727223333333,0.3752273036666667,0.492984866,0.13178781866666667
21/8/21,0.65919554,0.1885378,0.15226667,0.15822482,0.6477707,0.19400446
21/8/24,0.009892401,0.9605191,0.029588595,0.012145327,0.9531045,0.034750283
21/9/20,0.051000566750000004,0.4511354575,0.49786398499999995,0.04327465275,0.43159812000000003,0.52512722
22/1/20,0.07078728449999999,0.48029374924999996,0.448918965,0.08602040300000001,0.4745119445,0.4394676515
22/1/24,0.016902082,0.86795205,0.115145855,0.025567735,0.7726308,0.20180148
22/10/20,0.12926917500000001,0.025691184000000002,0.8450396499999999,0.156552418,0.0138041945,0.8296434
22/10/21,0.019963507,0.883189,0.09684747,0.019356176,0.86771655,0.11292729
22/10/22,0.57882707,0.355638593,0.065534329,0.530766505,0.37486895200000003,0.094364545
22/11/19,0.40099382,0.011380956,0.58762527,0.2445148,0.0105686,0.7449166
22/11/22,0.010753054,0.89924985,0.089997195,0.01129129,0.87598,0.1127287
22/11/23,0.013015329,0.95816666,0.02881808,0.0108894585,0.95882004,0.030290456
22/12/20,0.3380648375,0.18749745150000002,0.47443767,0.164492088,0.129555633,0.70595232
22/12/21,0.1564964125,0.3718489615,0.471654605,0.092801933,0.3734216425,0.533776405
22/12/22,0.0160336885,0.917111635,0.0668547195,0.0173295693,0.8752378350000001,0.107432692
22/12/23,0.18244239750000002,0.6033929149999999,0.214164685,0.19134306350000002,0.52263948,0.28601746
22/2/21,0.12555125,0.033202644,0.84124607,0.14361165,0.022624588,0.8337638
22/2/22,0.015601887,0.89740336,0.08699472,0.017632207,0.8838438,0.098524064
22/2/23,0.623323055,0.190683647,0.18599331,0.5669866299999999,0.2253062355,0.20770714499999998
22/2/24,0.04576993,0.8931469,0.06108317,0.024850948,0.9329034,0.04224558
22/3/21,0.033445645,0.22910291,0.73745143,0.023815008,0.101233065,0.87495196
22/3/22,0.41955344,0.010089306999999999,0.5703573,0.34181706,0.009952563,0.64823035
22/4/21,0.12300253,0.023509037,0.8534884,0.17710714,0.01741403,0.8054789
22/4/22,0.009457707,0.92197937,0.068562865,0.0090395715,0.9159806,0.07497979
22/4/24,0.009476639,0.9571665,0.033356864,0.010490641,0.9340853,0.055424076
22/5/20,0.035876315,0.29083812,0.67328554,0.029732041,0.15657884,0.8136891
22/6/20,0.018835885,0.7286842,0.25247988,0.022277137,0.5933087,0.38441405
22/6/22,0.0418699755,0.43821484899999996,0.519915185,0.0267813935,0.414883712,0.5583348850000001
22/6/23,0.69341296,0.009957768,0.29662922,0.56861013,0.012135683,0.41925415
22/7/20,0.048160430000000004,0.45788997,0.4939496,0.06798073199999999,0.1992920935,0.732727175
22/7/21,0.1261039404,0.0205130546,0.8533830099999999,0.1114152428,0.023560511200000002,0.8650242260000001
22/7/22,0.008004647,0.97137445,0.020620875,0.0087700775,0.96988374,0.02134621
22/7/24,0.229759685,0.126809299,0.64343102,0.274805635,0.043346813000000005,0.68184753
22/8/21,0.03059027,0.3784904,0.5909194,0.03140226,0.44235477,0.526243
22/8/24,0.06618472,0.7634336,0.1703817,0.08919208,0.7249676,0.1858404
22/9/20,0.03186906,0.028356561,0.93977433,0.030382179,0.023275869,0.946342
22/9/22,0.27561238,0.010192882,0.7141947,0.30223542,0.00922034,0.6885442
22/9/23,0.040127331,0.453603735,0.50626895,0.064605208,0.40243887500000003,0.532955925
23/1/20,0.313633561,0.5961960803333334,0.09017039033333334,0.282762412,0.5723981713333334,0.14483940333333334
23/1/21,0.007017348,0.97142845,0.02155421,0.00704817,0.96922886,0.023723004
23/1/23,0.7360029,0.007047135,0.25694993,0.68147755,0.00755954,0.31096292
23/1/24,0.08872837,0.5932459,0.31802568,0.06935436,0.65068537,0.27996022
23/10/23,0.077063907,0.74907418,0.173861855,0.08894175200000001,0.581478165,0.329580055
23/11/21,0.24628311,0.010944866,0.74277204,0.20592198,0.011040847,0.78303725
23/11/22,0.024780039,0.33801207,0.63720787,0.021025745,0.2752049,0.7037694
23/12/20,0.022557959,0.8630938,0.11434827,0.024929855,0.8131953,0.16187482
23/12/21,0.09540518533333332,0.46049169233333337,0.4441031066666667,0.10745484066666668,0.4547085606666667,0.43783657
23/12/22,0.037507076,0.61221164,0.35028127,0.03187861,0.6428448,0.3252766
23/2/22,0.5047836,0.009709506,0.48550695,0.348702,0.009941461,0.6413565
23/2/23,0.9468376,0.016341502,0.03682095,0.93617696,0.016700596,0.047122397
23/3/20,0.020860545,0.91439426,0.064745165,0.026636707,0.8522779,0.12108543
23/3/21,0.020812758,0.5528122799999999,0.42637497500000004,0.019940592,0.548139285,0.43192016
23/3/22,0.011154729,0.9641717,0.024673596,0.012043806,0.96226525,0.025690852
23/3/24,0.096419954,0.32699693,0.576583115,0.064869219,0.46831557999999995,0.466815175
23/4/20,0.040899992,0.05334283,0.90575725,0.033499893,0.058229227,0.90827084
23/4/21,0.16643265,0.14276169,0.6908057,0.14288314,0.052590407,0.8045265
23/4/24,0.011931786,0.9418688799999999,0.04619932,0.01062259825,0.938993235,0.050384151
23/5/20,0.027166607,0.27721503,0.6956184,0.023686662,0.19289461,0.7834187
23/5/21,0.06151556,0.20870611,0.72977835,0.044067327,0.068498135,0.88743454
23/5/24,0.93956506,0.025858054,0.034576915,0.9262221,0.021100316,0.052677672
23/6/21,0.013617342,0.9377691,0.04861354,0.028585708,0.8532505,0.11816376
23/7/20,0.2566445273333333,0.6426968776666667,0.10065856333333334,0.058898205333333335,0.6464575826666666,0.2946441833333333
23/7/22,0.044932347,0.69596696,0.2591007,0.040320836,0.45282635,0.5068528
23/7/24,0.10604939000000001,0.1464618675,0.7474888,0.1174408165,0.07777238,0.8047868
23/8/20,0.1664185,0.010105319,0.8234762,0.19469936,0.009283255,0.7960174
23/8/22,0.038174435,0.9057624,0.05606313,0.02271646,0.9258188,0.05146472
23/8/24,0.14871104,0.05334467,0.7979443,0.12898187,0.03523045,0.8357877
23/9/20,0.82099595,0.0115158125,0.167488185,0.65282475,0.0128047285,0.334370535
23/9/24,0.13748148,0.029983316,0.8325352,0.102310635,0.04956231,0.8481271
24/1/20,0.02249631,0.6145254,0.36297837,0.024496509,0.45803076,0.51747274
24/1/23,0.06649939,0.43459752,0.49890313,0.06343771,0.24450739,0.6920549
24/1/24,0.9413498,0.024340034,0.034310155,0.8698074,0.021495914,0.10869664
24/10/19,0.026685002333333332,0.5939056066666667,0.37940938566666665,0.028758892666666664,0.46294564000000005,0.5082954353333333
24/10/23,0.04676300633333333,0.6289658316666666,0.32427121766666667,0.12533596466666666,0.4716743393333333,0.40298962899999996
24/11/20,0.18735246,0.020621112,0.79202646,0.17667794,0.017821055,0.805501
24/11/21,0.11741389,0.051265366,0.8313207,0.122863956,0.029190619,0.84794545
24/12/19,0.7129120499999999,0.0670014325,0.22008644,0.5805760799999999,0.0332385985,0.386185315
24/12/21,0.023642136,0.6645648,0.31179303,0.03390509,0.58125377,0.38484108
24/3/21,0.22977565333333336,0.25561119400000004,0.5146131633333333,0.18366127799999998,0.27799567666666664,0.53834306
24/3/22,0.386106746,0.09049064200000001,0.52340262,0.298972297,0.172557785,0.528469945
24/3/23,0.9127439,0.014871912,0.072384104,0.73532575,0.02055782,0.24411644
24/4/24,0.024478897,0.8893625000000001,0.0861586645,0.024387239999999998,0.85424368,0.1213691535
24/5/21,0.030761791,0.45357902899999997,0.5156591819999999,0.0220777628,0.4001847326666666,0.5777375393333334
24/5/23,0.06269834,0.018776018,0.91852564,0.057013694,0.019813903,0.92317235
24/5/24,0.014537593,0.83670884,0.14875354,0.020519353,0.65270877,0.3267718
24/6/20,0.039642245,0.061217554,0.89914024,0.025425302,0.08680918,0.88776547
24/6/24,0.01853803,0.9314829,0.049979035,0.020805018,0.9303892,0.04880575
24/7/23,0.08787924,0.02498489,0.8871359,0.075178556,0.024749804,0.9000716
24/7/24,0.025447737733333333,0.8716326233333334,0.10291967333333334,0.020618004,0.8660530433333333,0.11332892733333333
24/8/24,0.08488414,0.045384716,0.8697311,0.06963854,0.06343664,0.8669248
24/9/20,0.5515067,0.009427068,0.43906626,0.26167303,0.009423122,0.72890383
24/9/24,0.20695902,0.015781192,0.77725977,0.29579663,0.016142333,0.68806106
25/1/21,0.030032672,0.30521715,0.6647502,0.03018828,0.22439538,0.7454163
25/1/22,0.022993231,0.9529885,0.024018222,0.030697962,0.9312243,0.03807774
25/1/23,0.037162888,0.5578397033333333,0.4049973433333333,0.04546260666666666,0.4751787600000001,0.47935864
25/1/24,0.010260277,0.9735801,0.0161595935,0.010539106,0.9721092600000001,0.0173516375
25/10/21,0.90594023,0.010039566,0.08402016,0.8417166,0.00894418,0.14933933
25/10/22,0.47958710425,0.498731857,0.021681015999999997,0.4794454755,0.495924339,0.0246301515
25/10/23,0.10338683,0.0506822,0.84593093,0.22316414,0.07158923,0.7052466
25/11/19,0.058569856,0.05690911,0.884521,0.050665498,0.023094188,0.92624027
25/11/21,0.059436327,0.0208520025,0.91971165,0.058874153,0.017131425,0.92399435
25/2/21,0.19931538033333332,0.024401261666666663,0.7762833766666667,0.11195970566666667,0.023434038,0.8646063
25/3/24,0.07742265,0.4191642,0.50341314,0.0816267,0.14700389,0.77136946
25/4/22,0.06880972666666667,0.2045577593333333,0.7266324966666667,0.06503051133333333,0.12588060333333334,0.8090888533333334
25/4/24,0.2018923,0.486304058,0.311803659,0.126384468,0.484951269,0.38866424499999996
25/5/21,0.09416032,0.012473204,0.8933665,0.04989652,0.014098315,0.9360051
25/5/22,0.7166802,0.012166518,0.27115324,0.27910373,0.013613479,0.7072828
25/5/24,0.032386668,0.26971656,0.69789684,0.04039575,0.057782017,0.90182227
25/6/22,0.023111014,0.84709346,0.12979557,0.026087807,0.5765169,0.39739522
25/6/24,0.010011388,0.97065824,0.019330397,0.009556534,0.963298,0.027145505
25/7/22,0.9487238,0.022465227,0.028811,0.9452908,0.022122566,0.032586563
25/7/23,0.178873856,0.233999655,0.5871265,0.2163479475,0.080939329,0.70271273
25/7/24,0.044929899100000004,0.6339306433333334,0.321139496,0.054484516866666666,0.6185799613333334,0.326935494
25/8/23,0.08703100500000001,0.44164508500000005,0.4713239325,0.038544722000000003,0.458167185,0.50328811
25/9/20,0.0385264125,0.1312307915,0.83024283,0.0334515815,0.050143146,0.916405285
26/1/21,0.20078445,0.210853469,0.5883620266666667,0.195630944,0.12992986666666667,0.6744392533333333
26/1/22,0.028550901500000003,0.9147768000000001,0.05667239,0.026963841,0.9181893,0.0548468795
26/1/23,0.32982420166666665,0.3674615063333333,0.302714276,0.32891583799999996,0.3701836856666667,0.3009004693333333
26/10/19,0.04144585,0.0652531,0.89330107,0.044402476,0.054243553,0.9013539
26/10/21,0.1323657,0.035846222,0.8317881,0.26283064,0.020450661,0.71671873
26/10/22,0.028441648,0.42013044650000003,0.5514279,0.027178334999999998,0.4021582265,0.5706635
26/10/23,0.419120103,0.1224169835,0.45846293400000004,0.34684522500000003,0.184464861,0.468689957
26/11/19,0.018030083,0.7008198,0.28115013,0.016061932,0.6908405,0.29309762
26/12/19,0.040380877499999995,0.3577144085,0.60190475,0.0378210945,0.23084195200000002,0.73133698
26/12/20,0.11929075,0.73548263,0.14522672,0.12209222,0.6064432,0.2714646
26/12/23,0.060183299,0.401866495,0.5379502300000001,0.0543514545,0.30885484,0.6367936999999999
26/2/20,0.0333183925,0.656010345,0.3106712275,0.025055731,0.72940207,0.2455422285
26/3/21,0.049727827,0.467369937,0.482902245,0.056123336999999995,0.47319632,0.470680356
26/3/23,0.069838956,0.030237347,0.8999237,0.054828558,0.029387182,0.9157843
26/4/21,0.15016896,0.40284193,0.44698906,0.07211528,0.14023048,0.7876542
26/4/22,0.15637672875,0.1100756775,0.73354759,0.181592079,0.092459074,0.7259488625
26/4/24,0.4181988595,0.487021822,0.09477933499999999,0.32256271,0.5255207,0.151916595
26/5/21,0.62900186,0.014659529,0.3563386,0.79518086,0.011165389,0.19365369
26/5/22,0.3479885695,0.4498842485,0.20212717200000002,0.2963350395,0.462010893,0.24165407
26/5/23,0.03136792,0.9435097,0.025122302,0.024864512,0.95159924,0.023536257
26/6/20,0.40229818,0.008885888,0.588816,0.17223182,0.008929451,0.8188387
26/6/24,0.43498254,0.012594499,0.552423,0.31064007,0.01289201,0.6764679
26/7/21,0.024198936,0.8852752,0.090525955,0.028855197,0.81687963,0.15426515
26/7/22,0.4219851275,0.4912126055,0.08680224099999999,0.3707074065,0.4907644535,0.138528124
26/7/23,0.65235233,0.016511826,0.33113575,0.481053,0.015533194,0.50341374
26/7/24,0.01296008,0.89697576,0.09006417,0.01698378,0.84491,0.13810617
26/8/20,0.032281183,0.059898395,0.90782046,0.02986348,0.03683796,0.9332986
26/8/22,0.12936852100000001,0.210151695,0.6604798000000001,0.109733303,0.074788596,0.8154781
26/8/23,0.5394057,0.21439902,0.24619527,0.086625844,0.53636897,0.37700516
26/8/24,0.040821064,0.9004734,0.0587055,0.05227744,0.8727577,0.074964896
26/9/22,0.11662631,0.026454246,0.8569194,0.13964584,0.021389702,0.8389645
26/9/23,0.057586594000000005,0.7268587799999999,0.21555464,0.04999127,0.6603197,0.289688984
27/1/21,0.4297475,0.025643254,0.54460925,0.1036597,0.018598946,0.87774134
27/1/22,0.483783741,0.320352655,0.1958636465,0.4720003545,0.26937592175,0.258623731
27/1/24,0.64027715,0.06417418,0.2955487,0.37544608,0.044367634,0.58018625
27/10/20,0.6197996,0.009757583,0.37044278,0.5282117,0.011647275,0.46014103
27/10/22,0.105433893,0.35414887866666667,0.5404172293333334,0.07616250433333334,0.3444942,0.5793432883333334
27/10/23,0.12483464075,0.558034951,0.317130445,0.11234307425000001,0.5243293925,0.3633275435
27/11/19,0.044637967,0.09909238,0.8562696,0.03137455,0.066339575,0.90228593
27/12/23,0.024971487,0.865406,0.10962252,0.042301595,0.6864135,0.27128488
27/2/23,0.011517929,0.94103205,0.047450002,0.022182891,0.8099734,0.16784376
27/3/20,0.20594345,0.029954677,0.76410186,0.18824837,0.020451088,0.79130054
27/4/20,0.0218498995,0.9160638249999999,0.062086285000000005,0.047570830499999994,0.65953947,0.2928897265
27/4/21,0.5863476599999999,0.375384728,0.038267605,0.802068565,0.10912559999999999,0.0888058315
27/4/22,0.24315651213333334,0.40362163766666664,0.3532218853333333,0.11806363583333333,0.42059203683333335,0.46134433066666664
27/4/23,0.0200403,0.7133475,0.26661214,0.018329421,0.76840144,0.21326905
27/4/24,0.05578968,0.31205833,0.632152,0.04617584,0.33317664,0.62064755
27/5/20,0.0647599855,0.032116623,0.903123345,0.0493739245,0.0353960695,0.91523002
27/5/21,0.011047801,0.97110015,0.017851984,0.009769819,0.9728065,0.017423611
27/5/24,0.88793916,0.010938276,0.101122536,0.83613193,0.01097514,0.15289293
27/6/20,0.021884741,0.7237237,0.2543915,0.026058342,0.6122946,0.36164695
27/6/22,0.21628514499999998,0.119014415,0.6647004299999999,0.227352978,0.08985625250000001,0.682790715
27/6/23,0.307297722,0.461323145,0.231379115,0.13238634999999999,0.24509564250000002,0.622518035
27/7/20,0.09114997999999999,0.19293318550000002,0.715916815,0.0698245055,0.11017834800000001,0.819997125
27/7/21,0.481985465,0.470907135,0.0471073835,0.4690925,0.45183162600000004,0.079075836
27/7/22,0.007109788,0.96817267,0.024717495,0.007013914,0.9664951,0.026490964
27/7/23,0.022725184,0.9473849,0.02988987,0.018871153,0.95010823,0.031020684
27/8/20,0.12325518,0.01964109,0.85710377,0.0852792,0.018336376,0.89638436
27/8/21,0.8821528,0.0074285134,0.11041864,0.712929,0.00969883,0.27737218
27/8/24,0.041113056,0.12500028,0.8338867,0.039540634,0.066128194,0.89433116
27/9/20,0.01723361,0.94801,0.034756374,0.03208541,0.77542645,0.19248816
27/9/21,0.050676788,0.49548057,0.45384266749999996,0.0665677415,0.4889404415,0.444491839
27/9/23,0.017578162,0.7096599,0.2727621,0.031825043,0.30007464,0.66810024
28/1/21,0.17281827,0.358946048,0.4682356525,0.16320183700000002,0.35306525,0.4837329215
28/1/22,0.848978765,0.11509741,0.0359238225,0.829894155,0.134315525,0.035790305999999994
28/10/22,0.02658439,0.355762438,0.6176531266666667,0.019051312666666667,0.44704408,0.5339046166666667
28/11/23,0.011213487,0.96190774,0.026878722,0.012493651,0.95750505,0.030001294
28/2/24,0.01611384625,0.82423335,0.15965274000000002,0.01383157,0.88985107,0.09631737
28/4/21,0.035631443,0.4877728505,0.4765957375,0.0288514425,0.4907018235,0.4804467565
28/4/22,0.13185413475,0.6037944310000001,0.26435143125,0.14985945875,0.48918083749999997,0.36095973375
28/5/22,0.032495797,0.22954775,0.73795646,0.023566958,0.06541777,0.91101533
28/6/21,0.04362233,0.22287098,0.7335067,0.042986542,0.19050625,0.76650727
28/6/23,0.6169207,0.015682785,0.36739647,0.75951666,0.012497318,0.22798598
28/6/24,0.22822313,0.195239,0.5765379,0.17823842,0.38487116,0.43689036
28/8/23,0.03505814,0.051318903,0.9136229,0.04281088,0.023083694,0.93410546
28/9/20,0.15131901250000002,0.10585586,0.74282515,0.08866117000000001,0.08094923600000001,0.830389585
28/9/21,0.86481786,0.012931222,0.12225091,0.9065934,0.014431562,0.078975014
28/9/23,0.39738927150000003,0.48744386,0.115166942,0.3994280395,0.4799880205,0.120583981
29/1/20,0.456879515,0.055976396,0.487144075,0.298871073,0.059464380000000004,0.641664565
29/1/21,0.17309797,0.009850782,0.81705123,0.06939521,0.014465063,0.9161398
29/10/19,0.12935361,0.7428351,0.12781137,0.077687904,0.7816595,0.14065266
29/10/20,0.20321435,0.01948268,0.777303,0.082252674,0.021792317,0.89595497
29/10/21,0.31879744,0.01146116,0.66974139,0.369941055,0.011022595,0.6190363
29/10/22,0.028698882250000002,0.3608023325,0.61049877,0.026761188249999998,0.321174905,0.6520638525
29/10/23,0.17786011,0.77113235,0.051007587,0.2435232,0.68512595,0.071350835
29/11/22,0.019955551,0.9311084,0.048935995,0.020080253,0.9285722,0.051347546
29/11/23,0.048356894000000004,0.22299907616666667,0.7286440166666667,0.04240467566666667,0.23186682866666666,0.7257285033333334
29/12/22,0.10038084,0.014529285,0.8850898,0.07113717,0.015191498,0.9136713
29/2/24,0.01989640416666667,0.8455622100000001,0.134541428,0.029840231499999998,0.72241433,0.24774538333333332
29/3/21,0.017836064,0.9627316,0.019432278,0.0210391,0.9568101,0.022150788
29/3/24,0.3503705,0.52946836,0.120161094,0.15811342,0.72456306,0.11732348
29/4/20,0.02798364,0.056791645,0.9152247,0.020153979,0.09912351,0.8807225
29/4/21,0.047371423999999995,0.44271838399999996,0.509910205,0.057687417000000005,0.43670551950000003,0.505607055
29/4/22,0.09733499766666669,0.33611029433333334,0.5665547136666667,0.18852912333333335,0.33689522299999997,0.4745756433333333
29/4/24,0.8830784,0.011142178499999999,0.10577939,0.86548315,0.0126065855,0.12191024
29/5/20,0.051175777,0.3400780483333334,0.60874616,0.044025238,0.24649419633333336,0.7094805733333334
29/6/21,0.070519485,0.08680745,0.84267306,0.043465693,0.11437397,0.8421604
29/6/22,0.10673423,0.57631505,0.31695068,0.054182652,0.20190959,0.74390775
29/7/21,0.022115561000000002,0.81449065,0.1633937795,0.02344632,0.7969618300000001,0.179591895
29/7/22,0.80369055,0.017105507,0.1792039,0.41802362,0.025037412,0.55693907
29/7/23,0.07943237,0.030847102,0.8897205,0.057103135,0.021923875,0.920973
29/7/24,0.125246318,0.537827375,0.336926295,0.0993926825,0.43874003,0.46186728
29/8/22,0.7260419,0.009560329,0.26439774,0.2462407,0.010328718,0.7434306
29/8/23,0.037159237,0.4321889325,0.530651845,0.044048406,0.3213021575,0.63464941
29/8/24,0.092844886,0.045275262999999996,0.8618798000000001,0.06850102999999999,0.0277089525,0.90379003
29/9/23,0.012433891899999999,0.929281516,0.0582845928,0.014666879399999999,0.9065897359999999,0.0787433804
3/1/20,0.9388024,0.036226816,0.02497085,0.93549395,0.025973083,0.038532916
3/1/21,0.89639485,0.013480518,0.09012469,0.4034103,0.016791584,0.5797981
3/1/22,0.9507745,0.022120768,0.027104747,0.9419024,0.023604618,0.034493
3/1/23,0.027147543,0.8239532766666667,0.14889911633333333,0.03916937366666667,0.6776120333333333,0.283218607
3/1/24,0.01134447,0.9126847,0.07597078,0.0127366185,0.8896038,0.097659655
3/10/19,0.9304717,0.03336548,0.036162872,0.9119704,0.028645912,0.059383675
3/10/20,0.28604466,0.63430655,0.079648755,0.3344057,0.57874763,0.086846694
3/10/21,0.9578281,0.020957312,0.021214513,0.95109224,0.025075423,0.023832312
3/10/22,0.636961501,0.3383192396666666,0.024719254666666666,0.628596308,0.33831411833333336,0.03308956766666667
3/10/23,0.016925277,0.9428947,0.04018,0.03523051,0.87002355,0.09474598
3/11/20,0.1573297,0.013712518,0.82895774,0.098579265,0.013564018,0.8878567
3/11/23,0.086598314,0.026581647,0.88682,0.0665793,0.023333136,0.9100875
3/12/20,0.23801811,0.013482367,0.7484995,0.24420926,0.011161956,0.7446288
3/12/21,0.008133156,0.9733618,0.018505096,0.008462041,0.97026116,0.021276826
3/12/22,0.039368507,0.9206953,0.03993619,0.10738455,0.83400613,0.05860936
3/12/23,0.0701760745,0.0830440805,0.84677985,0.056413018999999995,0.035538148500000005,0.90804885
3/2/21,0.0307609325,0.43036014699999997,0.538878945,0.039373157,0.359772411,0.60085445
3/2/22,0.015994443,0.91776955,0.06623594,0.026489722,0.8178611,0.15564919
3/3/20,0.5409514,0.23071319,0.22833535,0.14776553,0.25319567,0.59903884
3/3/22,0.32839578,0.009864342,0.6617398,0.1168174,0.009792286,0.87339026
3/4/22,0.94912374,0.032129698,0.018746585,0.9475,0.03133477,0.02116513
3/4/23,0.7148903666666667,0.029033414666666663,0.2560762956666667,0.6746291466666667,0.039156970666666666,0.286213914
3/4/24,0.010041206,0.97293484,0.017024003,0.010811153,0.96832764,0.02086113
3/5/21,0.25483041,0.09760134000000002,0.6475682533333333,0.1559066166666667,0.31472616866666664,0.5293672766666666
3/5/22,0.042707592,0.106020324,0.8512721,0.020809822,0.49611723,0.48307303
3/5/23,0.95627415,0.025494503,0.018231424,0.9464165,0.029885612,0.023697818
3/5/24,0.04189107,0.041490912,0.91661805,0.055144943,0.026514266,0.9183408
3/6/21,0.008889224,0.9680426,0.023068115,0.014591238,0.9277201,0.057688523
3/6/22,0.4381372575,0.492573484,0.069289244,0.267990175,0.5111013165,0.220908488
3/6/23,0.031855557,0.6826912,0.28545326,0.04039061,0.69462544,0.264984
3/6/24,0.45807043,0.41622016,0.12570937,0.16932221,0.52357817,0.30709964
3/7/22,0.00677825,0.97514695,0.018074833,0.006631471,0.97396684,0.01940161
3/7/23,0.5122530949999999,0.1531112985,0.3346356,0.53174594,0.090927902,0.3773261105
3/7/24,0.012751731,0.9392822,0.04796606,0.032041624,0.71738017,0.25057825
3/8/21,0.044782843,0.016924998,0.9382922,0.041416578,0.017537195,0.9410462
3/8/22,0.0699639,0.053090647,0.8769455,0.06926272,0.026008869,0.90472835
3/8/23,0.008864874,0.939585,0.051550094,0.012012295,0.8901171,0.09787059
3/8/24,0.018902862,0.92278546,0.058311686,0.022925653,0.86207247,0.1150019
3/9/20,0.11355942299999999,0.030680312,0.855760225,0.064535495,0.0574355165,0.878028985
30/1/20,0.9070956,0.026599377,0.0663049985,0.5754649900000001,0.0235734675,0.400961565
30/1/21,0.27990894000000005,0.025799990666666665,0.6942911,0.2581921166666667,0.022989259333333335,0.7188186433333333
30/1/23,0.4309533775,0.498454355,0.070592235,0.4358256425,0.46643770500000004,0.0977366
30/1/24,0.099028819,0.419361547,0.48160961733333335,0.0670362538,0.462678659,0.4702851016666667
30/10/19,0.3080818,0.040076643,0.65184146,0.121409215,0.06803967,0.8105511
30/10/21,0.92291653,0.041487936,0.0355955,0.92246574,0.037330694,0.040203635
30/10/22,0.007882803,0.9482577,0.043859534,0.007914607,0.928952,0.063133456
30/10/23,0.48416937666666665,0.09833092433333333,0.4174997266666667,0.3356621016666667,0.18406454366666666,0.48027335833333334
30/11/20,0.55032591,0.01231143675,0.43736267,0.558086825,0.01346327175,0.42844992000000004
30/11/21,0.58849293,0.015948964,0.39555803,0.3008098,0.013910229,0.68527997
30/11/23,0.08067973,0.3712145585,0.54810571,0.08343529,0.3344370775,0.5821276599999999
30/12/22,0.10741733525,0.30951197599999997,0.583070687,0.13541373175,0.28536506375,0.5792211975
30/3/20,0.023999648,0.042316724,0.93368363,0.017501116,0.053657368,0.9288415
30/4/20,0.04193349,0.06907008,0.8889965,0.026585944,0.06544926,0.9079648
30/4/21,0.0386534845,0.55891439,0.402432095,0.0293155445,0.53871541,0.43196903
30/4/22,0.030881650666666666,0.28138683033333334,0.6877315266666667,0.038473613,0.10847645900000001,0.8530498999999999
30/4/24,0.022553064,0.46029374,0.5171532,0.022542655,0.28452167,0.69293576
30/6/22,0.029326547,0.064170934,0.9065025,0.024125423,0.041571114,0.93430346
30/6/23,0.032767568,0.05919035,0.9080421,0.026643425,0.1198141,0.8535425
30/7/20,0.07289116,0.043451518,0.8836573,0.046356358,0.03774243,0.9159012
30/7/21,0.04449414,0.10683984,0.848666,0.0258425,0.06074462,0.9134129
30/7/24,0.041726764,0.10004,0.8582333,0.02687849,0.059595753,0.9135257
30/8/21,0.3301558,0.049420618,0.6204236,0.33203638,0.045949817,0.62201387
30/8/22,0.03472806,0.03895628,0.92631567,0.030186951,0.031286787,0.9385263
30/9/22,0.009310616,0.9674288,0.023260599,0.00986262,0.96203816,0.028099226
31/1/23,0.1916119715,0.5582010550000001,0.25018698699999997,0.132857003,0.531458345,0.3356846275
31/1/24,0.015261584,0.9097285500000001,0.0750098635,0.021753811,0.83958585,0.138660392
31/10/22,0.037375,0.518645,0.44397998,0.04494531,0.3744486,0.5806061
31/10/23,0.327456919,0.4878884026666667,0.1846546623333333,0.33537513833333327,0.4736442066666666,0.19098066333333333
31/12/19,0.7040577,0.053680304,0.24226193,0.60250586,0.03211425,0.36537996
31/12/20,0.16404152,0.018084263,0.81787425,0.07366954,0.02424591,0.9020846
31/12/21,0.011206303,0.9265352,0.06225849,0.010707097,0.9073712,0.08192164
31/12/22,0.00737381,0.96861714,0.024009103,0.007322818,0.96414423,0.028532906
31/3/21,0.053076538,0.0617369825,0.88518645,0.025616297,0.047563169,0.926820525
31/3/23,0.8891593,0.013742194,0.09709851,0.8307004,0.018162524,0.1511371
31/3/24,0.049187727,0.055210873,0.89560133,0.05285438,0.039652072,0.90749353
31/5/22,0.02382666,0.8074833,0.16869009,0.027142804,0.8273179,0.1455393
31/5/23,0.063557975,0.781907825,0.154534128,0.097018842,0.49297040999999997,0.41001074
31/5/24,0.09845399,0.026310107,0.87523586,0.056358755,0.02172299,0.9219183
31/7/21,0.5194422,0.013719003,0.46683884,0.18120734,0.01207782,0.80671483
31/7/24,0.056285303,0.33747602,0.60623866,0.062036954,0.18805484,0.7499082
31/8/23,0.630709615,0.031424997999999996,0.3378654435,0.482250685,0.08644917399999999,0.431300145
4/1/20,0.44558245,0.1327616,0.4216559,0.17403409,0.10488729,0.7210786
4/1/21,0.026206654,0.8663885,0.10740486,0.03856325,0.8524995,0.10893722
4/1/22,0.2474478235,0.28377457,0.46877762,0.360469741,0.247591181,0.3919391
4/1/23,0.0098971715,0.9697859849999999,0.020316901499999998,0.0093457905,0.9690032,0.021650930999999998
4/1/24,0.01658206,0.94950248,0.033915533,0.012726399499999999,0.949725265,0.0375483945
4/10/21,0.026703062,0.50840497,0.46489197,0.025103891,0.38962382,0.58527225
4/11/19,0.02269264,0.71467966,0.26262766,0.041650236,0.45421916,0.5041306
4/12/19,0.0377022,0.3055296,0.65676814,0.02154421,0.16777167,0.8106841
4/2/20,0.9490822,0.023411235,0.027506558,0.9467179,0.023204679,0.030077407
4/2/21,0.34447932,0.01696635,0.63855433,0.44233984,0.01750062,0.5401596
4/2/22,0.9514435,0.022899587,0.025656935,0.9368368,0.018458216,0.044705078
4/2/23,0.032508362,0.76050735,0.20698433,0.039790854,0.6825348,0.2776744
4/3/20,0.17577556,0.56129164,0.26293284,0.07053742,0.79721093,0.1322517
4/3/22,0.44042499999999996,0.0166823715,0.54289269,0.22052673,0.01664013,0.7628331500000001
4/3/23,0.74213266,0.015321158,0.24254622,0.58025616,0.017691346,0.40205246
4/4/22,0.034166858,0.0595892,0.9062439,0.03660224,0.069328494,0.8940692
4/4/23,0.02677503666666667,0.7436598533333333,0.22956506333333335,0.030035550000000005,0.5858694666666667,0.38409495999999993
4/4/24,0.0151477915,0.9382879,0.0465643015,0.0145934375,0.943528055,0.04187846
4/5/20,0.029295865,0.08279118,0.88791305,0.024314746,0.07508621,0.900599
4/5/21,0.037886709,0.1039695015,0.8581438100000001,0.0347219365,0.115306427,0.84997162
4/5/22,0.059264332,0.017558834,0.9231768,0.038308922,0.020350032,0.94134104
4/5/24,0.052032683,0.69457644,0.25339094,0.03740874,0.79292697,0.16966435
4/6/21,0.3275361746666667,0.6397928713333333,0.03267097733333333,0.32583953066666665,0.6123873216666667,0.06177320766666666
4/6/22,0.02946941,0.54315381,0.427376794,0.0239218585,0.5035355715000001,0.4725425725
4/6/24,0.44088913,0.062002262,0.49710855,0.36314227,0.140806553,0.49605118000000004
4/7/24,0.17625204,0.03628706,0.78746086,0.13846894,0.025106046,0.83642507
4/8/20,0.031322711,0.306561065,0.66211625,0.038987543,0.168952065,0.792060385
4/8/21,0.60398287,0.027510153,0.3685069,0.40018907,0.044669528,0.5551414
4/8/22,0.062229479075000003,0.39692252749999996,0.540848026,0.044808819,0.41539928750000005,0.53979189975
4/8/23,0.009793619,0.9632887,0.026917653,0.012355681,0.943233,0.04441123
4/9/21,0.022128321,0.8481811,0.12969048,0.018322596,0.84204865,0.13962878
4/9/22,0.37707222,0.012974249,0.6099535,0.33846113,0.013025651,0.6485132
5/1/21,0.0073822984,0.9657273,0.026890304,0.007989635,0.9653028,0.026707556
5/1/22,0.1805886946666667,0.30059526583333335,0.5188160466666667,0.11517505766666668,0.29778529766666667,0.58703963
5/1/23,0.00710105,0.9724655,0.02043343,0.008141358,0.9722539,0.01960465
5/1/24,0.011668442,0.9644876,0.023843901,0.020757394,0.9481711,0.031071471
5/10/21,0.014224413,0.88702801,0.09874758700000001,0.015389894333333334,0.8758241999999999,0.10878595533333334
5/10/22,0.14091615,0.055690646,0.80339324,0.06778457,0.05575492,0.8764605
5/10/23,0.25668830133333337,0.5546808486666667,0.18863081333333334,0.18241718466666668,0.5628521596666667,0.2547307266666667
5/11/19,0.06401046,0.108353205,0.8276364,0.048425566,0.24480534,0.70676905
5/11/20,0.05373456,0.111367814,0.83489764,0.05560543,0.11352427,0.83087033
5/11/23,0.16369466,0.395849,0.4404564,0.085538305,0.5292803,0.3851814
5/12/19,0.9187055,0.01162587,0.06966861,0.8663503,0.017254705,0.11639502
5/2/20,0.25362106199999995,0.37667495333333334,0.36970399433333334,0.09801717833333333,0.3396499823333334,0.5623327916666666
5/2/22,0.0438635,0.021583933,0.93455255,0.036967263,0.022998348,0.94003433
5/2/24,0.24422470766666668,0.6470732756666666,0.108702042,0.2207066665,0.6410186533333334,0.138274705
5/3/20,0.85133004,0.00917589,0.13949406,0.78197837,0.012127103,0.20589457
5/3/21,0.008074369,0.9689484,0.022977231,0.008191474,0.96842605,0.023382576
5/3/24,0.0580006855,0.89356765,0.0484316935,0.0372354095,0.91325755,0.049507026
5/4/21,0.055986732,0.4992109,0.44480234,0.060920257,0.47557148,0.46350828
5/4/22,0.078694625,0.49250067025,0.4288046715,0.07564345,0.49151387950000003,0.4328426875
5/4/23,0.03296856,0.59085107,0.37618035,0.02346175,0.67627686,0.30026135
5/5/21,0.40214078849999996,0.0369680675,0.560891135,0.321750849,0.0430144725,0.63523469
5/5/22,0.11020991266666667,0.36301966266666663,0.5267704366666667,0.08873631333333332,0.41165706,0.49960664200000005
5/6/23,0.1195836,0.8503985,0.03001787,0.17967683,0.778966,0.041357137
5/6/24,0.067913644,0.24878089,0.6833055,0.088147946,0.023685073,0.888167
5/7/22,0.027672645,0.829096,0.14323123,0.028272381,0.8614716,0.110256046
5/8/21,0.12972613,0.21830063,0.65197325,0.1511498,0.060761347,0.7880888
5/8/22,0.432901368,0.4521507795,0.114947865,0.43017690750000004,0.444610373,0.125212735
6/1/21,0.51450052,0.075518173,0.40998128,0.161583655,0.396005002,0.442411351
6/1/22,0.032564133,0.299621455,0.66781439,0.034729283,0.253792362,0.711478355
6/1/23,0.44233769450000004,0.486220492,0.0714418025,0.40885701399999996,0.4854845445,0.105658438
6/1/24,0.24360155,0.4306752,0.32572326,0.121804304,0.39077336,0.4874223
6/10/22,0.10062474,0.09338376,0.80599145,0.066733502,0.040133761000000004,0.8931327849999999
6/10/23,0.29372942,0.053980876,0.6522897,0.329576,0.033043776,0.63738024
6/12/19,0.32756737133333336,0.29628292733333333,0.3761497266666667,0.31668420633333333,0.13326234550000002,0.5500534766666666
6/12/21,0.017892716,0.90544262,0.076664588,0.028961458500000002,0.807454495,0.163584073
6/2/20,0.47841939149999996,0.21398493,0.30759565499999997,0.48557049,0.1781078295,0.3363216515
6/2/23,0.10731665,0.020491447,0.87219185,0.0522945,0.02679769,0.9209078
6/3/21,0.21902947,0.44688934,0.33408114,0.068281464,0.35965002,0.5720685
6/3/24,0.0427342485,0.08101826150000001,0.8762475,0.0412127385,0.08775854,0.871028685
6/4/20,0.13484931,0.11471548,0.75043523,0.13128075,0.1651753,0.70354396
6/4/21,0.78099847,0.0131954085,0.20580615,0.8008453,0.009701047,0.1894537
6/4/22,0.07399765,0.43209032999999997,0.49391193,0.051232573000000003,0.45069162900000004,0.49807583
6/4/23,0.044460855,0.04060618,0.91493297,0.045473803,0.028988143,0.92553806
6/4/24,0.022505943,0.92686087,0.05063327,0.017360587,0.9333512,0.04928824
6/5/21,0.0768873675,0.46852047,0.454592153,0.0725597565,0.450643535,0.476796785
6/5/22,0.015043874833333333,0.9359781866666667,0.04897789233333333,0.017880795,0.8642915200000001,0.11782768833333335
6/5/23,0.014732143,0.88786775,0.09740015,0.01406095,0.8968644,0.08907461
6/6/22,0.021640587333333332,0.75608587,0.22227355866666665,0.0218983625,0.6270410000000001,0.35106058
6/6/23,0.11031037,0.53358454,0.35610515,0.14888282,0.6473602,0.20375696
6/7/21,0.012512210125,0.9224036475,0.06508415225,0.012659894,0.9164970450000001,0.0708430475
6/7/23,0.9467593,0.029424116,0.023816573,0.9416837,0.031610373,0.02670592
6/7/24,0.49688205,0.11262465,0.39049336,0.25279424,0.04525048,0.7019553
6/8/20,0.08968019,0.013791135,0.89652866,0.09125232,0.011878325,0.8968693
6/8/21,0.043656906999999995,0.50145618,0.454886925,0.047008087000000004,0.52271495,0.43027690500000004
6/8/22,0.012800534,0.9087016,0.078497924,0.010924235,0.93348956,0.05558621
6/8/23,0.31114438,0.48483706,0.20401867,0.07979297,0.61346126,0.3067458
6/9/23,0.009554238,0.9388167,0.05162901,0.00941643,0.9413836,0.049200002
7/1/21,0.043454383,0.051769793,0.9047758,0.021374559,0.03800643,0.94061905
7/10/21,0.3278158266666667,0.023106605333333335,0.6490775933333334,0.13578289266666665,0.020294452333333334,0.8439226466666666
7/10/22,0.217601985,0.062644553,0.7197534699999999,0.201076178,0.0340832465,0.764840575
7/10/23,0.343869288,0.62882137,0.0273093385,0.2098936675,0.75151317,0.03859321
7/12/21,0.10506950500000001,0.1200610575,0.77486945,0.06553312,0.0632539555,0.8712129
7/12/23,0.010572714,0.95039475,0.03903257,0.01139328,0.95486194,0.03374475
7/2/21,0.087492794,0.17782505,0.73468214,0.08985841,0.12968192,0.78045964
7/2/22,0.25779817,0.06955262,0.67264926,0.1437703,0.47576606,0.38046372
7/2/24,0.008211967,0.97103195,0.020756066,0.0078598478,0.9698739249999999,0.022266253
7/3/22,0.21572207066666668,0.630277891,0.15400000666666666,0.21849200066666666,0.6374574226666666,0.14405055666666666
7/4/21,0.016265085,0.8589247,0.124810256,0.019641984,0.7708942,0.20946386
7/4/22,0.252154879,0.1947067075,0.553138475,0.22055099299999997,0.08501695100000001,0.694432015
7/4/23,0.012142502,0.84089327,0.14696419,0.012144217,0.83589214,0.15196368
7/5/20,0.122591965,0.012776417,0.86463165,0.11191691,0.011662083,0.87642103
7/5/21,0.34650565333333333,0.11750350333333333,0.53599081,0.25503706,0.08273119000000001,0.66223177
7/5/22,0.053495126000000004,0.2636092233333333,0.6828956633333334,0.03805166133333333,0.36760880999999995,0.5943395666666667
7/5/24,0.37118518333333334,0.07815101733333334,0.5506638053333334,0.347517891,0.038110612999999995,0.6143714966666667
7/6/22,0.20307424750000003,0.4802164075,0.316709338,0.19001236300000002,0.476635441,0.333352205
7/6/23,0.13300151200000002,0.063759943,0.8032385,0.072906362,0.111879859,0.8152137500000001
7/7/20,0.159882835,0.032806150500000006,0.80731102,0.09914637300000001,0.0295924475,0.87126121
7/7/23,0.010188452,0.9638132,0.025998335,0.009738303,0.9549328,0.035328943
7/8/20,0.048695657,0.014882312,0.93642205,0.04926094,0.01494547,0.9357936
7/8/24,0.043794993,0.4230987,0.53310627,0.03601354,0.24223185,0.72175467
7/9/23,0.007378413,0.97151315,0.021108495,0.007998824,0.9692221,0.022778958
7/9/24,0.034908175,0.4971181,0.46797374,0.053283405,0.18630901,0.76040757
8/1/21,0.037335707,0.4459428435,0.516721465,0.030886468,0.45151295350000004,0.517600607
8/1/22,0.032398336,0.8101087,0.1574929,0.040186286,0.41026345,0.5495502
8/1/24,0.007803328,0.975031,0.017165774,0.00930205,0.971984,0.018714003
8/10/21,0.051047392,0.025496319,0.9234563,0.053367455,0.020028051,0.9266045
8/10/22,0.012316804,0.94622743,0.04145577,0.013136828,0.916997,0.06986615
8/11/21,0.0326675935,0.14309887500000001,0.82423357,0.029506645999999997,0.068308755,0.90218463
8/11/22,0.014266885,0.91641307,0.06932004,0.015638502,0.8982544,0.0861071
8/11/23,0.31993157433333336,0.6371404483333333,0.04292797266666667,0.3336675743333333,0.6138368083333333,0.052495594
8/12/21,0.143553615,0.0142763265,0.84217005,0.084079076,0.022150313999999997,0.89377057
8/12/23,0.008986806,0.94283813,0.048175152,0.011641152,0.9229285,0.06543032
8/2/20,0.02877300125,0.48632446,0.48490253149999996,0.026154098,0.471247558,0.502598395
8/2/21,0.28242433333333333,0.19368951766666667,0.5238861266666667,0.23001082399999997,0.14492123266666668,0.62506796
8/2/22,0.020396051333333335,0.8843385166666667,0.09526544666666666,0.016679532666666667,0.9031406666666667,0.08017978866666667
8/3/21,0.08545132,0.036190838,0.8783578,0.054765806,0.11034053,0.8348937
8/3/23,0.010423865,0.93124896,0.05832721,0.013536792,0.87265015,0.11381307
8/3/24,0.27502407900000003,0.47989425,0.24508169500000002,0.238583484,0.477426555,0.28398989
8/4/21,0.1494554,0.014004814,0.83653975,0.10198729,0.012757218,0.88525546
8/4/22,0.095686176,0.58555396,0.3187598825,0.0526623,0.55974267,0.387595089
8/5/20,0.024002165,0.047912944,0.9280849,0.016824253,0.055630367,0.92754537
8/5/21,0.013303737,0.8707668,0.11592942,0.01608387,0.74849486,0.23542123
8/6/21,0.047711346,0.80260533,0.14968331,0.041540258,0.81967354,0.13878618
8/6/22,0.08085441,0.123242635,0.795903,0.05014354,0.134621532,0.8152349249999999
8/6/24,0.038392983,0.8270073,0.13459964,0.0440924,0.7575035,0.1984041
8/7/20,0.022401107,0.7753567,0.20224227,0.03075987,0.69702405,0.27221605
8/7/23,0.030065244,0.82753146,0.14240323,0.03300649,0.7879959,0.17899767
8/8/20,0.031871714,0.65964603,0.3084823,0.028390676,0.63354266,0.33806664
8/8/23,0.11759785750000001,0.020303987500000002,0.8620981249999999,0.0705648225,0.0208710395,0.90856415
8/9/21,0.0647497,0.07358800950000001,0.8616623,0.056238405500000005,0.0516545675,0.89210705
8/9/23,0.047339454,0.5237365,0.42892396,0.0344256,0.6755077,0.2900667
9/1/20,0.074312806,0.10359635,0.8220908,0.04536743,0.06516556,0.889467
9/10/19,0.06392203,0.04526921,0.89080876,0.07904259,0.030559625,0.8903977
9/10/21,0.094713986,0.019622596,0.8856634,0.072436824,0.023409987,0.9041531
9/11/20,0.25318804,0.014028673,0.73278326,0.18448102,0.014354071,0.80116487
9/11/21,0.5635285,0.009559576,0.4269119,0.46648732,0.010491107,0.5230216
9/11/22,0.349151339,0.34107427833333337,0.30977438500000004,0.3259925176666667,0.34379467366666666,0.3302127833333333
9/11/23,0.11083845,0.8451749,0.043986626,0.17499077,0.75631076,0.068698466
9/12/19,0.018309988,0.7941324,0.18755762,0.016503775,0.85547656,0.12801966
9/12/20,0.0430260695,0.1637493905,0.793224565,0.043701274,0.2599841735,0.69631452
9/12/21,0.11916358666666667,0.5700086086666667,0.31082778,0.200664588,0.41321096666666673,0.3861244666666666
9/2/21,0.31063489566666663,0.18553757883333333,0.5038275165,0.3054556353333333,0.18080868283333332,0.5137356933333334
9/2/22,0.017120197,0.93818736,0.044692397,0.026366051,0.8998835,0.07375041
9/2/24,0.10004018,0.056227706,0.8437322,0.06268884,0.035514697,0.90179646
9/3/21,0.09559199,0.23515823933333335,0.66924977,0.11742313166666667,0.15065186,0.7319250333333334
9/3/24,0.19383007000000002,0.391069657,0.41510033,0.165627767,0.35302139800000004,0.481350815
9/4/21,0.009383689,0.9529725,0.03764378,0.012377436,0.9056935,0.08192911
9/4/24,0.12476146066666667,0.3653842133333334,0.5098543566666667,0.12037463633333334,0.3555990466666667,0.52402632
9/5/20,0.011965306,0.9371573,0.050877433,0.019111142,0.8223172,0.15857169
9/5/23,0.16370562,0.080314994,0.75597936,0.12828334,0.03534973,0.8363669
9/5/24,0.038141586,0.047504414,0.91435397,0.024846453,0.043831006,0.9313225
9/6/20,0.038632527,0.17763096,0.7837365,0.037860345,0.12593518,0.8362044
9/6/21,0.32570021666666665,0.017155175333333335,0.6571446133333333,0.13015311466666665,0.014474958000000001,0.85537192
9/6/22,0.13199885266666667,0.3401904873333333,0.5278106633333334,0.09488605866666666,0.19604412433333332,0.7090698133333334
9/6/23,0.39307907000000003,0.1683373795,0.43858354,0.281822325,0.063547622,0.65463005
9/8/22,0.06157236,0.22192286,0.7165049,0.0701544,0.10285689,0.8269887
9/9/20,0.06460308,0.097977996,0.8374189,0.05675653,0.021829734,0.9214138
9/9/21,0.07517547,0.014509997,0.9103145,0.08708498,0.01117715,0.9017379
9/9/22,0.7635967,0.009087889,0.22731538,0.50475645,0.01103769,0.4842058
9/9/23,0.0206447375,0.6346621,0.34469316,0.018829683,0.56416301,0.417007267
